Error in sitecustomize; set PYTHONVERBOSE for traceback:
ModuleNotFoundError: No module named 'wrapt'
{"event": "run_started", "run_id": "d397619794a746729b55916f42ac4137"}
{"event": "worker_started", "run_id": "d397619794a746729b55916f42ac4137"}
{"event": "worker_started", "run_id": "d397619794a746729b55916f42ac4137"}
{"event": "worker_started", "run_id": "d397619794a746729b55916f42ac4137"}
{"event": "run_finished", "run_id": "d397619794a746729b55916f42ac4137"}
{
  "activation_allowed": false,
  "budget": {
    "candidate_cooldown_seconds": 60.0,
    "continuous_gpu_limit_seconds": 6.0,
    "cooldown_seconds": 119.87511,
    "duty_cycle_limit": 0.25,
    "gpu_work_limit_seconds": 120.0,
    "gpu_work_seconds": 99.808002,
    "max_continuous_gpu_seconds": 1.964473,
    "required_break_limit_seconds": 4.0,
    "required_break_seconds": 460.013711,
    "wall_limit_seconds": 1200.0,
    "wall_seconds": 892.159004
  },
  "evaluation": {
    "activation_allowed": false,
    "per_limit": {
      "1": {
        "aa_max_abs_deviation": 0.10784241922506199,
        "classification": "inconclusive",
        "cluster": {
          "ci_high": 1.018662057977771,
          "ci_low": 0.9813796871209338,
          "median_ratio": 0.993971035712146,
          "pairs": [
            0.993971035712146,
            1.018662057977771,
            0.9813796871209338
          ]
        },
        "mechanism_forward_delta_observed": true,
        "noise_threshold": 0.323527257675186,
        "signal": false
      },
      "32": {
        "aa_max_abs_deviation": 0.036808817469647814,
        "classification": "inconclusive",
        "cluster": {
          "ci_high": 1.009233243170853,
          "ci_low": 0.9755829764817088,
          "median_ratio": 0.9910904931519049,
          "pairs": [
            0.9910904931519049,
            1.009233243170853,
            0.9755829764817088
          ]
        },
        "mechanism_forward_delta_observed": true,
        "noise_threshold": 0.11042645240894344,
        "signal": false
      },
      "8": {
        "aa_max_abs_deviation": 0.11851312256709501,
        "classification": "inconclusive",
        "cluster": {
          "ci_high": 0.9980188826160894,
          "ci_low": 0.9765837859033792,
          "median_ratio": 0.9892651537951535,
          "pairs": [
            0.9892651537951535,
            0.9765837859033792,
            0.9980188826160894
          ]
        },
        "mechanism_forward_delta_observed": true,
        "noise_threshold": 0.355539367701285,
        "signal": false
      }
    },
    "performance_claim_allowed": false,
    "reasons": [],
    "verdict": "inconclusive"
  },
  "identity_after": {
    "code_files": {
      "friday_evidence/__init__.py": "7c7fd52a3137136f800df2577d1db68d2f315a59905723a0821d43f89d0060d9",
      "friday_evidence/budget.py": "82b754575fb42db29138173c01014a07470dbf27f474173b911775f65f518e1e",
      "friday_evidence/canonical.py": "c743fffabf400e7e84db8f495b86ac19ad575620d7b810ca75ebc77aee291c72",
      "friday_evidence/cli.py": "62eaf5337ee4bfe0e24b20e12e43a4527da2d55ea5c131a80149e2ca10a71698",
      "friday_evidence/dashboard.py": "be7a9623bd4034ad4c55be1edfd7b5741ae1ad2c0e7beb78328f7c8dde69257b",
      "friday_evidence/events.py": "c94052e72ca123af7e13fb2f68d462fbcdae74cbe993c71a7138a19872e6828e",
      "friday_evidence/identity.py": "2441bf589b5707c157a323357f03b8197fbdf28ae90c2994d555fbe4a6d78db9",
      "friday_evidence/legacy.py": "fcaa79a1991c25341b518636591b01dde8e24b388da102417c5eff5d858ad86b",
      "friday_evidence/open_observation.py": "2dbdf79e72fda080990a5af3483a8a4942b8b08b0afa743970dab54eb50935cd",
      "friday_evidence/portable/__init__.py": "910de2133c7bde1ac1ef6a251b1b8e733f13a493005d75df8c93f924785ea4eb",
      "friday_evidence/portable/access.py": "428a28dc4fde07ddacc51a2773b0121d2f095801c639f11b58a6b7b3b1b6a351",
      "friday_evidence/portable/backends.py": "6cfb66bcd1d9f72d0026b7eefd6405fe0caadcfcc0a44d2f9230765010b186fa",
      "friday_evidence/portable/bundle.py": "7415d085b6b2c8768c556e8a882cd6c0cddd1fbc9ca342a272642475ba6a078c",
      "friday_evidence/portable/capture.py": "8426a7b5ad6b9514752fec74a7a00ce70a2fa2e2324ed7f87203960ad7c578a2",
      "friday_evidence/portable/cli.py": "a8d2787b67eec6e190c57199a0efbf91cb8dbc1b753e5293e888bfc6e72e462f",
      "friday_evidence/portable/contracts.py": "d08112b7aa3839f3fd7fd8273b5991d6b70c613ba935cb929fdf894783ab2876",
      "friday_evidence/portable/corpus.py": "94fe5caf69a5d1f0dd994394ec3558c82729b8e518c53841dcbcfebf7067f85f",
      "friday_evidence/portable/credentials.py": "f61d416a88620321254d6a3587effb080b86beebd7daccc44ab91cc0b09553fc",
      "friday_evidence/portable/dashboard.py": "29ff61b236d08bac1f6a1e8e21d0ba8253f4515c1f8c789f6baa23f0109f894b",
      "friday_evidence/portable/kaggle.py": "f503165626141c63bc710f9778c6869ceeb275a01d9ecd35fecd3229fa6d9e29",
      "friday_evidence/portable/kaggle_probe.py": "ff5b393027416c6a4058eb95bc89df2be41bf8bee29700b52fd6955b8f2d26b3",
      "friday_evidence/portable/learning.py": "bb4427c888314383ce17bfaa8ff0727f18406cea212eb2b1f1a6cd405cfc3071",
      "friday_evidence/portable/objectives.py": "785e18b2c7982fcfe65dee2c285997b10e5332577ccba4efe48427a0dd28bd03",
      "friday_evidence/portable/quota.py": "22a1a12d61fd9579ee4ed863a160e23bc7b3114e0e41c334ef477a7cd0d91790",
      "friday_evidence/portable/runner.py": "b953044be36ad04f82139e870ea4d15b6c501ed16e78cedff789b9e91542bcf1",
      "friday_evidence/portable/supervisor.py": "d7a4c0b5b6a28bfdda1cfedabc8d52a48604bb82dbefb35f979a971e92cdee27",
      "friday_evidence/process_memory.py": "188baab996214f3a89d8990c6337429052ff6a76c93da6569fa51a202523b613",
      "friday_evidence/provenance.py": "1ffa5eaed25e46dc15869014f3b76482717096a1c61094dbd3555bf7a8957792",
      "friday_evidence/registry.py": "0f8478aa1e12bcc98b21b4f97236ca9cfbe1b4a85ad9d91b1018c585f7746626",
      "friday_evidence/run.py": "65a03eb139cd55cd3afd50f9af9c7e03bbb9b634ba7dea836686a4afc22cc259",
      "friday_evidence/ssot.py": "468b4056b031ad2875fec8c72641895c3a449ec0968a547ab0d4fc5f594713e7",
      "friday_evidence/statistics.py": "40eb9f28edee4236c5656b84f4409f95bfa98ae60c83d4c5b5f09958aa6a61b4",
      "friday_evidence/storage.py": "ff746ab89d2e6b3c875fa97572ca78ebdc419c2d045ca2e6514a441456d25035",
      "ironmule/__init__.py": "07312b275c0042e9719458f4caffd95473c1cc3d1aed235c399e492bbed9f741",
      "ironmule/_version.py": "dcd5c888a54f0ac08d773e2df692a47f603be7f1b8a43beae09c439513cc4bca",
      "ironmule/ab.py": "4defd5379aa7692f6ffb03345ef9a52fa6d6caca3fa4a30fc71cb6983f403b93",
      "ironmule/activation.py": "02fb9cb674d2bc73f7b9ef733a23064810e28d1575d20ac8afd47c4ff04201f5",
      "ironmule/adaptive.py": "d5769626989d845481d40c6de30d5c3ad38223e174803f325c2ddaab8f04a9f0",
      "ironmule/bench.py": "20b249dff1285c0683e2435e4066ca5023164bb4dbdb99fe6def3ebcb7563086",
      "ironmule/benchmark.py": "cc2f0ffd1d49c0576fa459c114074ca8b5a493f540aa79d97b9241a28ca41600",
      "ironmule/characterization.py": "ff97a26abb6c406506e46d0d5a5476f64bd1ed8a61e0b4d0f145463627c009f5",
      "ironmule/evidence.py": "d605eecdf43e460e7a355aa63333380fb6b633ac098cb2848a0474338de74b74",
      "ironmule/executor.py": "191407a80180e2f2b4a2f2ceef4fa7d7460de4a08752d8cf2adf2d55b5927a31",
      "ironmule/fast.py": "86f514f9e954330b32352f387a540b4c3e9464cc35bbcf281ced907b5ee5bc40",
      "ironmule/fingerprint.py": "7901eb4e875d95811b876e311e1a053e41145898d33da5acb6b976dec2cd928e",
      "ironmule/hw.py": "dcde0c7fc2d07f6ddce0d9cc63fa476ff90b0a23cf3a5eedf744cb209a65f01b",
      "ironmule/kernel_registry.py": "a61dc25f0240e75eefff85d4a70358484835ce4cee902d32271367617553813b",
      "ironmule/local_learner.py": "a38d1ff310a72c6be4e6426372c0994dbfb8dad9e50d40c8cd87e49bad2fa531",
      "ironmule/model_identity.py": "77a6222c4dd56b048c0b0f387e5be90da35c431db6f127c3e2bc33eaf498c47e",
      "ironmule/monitoring.py": "794f1ed41dc2693c0cda5f6dfe1f3378091396f4f8f822770f0c90cf912dce3a",
      "ironmule/paired_research.py": "c6d918ad3a5ba826e17d5641221fe2b7be3e3d98c2715b48ef787e5c2c1a13e5",
      "ironmule/plans.py": "148d5d9e5e223741c880d55f19fb9f04fbc79549128c81a6f25837ec8209cf6a",
      "ironmule/q3f_child_guard.py": "983ed9f27b91e48c100ca1dc0193bf53e46bce2fe57364a9bc0ad880cad44a19",
      "ironmule/q4_contracts.py": "1011145d49a3269fa42bcdb2df6ebeb8fae853f767b96a4dc93c0cc264f7c236",
      "ironmule/q4_corpus.py": "d69a5f076d6b8664fc90c996af927ea7cf48c9b80f6cddff8ecb00a94a09ec4e",
      "ironmule/q4_foreign.py": "fcf3e63b24d12f697765a9ade1b6a4ba1a1986170bfd689002b5944fae0eb6d3",
      "ironmule/q4_methods.py": "5f96a9216a675cca1ba86b34a070395448af6bd5d363c653fd5d2e53cb720880",
      "ironmule/q4_optimizer.py": "cc9c42cb11ba8f717b9d3d0a11ffd29a6420f5c567aa167954bf7d660e31bfd6",
      "ironmule/qmv_fast_shared.py": "9d5936d0e6bd924ffb6d3016ca6e640c070e588b44923b51db60774d46718a3b",
      "ironmule/qmv_k3840.py": "3a13d2ab2c5de60ca7da32c5135db44d30da6ea8e0119c9e4383cee057ea200d",
      "ironmule/qmv_shared.py": "d4115b5866fce9cf47de9b477e8a347c8fb7613a6616996b8bb3007dd524fe2f",
      "ironmule/qmv_variant.py": "c9c4025a49961b75e8131ed52e6e629ca88628c420633c07df0449a2e999f41e",
      "ironmule/readiness.py": "3ea8a9d5ec71c4476673e1032203907fdf2a8ec178ac4ea5a643258c9070cf3a",
      "ironmule/requalification.py": "35ee166d7847123a3873fefeaacd0eedb22800fac2dea07159d43d5326fd3baa",
      "ironmule/router.py": "db44eb100c069c45921a6bafa95771f100f397830291091ef907d240fe785d07",
      "ironmule/runtime.py": "c6ff5704a51ec90ea9646a0e5ed70d981fef08c4393de587d5c5c4efb3287836",
      "ironmule/service.py": "99b37890587d569b78f38954b4821a462b0913103a6df4f614e3ae0170c9979f",
      "ironmule/service_strategy.py": "d456a3c3f77575f4353672555f22d09137ea39b9171d7744eb0e90a3fb869fa7",
      "ironmule/silicon_profile.py": "7350f71fe1004074782c974b63bedd8359927e05fae235f8bb20d6f607cc5a13",
      "ironmule/stacks.py": "b7310dd746e69a0f0013ec4fa5fefa668ab1a908ed0e2cf992a428963b476e58",
      "ironmule/telemetry.py": "e7edc2aba76d19c56f073d7f5311e7dff9f87d5c41ce2d5f670e21a81630a987",
      "ironmule/tune.py": "44594482c109a275cd96af5e6ef414d07e337ef4b23c445537e6e5c6f749859b",
      "ironmule_product/__init__.py": "234717420a69333fd3931e5038d15a7eeec1585165bcc9483f289783b2de259e",
      "ironmule_product/automatic_runtime.py": "737ae3506e482c0833c68f174d00c9ae78542cf746c3c7664923d10f5965d8ce",
      "ironmule_product/backend.py": "12ef8af9f40581cd71d0fb06299a151aa8146ab08660d97b01ff22cc7d0a940c",
      "ironmule_product/calibration.py": "74a7ccfeb747df64b9e5874cb80cf3a071891e365471bd0fbab07ce82b9f903e",
      "ironmule_product/calibration_plan.py": "695b93c13897a4586a730532ba5efb6a3f235772480b3624a7e08a1f433f8f5a",
      "ironmule_product/cli.py": "0ccdb100b46fb26b50909cf29a53ded658761c1ff4cfd233acdd34e88dd4ef12",
      "ironmule_product/engine_bridge.py": "ca01a61619e703ab04bc47fde8cc9e898c9417c840308c1814dcd430d393faca",
      "ironmule_product/errors.py": "0c25c40c39c835b3de6fbe283bde58a86292e2934629b60d59a06391ec976d2a",
      "ironmule_product/evaluation.py": "f549478f74aa3dac8ff41d27548356e9b52c512dee29c0c7796829f7c58aee78",
      "ironmule_product/greedy.py": "ea68681e1f14ebeef0fa59006f832f2018796f6f13cb7ef2e20ae10b2abd23ce",
      "ironmule_product/http_server.py": "35c6d6fb1efaf041f5c62d35d451c88522ba37aad99b7c3e7814e77ff419507a",
      "ironmule_product/memory.py": "7cddf858cd2892fc3798a788a13c87fb3aece3e0a9088fa60d311536337e5b2d",
      "ironmule_product/model_policy.py": "949727782d45fad428e8b5af4036a741174a571f95319bf108d6b5f398026836",
      "ironmule_product/prefix_reuse.py": "1623c305b744ee45e402de25d0a68a881e28669f946e694ce5e4068c02912458",
      "ironmule_product/prefix_session.py": "13a5acb64268252e760b9128dc018d4a91f5de9fad9e971fdbecc8d9be33dfc7",
      "ironmule_product/readiness.py": "4be3e8c27ed82fe6634ad245798e956f9017136ba7d96bf74c754266421c3cf3",
      "ironmule_product/selection.py": "368692cdd700399dfcacd20bca30d3789ddb9f26eed08464dedfbfcbc5eecd4b",
      "ironmule_product/service.py": "c143dd8348a2697f2d2fce99d82d6911276bdbcfcc25261a71b44410be3a27db",
      "ironmule_product/state.py": "c03a988789d344a63e9926ec46850561b766505eff35e4edeb27f42c0c78f652",
      "ironmule_product/types.py": "bd51940982b36e3fd672617aec0ef632167b2ee3c77cbcbebc1663ee4c43fe2b",
      "ironmule_product/worker.py": "969991f947258c30c21c84d72787309c03a3296961d8276acdee20357a79cf9b",
      "mlx_lm/__init__.py": "f9ffa88772d26e537a98aa39ab16488a7a0d13cc1fac5d665376132c94b49608",
      "mlx_lm/__main__.py": "cc0a2e7be2522fa62570799088414b6da673369cfc6ebc75d1fb387f29a24834",
      "mlx_lm/_version.py": "f0da9bc5c5c1bf21d576f7aa67b4eda887f1c7f0666746187b493e6831c4af6c",
      "mlx_lm/benchmark.py": "31ee1bfff33bc7b87adc94f746eab8f3a6c537a286a7eacf66748875eabd1553",
      "mlx_lm/cache_prompt.py": "b2f561f47e177367499be07aa92214a70d30220a84a126a5460ab51ebab25cd8",
      "mlx_lm/chat.py": "f3d9ef0cc6dd5c2ce308f7f1b1617a4ce616bd65849de27a6792cdc25a465ff7",
      "mlx_lm/chat_templates/__init__.py": "e3b0c44298fc1c149afbf4c8996fb92427ae41e4649b934ca495991b7852b855",
      "mlx_lm/chat_templates/deepseek_v32.py": "4df892725d65d936044d70d365e9a78eb0e10f201059120c7b0b965e66f669b7",
      "mlx_lm/cli.py": "88212797d36748052adc7a7104fe51d0b45ed322c78075e6bc1b10064ee37ac5",
      "mlx_lm/convert.py": "dc60df164c2d51ee2f05f5f9f3324bc3a44a59dd2ccddb75dde680e854ce5e9a",
      "mlx_lm/evaluate.py": "15b2ad60db63f49c4f4300dad4cf5658652fe57cff94c94606ffa9d669a4f5c1",
      "mlx_lm/fuse.py": "610321cd10016ee76fcc1617bd25d753b9a66a8980d0e296ee9d18f5f901ba39",
      "mlx_lm/generate.py": "270778ad53eaca55a8533d82e6752660fe5d2605c4aa0879b48a50a91f69345f",
      "mlx_lm/gguf.py": "56b35b6f5942ff184ce9e756c94cb0e6a1d85e094f5f52ed6232d8c48cb2247b",
      "mlx_lm/lora.py": "3f188fc6aef80efcb9938678af0548588122ed25845053cc555aece0ad2da5e7",
      "mlx_lm/manage.py": "fcf74fca1b5ee12827c1104a28dfdf11204e1672ab2fdc10ed7cce51a3fdbed5",
      "mlx_lm/models/Klear.py": "ace3e8656ec00d25b89f1fbce69e7cdd4fce4629fbae01dfe7bb945c13b611c9",
      "mlx_lm/models/__init__.py": "e3b0c44298fc1c149afbf4c8996fb92427ae41e4649b934ca495991b7852b855",
      "mlx_lm/models/activations.py": "dbca5bae41ba0a8380a53903c3e98da37c1e15b46383bc2edb5806ba94fafe72",
      "mlx_lm/models/afm7.py": "04aa5558f761b7ab29798c64286e1cdd6f6580f88301cbf920c0a6b2fe1fd9f5",
      "mlx_lm/models/afmoe.py": "614473752ff0f341cbb5ebef90bcd3b8845f61125e860e4b081c6ae4454edc82",
      "mlx_lm/models/apertus.py": "b2e01af3c9a413fc3eecd44b417858cf9f7f19ab7258559df01aed1983ac126f",
      "mlx_lm/models/baichuan_m1.py": "720fbfbd794f8ae4196a76d58acbaa3174e91ab52ac830962a709dfa458eebeb",
      "mlx_lm/models/bailing_moe.py": "7ec47d3be0c4dea8c808b08dbf0cbfeaf6e407c156f453f281e702e43b7b359d",
      "mlx_lm/models/bailing_moe_linear.py": "ed69bdb69655f3160c21611d498b3a76f3c5da63aac16cfc2519d342f74887e7",
      "mlx_lm/models/base.py": "61330e1c065739cd712bfeb09d673f33797cde7e613e95bf6d9ebbee9006f373",
      "mlx_lm/models/bitlinear_layers.py": "fe64bfff02b300d965a560e33792dfd93ba4f86a121d18679f5f8550d86cf5d5",
      "mlx_lm/models/bitnet.py": "7326a010bdbb749b07d21b1ed102ea8481187ad540b3f3fcf28673f2dfcdb7f8",
      "mlx_lm/models/cache.py": "819ed95dcbf755652363cfdb15a639890447abb534a06dcefd52c7fff5055750",
      "mlx_lm/models/cohere.py": "34f3a144e830a1b177d5883e2443bcc8f517c8ef5f3ada512f42fa3e64393b5a",
      "mlx_lm/models/cohere2.py": "8d3f343f1bb7b8ab0056c30154fe35bf3545151693c1aeff409f6903f4efe610",
      "mlx_lm/models/dbrx.py": "b6f61442ae508f555f19c96116b0d5798fe0366b2c2c1f9fcb66444d25e69a70",
      "mlx_lm/models/deepseek.py": "4345ee533236ca9b92c655e4e1b77f969380cefbeafdafcfa2279c58e2101b66",
      "mlx_lm/models/deepseek_v2.py": "08b944cbc3398b4b4c8798ad33804fa8dcff630b2858eda73d071295b839e095",
      "mlx_lm/models/deepseek_v3.py": "7d1c6cad01368c3f5e26d5907fb2910145cbeaf867991f91a136d16572b8e98d",
      "mlx_lm/models/deepseek_v32.py": "a829f0a505d9fc56c54fd95c93bcd08e011ef2fd75b11fb00941abc2f34183a9",
      "mlx_lm/models/dots1.py": "682ef8f43b4b1d5c4c196263b311b7cdd68b2a209fc0202bcc442cd0c8050ef7",
      "mlx_lm/models/ernie4_5.py": "34df71212f9ec0978bf685a90cb6c63107f1a1ec958f4acdac0d3867c2c34f91",
      "mlx_lm/models/ernie4_5_moe.py": "4bab223f3d8f8b09bb15cd4aaf0bcffd07ca3556eb4bb771f268377ad83b81db",
      "mlx_lm/models/exaone.py": "d4902d790ed42c6edd1fe7494e9800869470ee95bc93024536f688fcc88a2cb1",
      "mlx_lm/models/exaone4.py": "fb7f62b3f2c6e5519e5d90e40506d81c030042bdf2e90d040ecd3b9626f34914",
      "mlx_lm/models/exaone_moe.py": "0df4f9b87ecf8ceb4fb202de5c285eba50a1a9c6363ce13cc9c893d6b298513e",
      "mlx_lm/models/falcon_h1.py": "b888a9795a36d4b92868f7a2bb1e8850f877c45bb81e65fcb0e6e271a640fd96",
      "mlx_lm/models/gated_delta.py": "79c8376a51c694b03e54d2f996ced6ea6c8c42868b8571529f97334db165a3e1",
      "mlx_lm/models/gemma.py": "8bd836c39701aaaaf615e7089e46965a41346cb415a8f32b02bcf5ce2496bf3c",
      "mlx_lm/models/gemma2.py": "64b0935b06fe2c4d5d4ed23a9cf62deb6218c55a88b9403a657afe9e2be8f251",
      "mlx_lm/models/gemma3.py": "69d321648629b0f22e8cd9f3c3b597af6f34b5405c761ce089e825deebb2939a",
      "mlx_lm/models/gemma3_text.py": "884bb398288beda5e90caf3de60a15f5d17b8e383d28c85cca07de1e0aeafa38",
      "mlx_lm/models/gemma3n.py": "5278b3075e5d07db69bb5c0db52fe4e2ce9d345524aa97496040803db6d8b0d6",
      "mlx_lm/models/gemma4.py": "4671e4a63cb9849582abac566599a0a85370a46d410f4ad69d81a88788d00fd8",
      "mlx_lm/models/gemma4_text.py": "77f46bc3f162a0b9513157dade4be2c381d4df3295262c69034a53d46111370f",
      "mlx_lm/models/glm.py": "a122242c74beabed8ab1ed7cfc60f8b7891f71d69e1ecd9a25206f4493751fa2",
      "mlx_lm/models/glm4.py": "d0971768b6cd3a3a9b7d54b0244ef2fa92c1d511124fe8547e6f51f3ddd96cb2",
      "mlx_lm/models/glm4_moe.py": "f0d9a42dff8413730d9fbce375e158c791210339a383935da8afd58758aa4c05",
      "mlx_lm/models/glm4_moe_lite.py": "6d4011ff91837c5f29bf4207bad6665d981d8b0fcbd159289b6cd2b96fa72643",
      "mlx_lm/models/glm_moe_dsa.py": "bfe16d1ef63f919b47c96a4f7cb2359afb46127769c75f62e65339510c0c936e",
      "mlx_lm/models/gpt2.py": "ca20a95bf371428b78c5f8a959a41b8fe85acfbf2e5424acbc88590a9f2053ec",
      "mlx_lm/models/gpt_bigcode.py": "08d2e98fe4c4b43340d40f6496cae23fee9e295ce293b7ac746c9432951f3fa9",
      "mlx_lm/models/gpt_neox.py": "e23b59ef46431c3e8244c12a774c35633704f5495687dda017b156aa039043cd",
      "mlx_lm/models/gpt_oss.py": "a71c0402bcdf9495291ff1efdba02dca2dfc9c4c821d81df460ba4bd6cca3443",
      "mlx_lm/models/granite.py": "a12410cea370422007b54115bb0000442d5a60b0697aa55b1979ec30a80d97ba",
      "mlx_lm/models/granitemoe.py": "26186a3e66429f38900164764a9da8f0d9a32e7ca30941607bf65b69d36415af",
      "mlx_lm/models/granitemoehybrid.py": "a9d4214a84d2ecb998d3ea00c6ff6de82c2b5d0a08680149739405f4466e0a19",
      "mlx_lm/models/helium.py": "a8607988de77c5f51e6a02e6532ea28b600529a0be804003c2cc605b9fefc332",
      "mlx_lm/models/hunyuan.py": "dbd7ee128dd4ce28d40d301ee4744f303e47c0443ab17885a1b08bf3745b8197",
      "mlx_lm/models/hunyuan_v1_dense.py": "8303eb6467e43263e557199c13df69986c24e4917d91b0acab18a5076e6327db",
      "mlx_lm/models/internlm2.py": "070a55600e9503e04750b6204b09e2823d59c723787a22f5eabf8416c99dfe6f",
      "mlx_lm/models/internlm3.py": "fcc962ce1b3d4b93c08e9b728ce4e4c26679b60492ca6ec388001b36d00e3b19",
      "mlx_lm/models/iquestloopcoder.py": "c2bba6a7a7f224aa2acf5d812a44484ec10fcb6bffcaf0ef1929cda846d1cd9d",
      "mlx_lm/models/jamba.py": "f0d5e5551127179b79f10dff764aeaa70ab3c1fc06e71487a25ad414561f28bd",
      "mlx_lm/models/kimi_k25.py": "5388e4355775549b2bacb47ac57c2e4e523673ec789fe524859e26790421d305",
      "mlx_lm/models/kimi_linear.py": "37bed1dc098c455ebb6e0eceedf9374ef6314a78b7f25b0b2c87828fc3fb2c8d",
      "mlx_lm/models/kimi_vl.py": "2d4bdfbb6303828b42264039038f9500a9aae1f7f6a040d1b8c48891f79cc4e0",
      "mlx_lm/models/lfm2-vl.py": "1ec76d720051d56b186bf1703ade5497eb29796fcd3f3682a68d4968556a7ec8",
      "mlx_lm/models/lfm2.py": "5ce16a8231800fdbb842ea7e603754572d5608cda0f3ef8c61c862840d18806c",
      "mlx_lm/models/lfm2_moe.py": "4cb248cd8d1c8ff279efb77b6fa3ef93dce96771850933f41b0f3669a6377395",
      "mlx_lm/models/lille-130m.py": "971390eaf6d5d4761460e1b5852ec3351da27248aa4b18442cbae6792c1accca",
      "mlx_lm/models/llama.py": "8b46ac7f11c7134c1d83f12ec6e05b3d64a30f18aa7468798437b2e413f80cdb",
      "mlx_lm/models/llama4.py": "6386b73f86adf88de756c1198623235119d9c10af32c6ed9a676f341ad55654c",
      "mlx_lm/models/llama4_text.py": "f6ce3838b18bb6d281de84694639f483209019b1da4bdeb82848909d6af84ad8",
      "mlx_lm/models/longcat_flash.py": "9d801bccfc1081fd34d32b5467b1cf4eb0356ea3563d4e7b87a5530f1ac54e0f",
      "mlx_lm/models/longcat_flash_ngram.py": "9fbda1eb9787f4f03d99bb788e6f171922ff6da1a469a060fcc68286844277e8",
      "mlx_lm/models/mamba.py": "3de6e1dafb147bfc346205df07a298f1623f843ff0e06835cb21d38360ec7da4",
      "mlx_lm/models/mamba2.py": "36d6841678e32dbd132cb1ea94d068f88779287350c58d4b2de34b1317af0fdf",
      "mlx_lm/models/mimo.py": "1ec3ceda0da736880f7879fa1b9bc3a82982d48d6502d807bc3a1bd59b67d6e7",
      "mlx_lm/models/mimo_v2_flash.py": "1c0cff7c66fe6cf90b569f787b1f8f25fa8fce582b74de77f13b854c246407bd",
      "mlx_lm/models/minicpm.py": "444c3c1606cf0f590e661505cdbad4e56a81c769275b16c67ba9471333db9c13",
      "mlx_lm/models/minicpm3.py": "b63fa19d1219ab877e4ab104082f8dc2fc7117ced45abf036c90b19121f34306",
      "mlx_lm/models/minimax.py": "23596bc95ea66c88a79f3e72d220cdd156df7a549f0ed29f917deab8941ae145",
      "mlx_lm/models/ministral3.py": "658de236349540794672fa5526049222d0877edffc43783a9208f483f4fa5dca",
      "mlx_lm/models/mistral3.py": "38b9603ea56130614593a30eabd87d32816b7aa05443af817c1439174786551d",
      "mlx_lm/models/mixtral.py": "a7d15990aa42b81b659c8679089b6f1571225466825c71d9350eace1964c3b5c",
      "mlx_lm/models/mla.py": "22877b336255e58d949d982b6ac4730bd0ca1a1a6f40479f736570b3c9f35057",
      "mlx_lm/models/nanochat.py": "989d414c4c8c3f1ae0d2d9b06c06d45b7dc5fc0bd8b796f585e318586b27dfe4",
      "mlx_lm/models/nemotron-nas.py": "05b40ddd35fd5b829172b2e40ce9674a787623e5bbb26c55d45ed31f5734a855",
      "mlx_lm/models/nemotron.py": "1ca8e8bd88d450fb03ba1723b0376a3199f2a92db2e8a3ccdc512b6cea492bae",
      "mlx_lm/models/nemotron_h.py": "47143633f5ad663aa6834a18be69520ae4d588371e392bcdfdfad898b2571b1f",
      "mlx_lm/models/olmo.py": "cc4cc1097d73449ae22ee2dcf637d6e68b5f11c0482e75261f563b46c41bd40e",
      "mlx_lm/models/olmo2.py": "f14a7484ebf584fdd92faefcc394b1064ffe1828b3b7fd75267de38b1b50b4a9",
      "mlx_lm/models/olmo3.py": "ede2b37d41cff6f73877e8ab4174e9eac10dc37b49962f03c297fe41d9a27393",
      "mlx_lm/models/olmoe.py": "4f8f78d368666ad0bf396963cd094bdf48caeec45d7a188c299bee7fc4bfea90",
      "mlx_lm/models/openelm.py": "5e188106d087d4bae2c009c00cc965ff74a5d6d84e1c1b0cc2aebb145708eea1",
      "mlx_lm/models/phi.py": "93fe4a0f016a55ce225023c703ae34af3e184e3241cafe7140eb688c340a6fb4",
      "mlx_lm/models/phi3.py": "55824e3cc8ddf3e092be202b455bfa423c6abfe43199b24df39d089abf83964b",
      "mlx_lm/models/phi3small.py": "97e71c9a3b879f5892056cd0ff59613f645c8a883df738b63cb41a8787adbfd9",
      "mlx_lm/models/phimoe.py": "8d1ccfadd2ccd81cd259d7bfe5cd218a8652d77ba2d76f45a596406248c0c2f5",
      "mlx_lm/models/phixtral.py": "8987cd1716e7ed32ea7a617dbad7a7a82d7ee63ed865cff0e45948848553dd2e",
      "mlx_lm/models/pipeline.py": "b2bf11a2990f75243f1964d5f8c9aad5842dc69bc99c9028fe87e60788ef0bdd",
      "mlx_lm/models/pixtral.py": "cbccd51a330e724ecc9e98399006b965db5ae7f8fce0698ab03354c6ad119f28",
      "mlx_lm/models/plamo.py": "a3fc5fc6d5648afc8db21cb28ebe1885e69ef8b32edf044e636dc4a4a4dda46b",
      "mlx_lm/models/plamo2.py": "b698b92ec4497ddcb4ab2ce29d54332e30ba76665276ff0681dfc01622d8e582",
      "mlx_lm/models/qwen.py": "27ca9aac6c6d1819c51f7c0f49f352d03b2e508e0ab42200b5a14d514320d02e",
      "mlx_lm/models/qwen2.py": "30d38786f3c598bf58c1dafcdffbeac6f3c507442bde768944350c57222cf391",
      "mlx_lm/models/qwen2_moe.py": "ebd2e5ea63804ad4279073da6d2a6ff3919af2c36a4e1586a7de23cd390fa306",
      "mlx_lm/models/qwen2_vl.py": "c6338e4dc1135cd2a5b07a4496aa6d2ef72fff32ecc58cdfd91872fe073d2a41",
      "mlx_lm/models/qwen3.py": "2284df96ecb669109b281df4534470b18f285aa9a5e41735ad682f601f93c639",
      "mlx_lm/models/qwen3_5.py": "f0daa30bba5cb521c8bdfa7093101a544c6a37bbba09bca582288219cb04ae3a",
      "mlx_lm/models/qwen3_5_moe.py": "ef9e8e1f6a5c097b29587c8330e8eb9c9cbdc52fbb4597fbc2362606c1996619",
      "mlx_lm/models/qwen3_moe.py": "539a201316616d2296a15a0998859e8bc0af36d8433d6f78ab0c46beed51b005",
      "mlx_lm/models/qwen3_next.py": "3c572fe3fbb36721efab4d80d1bb6af11beb4ad1caae18deefc9fc84cbcd9b79",
      "mlx_lm/models/qwen3_vl.py": "d4344d0a3681be91e59a8c0823a0ae58e9bed16da531565c360389976a62bb3e",
      "mlx_lm/models/qwen3_vl_moe.py": "aed222b12c86aa0472288db6d13e0536a6bd06b61dae5850afd7abb8c2613aa9",
      "mlx_lm/models/recurrent_gemma.py": "7446b3cfb9f77c30aa056a4f4449f48991f84c32ba97ed370fc25c3499052edc",
      "mlx_lm/models/rope_utils.py": "9f68c938c040fa111d13f2ed95c70e8261515fb3b54f8a0a474c096baf4e087a",
      "mlx_lm/models/rwkv7.py": "be2b710ed17a417e1f80d4b6f28cb6a61d2cbaa917a348803105902df72cc29e",
      "mlx_lm/models/seed_oss.py": "451a32421feaae71e6508b0ecb6dc8fecdcaf2e1f9ce7347a56ffea95c871832",
      "mlx_lm/models/smollm3.py": "89bb60ff0fc8bc5e04dbde5375dd2475aae8e75e5c792b93f85217b99f594179",
      "mlx_lm/models/solar_open.py": "fbf6c1c57de579e3322978464aebb8cddce77718a396cb18f916efa999328125",
      "mlx_lm/models/ssm.py": "404adb47453e176d1561f1efa5eb09c1c0e58e78defb15c25cb40f6d7aa7890a",
      "mlx_lm/models/stablelm.py": "7788eaa5dcd78d174a4229076af2cba0a0e37657712d62487e4f28932e26d64a",
      "mlx_lm/models/starcoder2.py": "c18e1c679ba5d16910600bc2c6eddcdcb91811bb38216bfa5de8a7daf076f64a",
      "mlx_lm/models/step3p5.py": "ced87a3562463f8a4657b51106fa97fcebce0b5b23c80ae0430ec9edfb7e6169",
      "mlx_lm/models/switch_layers.py": "073a6a808d5c90bb699a2ecca0e559b06727ae96dbc1f0253e4c7e77e4ee1ef2",
      "mlx_lm/models/telechat3.py": "14ce1bf6a19044265873233edd65e37586704c85310cfcb756a109b679e6e427",
      "mlx_lm/models/youtu_llm.py": "cc31f3bde475530f0388d18e99bb50b7fc54248cbaea9d0720f7983d38cd444a",
      "mlx_lm/perplexity.py": "8146c8da1bd6df6b2edeea6c1dab20ee8570c0f13e095479b1a16e85528b3faa",
      "mlx_lm/quant/awq.py": "04834a6d2447626557ca3c05d82140eae9480564abdfb1507a600b76e8ca84aa",
      "mlx_lm/quant/dwq.py": "9a70448d4e5f3d20efc4e70bbbc91ab311fa42479f703077d55d3af75231c72a",
      "mlx_lm/quant/dynamic_quant.py": "c1031bd9b2046a93fe3ffaa991001055a7b591f29b549cc1ed5959ad0bc87020",
      "mlx_lm/quant/gptq.py": "8ba42877f45e86262146c6c962691c19a819478b561f55f04371d28ae3a74c9e",
      "mlx_lm/quant/utils.py": "fbae54a7e39b9ae999bedfebf833e865e6912bada29f4c3fe53383b9d8655e58",
      "mlx_lm/sample_utils.py": "c0ce439f8dbf0d4e6d0f37f728a324f3f72878e6a9123df41be520804c596d67",
      "mlx_lm/server.py": "cdfcb4ac848636f9927851a0ec7a951584526530cb7832ba58049e4a9144db8b",
      "mlx_lm/share.py": "3c25e46d4b413d67cf5bde546f47d09fbcea9ccc446e878721543af43cf91c19",
      "mlx_lm/tokenizer_utils.py": "25784bb03c922d0d7832ce6c66a6cd4eb3a4820b6c5a8e583dedb63a018fb56a",
      "mlx_lm/tool_parsers/__init__.py": "e3b0c44298fc1c149afbf4c8996fb92427ae41e4649b934ca495991b7852b855",
      "mlx_lm/tool_parsers/function_gemma.py": "b8531d412cb87d1ceaecd5e2d15b162ff8036e093a4daa9e3f872d005191defc",
      "mlx_lm/tool_parsers/gemma4.py": "8806c0593a9ababb7f8617a2ffcb9c50f19a0cebdf659124691adba6e09c826c",
      "mlx_lm/tool_parsers/glm47.py": "4007036f3b6440aea56cac6cd2f5ab590b9be941dacd630ba9c01e5f67475b66",
      "mlx_lm/tool_parsers/json_tools.py": "398c044ebd6bbb5578131d57817753d70b43803da509c14d12a2591e01d9cdb1",
      "mlx_lm/tool_parsers/kimi_k2.py": "7d02c9fef2b43d18b5b74261e774943d0ad85a05ea50b92764fb1ee821976206",
      "mlx_lm/tool_parsers/longcat.py": "dcf25a84edd35b92b7df8dceef424e12930828159ad315a67dd997d90f2fc531",
      "mlx_lm/tool_parsers/minimax_m2.py": "db2bd5cd0286ca66881bf363612f65c2a42d0d681d8f1a5e9b442f847066e60f",
      "mlx_lm/tool_parsers/mistral.py": "df143d4bcadadb22291b0d634f485c714065d973aae129f0b6ba789e81fc92b0",
      "mlx_lm/tool_parsers/pythonic.py": "14cf949cac8ba3ce7366fa9f692213f300c1103db5642b4c56af67ca8f0ef13d",
      "mlx_lm/tool_parsers/qwen3_coder.py": "32de6d9f7472a1f00a2acfaacaf13e0e0864cfc19adebbff688ac5004b8ecc25",
      "mlx_lm/tuner/__init__.py": "a03c637c7952112a09906b6e77caf5dadf3aceeb1c2716fd10b01afd318673a3",
      "mlx_lm/tuner/callbacks.py": "dd1e5e7641c3271ae33cdd53bcebb99b67c3d1471a4294b68afd6014dda77ed3",
      "mlx_lm/tuner/datasets.py": "fa112840e6ea98a4ff18428792fe2ab023999c2da51ea64b3ebdf8657a152f17",
      "mlx_lm/tuner/dora.py": "b2f2d80bc5091efcb56916157b0166210aca9333fd20a621ed04ea53bc45ba10",
      "mlx_lm/tuner/lora.py": "4d3a8edab111d4ddba33398ba8700203db7b61621c39e9c348fdd50e57278b45",
      "mlx_lm/tuner/losses.py": "f5a039f681a8727f47ef3a7f073b5a0813182d6b1feaa22e2d697eba6a9f4375",
      "mlx_lm/tuner/trainer.py": "ee33ebdbd20a184108541cb490d08085485e71a82ffd6d68d7d216029ecd28fe",
      "mlx_lm/tuner/utils.py": "166eaf5e5f923113bed43614a5fb7319795fa0cac5a7fa319ea54e5f0045b553",
      "mlx_lm/upload.py": "d25c543f54c58bdcf755ceeea9d9dda36169a704e2754ea1075fac119038eb3d",
      "mlx_lm/utils.py": "ba0371e9c88d52b34d71271945c2394005fbcb2bfb2ee9f6f82d627a33b72422"
    },
    "code_sha256": "d57215ea73c5a9b4ed2ab7d2199bdb611020601fe0c8945a3aacb95d6a51da6c",
    "environment": {
      "packages": {
        "mlx": "0.32.2",
        "mlx-lm": "0.31.3",
        "numpy": "2.5.3",
        "transformers": "5.17.0"
      },
      "platform": "Linux-6.12.90+-x86_64-with-glibc2.35",
      "python": "3.12.13"
    },
    "environment_sha256": "3a854ffb2e3b4169ce6e9ce8d85afccb8c253b9a4878724dede964bc60a6152d",
    "hardware": {
      "architecture": "x86_64",
      "chip": "Intel(R) Xeon(R) CPU @ 2.00GHz",
      "chip_name": "Intel(R) Xeon(R) CPU @ 2.00GHz",
      "cpu_count": 4,
      "gpu_devices": [
        {
          "cores": null,
          "metal_support": null,
          "model": "Tesla T4"
        },
        {
          "cores": null,
          "metal_support": null,
          "model": "Tesla T4"
        }
      ],
      "memory_total_bytes": 33659383808,
      "platform": "Linux",
      "platform_supported": false
    },
    "hardware_sha256": "dc778c6fa919dbbf3b51db4fa028771b1f40acf41da08f425b4be39822a3a147",
    "identity_sha256": "04b60dfcfb97a03c89e6a81235ae2d58f00f56f9f8ace45da4ea8bd2b6ff0a77",
    "model_files": [
      {
        "name": "model.safetensors",
        "sha256": "229f1dfe07d60d4af01e7b2e356b3d33f00c2c1c1b02394d7b3a70e6700405de",
        "size": 732577304
      }
    ],
    "model_id": "mlx-community/gemma-3-1b-it-4bit",
    "model_sha256": "bf5bded769283699a9bf61b16d678b18477c6ad595be9d9ccce50952bfe3ca04",
    "revision": "2d44e83dc9e80843d22fb941d3d699a0b1351aa6",
    "weight_bytes": 732577304
  },
  "identity_before": {
    "code_files": {
      "friday_evidence/__init__.py": "7c7fd52a3137136f800df2577d1db68d2f315a59905723a0821d43f89d0060d9",
      "friday_evidence/budget.py": "82b754575fb42db29138173c01014a07470dbf27f474173b911775f65f518e1e",
      "friday_evidence/canonical.py": "c743fffabf400e7e84db8f495b86ac19ad575620d7b810ca75ebc77aee291c72",
      "friday_evidence/cli.py": "62eaf5337ee4bfe0e24b20e12e43a4527da2d55ea5c131a80149e2ca10a71698",
      "friday_evidence/dashboard.py": "be7a9623bd4034ad4c55be1edfd7b5741ae1ad2c0e7beb78328f7c8dde69257b",
      "friday_evidence/events.py": "c94052e72ca123af7e13fb2f68d462fbcdae74cbe993c71a7138a19872e6828e",
      "friday_evidence/identity.py": "2441bf589b5707c157a323357f03b8197fbdf28ae90c2994d555fbe4a6d78db9",
      "friday_evidence/legacy.py": "fcaa79a1991c25341b518636591b01dde8e24b388da102417c5eff5d858ad86b",
      "friday_evidence/open_observation.py": "2dbdf79e72fda080990a5af3483a8a4942b8b08b0afa743970dab54eb50935cd",
      "friday_evidence/portable/__init__.py": "910de2133c7bde1ac1ef6a251b1b8e733f13a493005d75df8c93f924785ea4eb",
      "friday_evidence/portable/access.py": "428a28dc4fde07ddacc51a2773b0121d2f095801c639f11b58a6b7b3b1b6a351",
      "friday_evidence/portable/backends.py": "6cfb66bcd1d9f72d0026b7eefd6405fe0caadcfcc0a44d2f9230765010b186fa",
      "friday_evidence/portable/bundle.py": "7415d085b6b2c8768c556e8a882cd6c0cddd1fbc9ca342a272642475ba6a078c",
      "friday_evidence/portable/capture.py": "8426a7b5ad6b9514752fec74a7a00ce70a2fa2e2324ed7f87203960ad7c578a2",
      "friday_evidence/portable/cli.py": "a8d2787b67eec6e190c57199a0efbf91cb8dbc1b753e5293e888bfc6e72e462f",
      "friday_evidence/portable/contracts.py": "d08112b7aa3839f3fd7fd8273b5991d6b70c613ba935cb929fdf894783ab2876",
      "friday_evidence/portable/corpus.py": "94fe5caf69a5d1f0dd994394ec3558c82729b8e518c53841dcbcfebf7067f85f",
      "friday_evidence/portable/credentials.py": "f61d416a88620321254d6a3587effb080b86beebd7daccc44ab91cc0b09553fc",
      "friday_evidence/portable/dashboard.py": "29ff61b236d08bac1f6a1e8e21d0ba8253f4515c1f8c789f6baa23f0109f894b",
      "friday_evidence/portable/kaggle.py": "f503165626141c63bc710f9778c6869ceeb275a01d9ecd35fecd3229fa6d9e29",
      "friday_evidence/portable/kaggle_probe.py": "ff5b393027416c6a4058eb95bc89df2be41bf8bee29700b52fd6955b8f2d26b3",
      "friday_evidence/portable/learning.py": "bb4427c888314383ce17bfaa8ff0727f18406cea212eb2b1f1a6cd405cfc3071",
      "friday_evidence/portable/objectives.py": "785e18b2c7982fcfe65dee2c285997b10e5332577ccba4efe48427a0dd28bd03",
      "friday_evidence/portable/quota.py": "22a1a12d61fd9579ee4ed863a160e23bc7b3114e0e41c334ef477a7cd0d91790",
      "friday_evidence/portable/runner.py": "b953044be36ad04f82139e870ea4d15b6c501ed16e78cedff789b9e91542bcf1",
      "friday_evidence/portable/supervisor.py": "d7a4c0b5b6a28bfdda1cfedabc8d52a48604bb82dbefb35f979a971e92cdee27",
      "friday_evidence/process_memory.py": "188baab996214f3a89d8990c6337429052ff6a76c93da6569fa51a202523b613",
      "friday_evidence/provenance.py": "1ffa5eaed25e46dc15869014f3b76482717096a1c61094dbd3555bf7a8957792",
      "friday_evidence/registry.py": "0f8478aa1e12bcc98b21b4f97236ca9cfbe1b4a85ad9d91b1018c585f7746626",
      "friday_evidence/run.py": "65a03eb139cd55cd3afd50f9af9c7e03bbb9b634ba7dea836686a4afc22cc259",
      "friday_evidence/ssot.py": "468b4056b031ad2875fec8c72641895c3a449ec0968a547ab0d4fc5f594713e7",
      "friday_evidence/statistics.py": "40eb9f28edee4236c5656b84f4409f95bfa98ae60c83d4c5b5f09958aa6a61b4",
      "friday_evidence/storage.py": "ff746ab89d2e6b3c875fa97572ca78ebdc419c2d045ca2e6514a441456d25035",
      "ironmule/__init__.py": "07312b275c0042e9719458f4caffd95473c1cc3d1aed235c399e492bbed9f741",
      "ironmule/_version.py": "dcd5c888a54f0ac08d773e2df692a47f603be7f1b8a43beae09c439513cc4bca",
      "ironmule/ab.py": "4defd5379aa7692f6ffb03345ef9a52fa6d6caca3fa4a30fc71cb6983f403b93",
      "ironmule/activation.py": "02fb9cb674d2bc73f7b9ef733a23064810e28d1575d20ac8afd47c4ff04201f5",
      "ironmule/adaptive.py": "d5769626989d845481d40c6de30d5c3ad38223e174803f325c2ddaab8f04a9f0",
      "ironmule/bench.py": "20b249dff1285c0683e2435e4066ca5023164bb4dbdb99fe6def3ebcb7563086",
      "ironmule/benchmark.py": "cc2f0ffd1d49c0576fa459c114074ca8b5a493f540aa79d97b9241a28ca41600",
      "ironmule/characterization.py": "ff97a26abb6c406506e46d0d5a5476f64bd1ed8a61e0b4d0f145463627c009f5",
      "ironmule/evidence.py": "d605eecdf43e460e7a355aa63333380fb6b633ac098cb2848a0474338de74b74",
      "ironmule/executor.py": "191407a80180e2f2b4a2f2ceef4fa7d7460de4a08752d8cf2adf2d55b5927a31",
      "ironmule/fast.py": "86f514f9e954330b32352f387a540b4c3e9464cc35bbcf281ced907b5ee5bc40",
      "ironmule/fingerprint.py": "7901eb4e875d95811b876e311e1a053e41145898d33da5acb6b976dec2cd928e",
      "ironmule/hw.py": "dcde0c7fc2d07f6ddce0d9cc63fa476ff90b0a23cf3a5eedf744cb209a65f01b",
      "ironmule/kernel_registry.py": "a61dc25f0240e75eefff85d4a70358484835ce4cee902d32271367617553813b",
      "ironmule/local_learner.py": "a38d1ff310a72c6be4e6426372c0994dbfb8dad9e50d40c8cd87e49bad2fa531",
      "ironmule/model_identity.py": "77a6222c4dd56b048c0b0f387e5be90da35c431db6f127c3e2bc33eaf498c47e",
      "ironmule/monitoring.py": "794f1ed41dc2693c0cda5f6dfe1f3378091396f4f8f822770f0c90cf912dce3a",
      "ironmule/paired_research.py": "c6d918ad3a5ba826e17d5641221fe2b7be3e3d98c2715b48ef787e5c2c1a13e5",
      "ironmule/plans.py": "148d5d9e5e223741c880d55f19fb9f04fbc79549128c81a6f25837ec8209cf6a",
      "ironmule/q3f_child_guard.py": "983ed9f27b91e48c100ca1dc0193bf53e46bce2fe57364a9bc0ad880cad44a19",
      "ironmule/q4_contracts.py": "1011145d49a3269fa42bcdb2df6ebeb8fae853f767b96a4dc93c0cc264f7c236",
      "ironmule/q4_corpus.py": "d69a5f076d6b8664fc90c996af927ea7cf48c9b80f6cddff8ecb00a94a09ec4e",
      "ironmule/q4_foreign.py": "fcf3e63b24d12f697765a9ade1b6a4ba1a1986170bfd689002b5944fae0eb6d3",
      "ironmule/q4_methods.py": "5f96a9216a675cca1ba86b34a070395448af6bd5d363c653fd5d2e53cb720880",
      "ironmule/q4_optimizer.py": "cc9c42cb11ba8f717b9d3d0a11ffd29a6420f5c567aa167954bf7d660e31bfd6",
      "ironmule/qmv_fast_shared.py": "9d5936d0e6bd924ffb6d3016ca6e640c070e588b44923b51db60774d46718a3b",
      "ironmule/qmv_k3840.py": "3a13d2ab2c5de60ca7da32c5135db44d30da6ea8e0119c9e4383cee057ea200d",
      "ironmule/qmv_shared.py": "d4115b5866fce9cf47de9b477e8a347c8fb7613a6616996b8bb3007dd524fe2f",
      "ironmule/qmv_variant.py": "c9c4025a49961b75e8131ed52e6e629ca88628c420633c07df0449a2e999f41e",
      "ironmule/readiness.py": "3ea8a9d5ec71c4476673e1032203907fdf2a8ec178ac4ea5a643258c9070cf3a",
      "ironmule/requalification.py": "35ee166d7847123a3873fefeaacd0eedb22800fac2dea07159d43d5326fd3baa",
      "ironmule/router.py": "db44eb100c069c45921a6bafa95771f100f397830291091ef907d240fe785d07",
      "ironmule/runtime.py": "c6ff5704a51ec90ea9646a0e5ed70d981fef08c4393de587d5c5c4efb3287836",
      "ironmule/service.py": "99b37890587d569b78f38954b4821a462b0913103a6df4f614e3ae0170c9979f",
      "ironmule/service_strategy.py": "d456a3c3f77575f4353672555f22d09137ea39b9171d7744eb0e90a3fb869fa7",
      "ironmule/silicon_profile.py": "7350f71fe1004074782c974b63bedd8359927e05fae235f8bb20d6f607cc5a13",
      "ironmule/stacks.py": "b7310dd746e69a0f0013ec4fa5fefa668ab1a908ed0e2cf992a428963b476e58",
      "ironmule/telemetry.py": "e7edc2aba76d19c56f073d7f5311e7dff9f87d5c41ce2d5f670e21a81630a987",
      "ironmule/tune.py": "44594482c109a275cd96af5e6ef414d07e337ef4b23c445537e6e5c6f749859b",
      "ironmule_product/__init__.py": "234717420a69333fd3931e5038d15a7eeec1585165bcc9483f289783b2de259e",
      "ironmule_product/automatic_runtime.py": "737ae3506e482c0833c68f174d00c9ae78542cf746c3c7664923d10f5965d8ce",
      "ironmule_product/backend.py": "12ef8af9f40581cd71d0fb06299a151aa8146ab08660d97b01ff22cc7d0a940c",
      "ironmule_product/calibration.py": "74a7ccfeb747df64b9e5874cb80cf3a071891e365471bd0fbab07ce82b9f903e",
      "ironmule_product/calibration_plan.py": "695b93c13897a4586a730532ba5efb6a3f235772480b3624a7e08a1f433f8f5a",
      "ironmule_product/cli.py": "0ccdb100b46fb26b50909cf29a53ded658761c1ff4cfd233acdd34e88dd4ef12",
      "ironmule_product/engine_bridge.py": "ca01a61619e703ab04bc47fde8cc9e898c9417c840308c1814dcd430d393faca",
      "ironmule_product/errors.py": "0c25c40c39c835b3de6fbe283bde58a86292e2934629b60d59a06391ec976d2a",
      "ironmule_product/evaluation.py": "f549478f74aa3dac8ff41d27548356e9b52c512dee29c0c7796829f7c58aee78",
      "ironmule_product/greedy.py": "ea68681e1f14ebeef0fa59006f832f2018796f6f13cb7ef2e20ae10b2abd23ce",
      "ironmule_product/http_server.py": "35c6d6fb1efaf041f5c62d35d451c88522ba37aad99b7c3e7814e77ff419507a",
      "ironmule_product/memory.py": "7cddf858cd2892fc3798a788a13c87fb3aece3e0a9088fa60d311536337e5b2d",
      "ironmule_product/model_policy.py": "949727782d45fad428e8b5af4036a741174a571f95319bf108d6b5f398026836",
      "ironmule_product/prefix_reuse.py": "1623c305b744ee45e402de25d0a68a881e28669f946e694ce5e4068c02912458",
      "ironmule_product/prefix_session.py": "13a5acb64268252e760b9128dc018d4a91f5de9fad9e971fdbecc8d9be33dfc7",
      "ironmule_product/readiness.py": "4be3e8c27ed82fe6634ad245798e956f9017136ba7d96bf74c754266421c3cf3",
      "ironmule_product/selection.py": "368692cdd700399dfcacd20bca30d3789ddb9f26eed08464dedfbfcbc5eecd4b",
      "ironmule_product/service.py": "c143dd8348a2697f2d2fce99d82d6911276bdbcfcc25261a71b44410be3a27db",
      "ironmule_product/state.py": "c03a988789d344a63e9926ec46850561b766505eff35e4edeb27f42c0c78f652",
      "ironmule_product/types.py": "bd51940982b36e3fd672617aec0ef632167b2ee3c77cbcbebc1663ee4c43fe2b",
      "ironmule_product/worker.py": "969991f947258c30c21c84d72787309c03a3296961d8276acdee20357a79cf9b",
      "mlx_lm/__init__.py": "f9ffa88772d26e537a98aa39ab16488a7a0d13cc1fac5d665376132c94b49608",
      "mlx_lm/__main__.py": "cc0a2e7be2522fa62570799088414b6da673369cfc6ebc75d1fb387f29a24834",
      "mlx_lm/_version.py": "f0da9bc5c5c1bf21d576f7aa67b4eda887f1c7f0666746187b493e6831c4af6c",
      "mlx_lm/benchmark.py": "31ee1bfff33bc7b87adc94f746eab8f3a6c537a286a7eacf66748875eabd1553",
      "mlx_lm/cache_prompt.py": "b2f561f47e177367499be07aa92214a70d30220a84a126a5460ab51ebab25cd8",
      "mlx_lm/chat.py": "f3d9ef0cc6dd5c2ce308f7f1b1617a4ce616bd65849de27a6792cdc25a465ff7",
      "mlx_lm/chat_templates/__init__.py": "e3b0c44298fc1c149afbf4c8996fb92427ae41e4649b934ca495991b7852b855",
      "mlx_lm/chat_templates/deepseek_v32.py": "4df892725d65d936044d70d365e9a78eb0e10f201059120c7b0b965e66f669b7",
      "mlx_lm/cli.py": "88212797d36748052adc7a7104fe51d0b45ed322c78075e6bc1b10064ee37ac5",
      "mlx_lm/convert.py": "dc60df164c2d51ee2f05f5f9f3324bc3a44a59dd2ccddb75dde680e854ce5e9a",
      "mlx_lm/evaluate.py": "15b2ad60db63f49c4f4300dad4cf5658652fe57cff94c94606ffa9d669a4f5c1",
      "mlx_lm/fuse.py": "610321cd10016ee76fcc1617bd25d753b9a66a8980d0e296ee9d18f5f901ba39",
      "mlx_lm/generate.py": "270778ad53eaca55a8533d82e6752660fe5d2605c4aa0879b48a50a91f69345f",
      "mlx_lm/gguf.py": "56b35b6f5942ff184ce9e756c94cb0e6a1d85e094f5f52ed6232d8c48cb2247b",
      "mlx_lm/lora.py": "3f188fc6aef80efcb9938678af0548588122ed25845053cc555aece0ad2da5e7",
      "mlx_lm/manage.py": "fcf74fca1b5ee12827c1104a28dfdf11204e1672ab2fdc10ed7cce51a3fdbed5",
      "mlx_lm/models/Klear.py": "ace3e8656ec00d25b89f1fbce69e7cdd4fce4629fbae01dfe7bb945c13b611c9",
      "mlx_lm/models/__init__.py": "e3b0c44298fc1c149afbf4c8996fb92427ae41e4649b934ca495991b7852b855",
      "mlx_lm/models/activations.py": "dbca5bae41ba0a8380a53903c3e98da37c1e15b46383bc2edb5806ba94fafe72",
      "mlx_lm/models/afm7.py": "04aa5558f761b7ab29798c64286e1cdd6f6580f88301cbf920c0a6b2fe1fd9f5",
      "mlx_lm/models/afmoe.py": "614473752ff0f341cbb5ebef90bcd3b8845f61125e860e4b081c6ae4454edc82",
      "mlx_lm/models/apertus.py": "b2e01af3c9a413fc3eecd44b417858cf9f7f19ab7258559df01aed1983ac126f",
      "mlx_lm/models/baichuan_m1.py": "720fbfbd794f8ae4196a76d58acbaa3174e91ab52ac830962a709dfa458eebeb",
      "mlx_lm/models/bailing_moe.py": "7ec47d3be0c4dea8c808b08dbf0cbfeaf6e407c156f453f281e702e43b7b359d",
      "mlx_lm/models/bailing_moe_linear.py": "ed69bdb69655f3160c21611d498b3a76f3c5da63aac16cfc2519d342f74887e7",
      "mlx_lm/models/base.py": "61330e1c065739cd712bfeb09d673f33797cde7e613e95bf6d9ebbee9006f373",
      "mlx_lm/models/bitlinear_layers.py": "fe64bfff02b300d965a560e33792dfd93ba4f86a121d18679f5f8550d86cf5d5",
      "mlx_lm/models/bitnet.py": "7326a010bdbb749b07d21b1ed102ea8481187ad540b3f3fcf28673f2dfcdb7f8",
      "mlx_lm/models/cache.py": "819ed95dcbf755652363cfdb15a639890447abb534a06dcefd52c7fff5055750",
      "mlx_lm/models/cohere.py": "34f3a144e830a1b177d5883e2443bcc8f517c8ef5f3ada512f42fa3e64393b5a",
      "mlx_lm/models/cohere2.py": "8d3f343f1bb7b8ab0056c30154fe35bf3545151693c1aeff409f6903f4efe610",
      "mlx_lm/models/dbrx.py": "b6f61442ae508f555f19c96116b0d5798fe0366b2c2c1f9fcb66444d25e69a70",
      "mlx_lm/models/deepseek.py": "4345ee533236ca9b92c655e4e1b77f969380cefbeafdafcfa2279c58e2101b66",
      "mlx_lm/models/deepseek_v2.py": "08b944cbc3398b4b4c8798ad33804fa8dcff630b2858eda73d071295b839e095",
      "mlx_lm/models/deepseek_v3.py": "7d1c6cad01368c3f5e26d5907fb2910145cbeaf867991f91a136d16572b8e98d",
      "mlx_lm/models/deepseek_v32.py": "a829f0a505d9fc56c54fd95c93bcd08e011ef2fd75b11fb00941abc2f34183a9",
      "mlx_lm/models/dots1.py": "682ef8f43b4b1d5c4c196263b311b7cdd68b2a209fc0202bcc442cd0c8050ef7",
      "mlx_lm/models/ernie4_5.py": "34df71212f9ec0978bf685a90cb6c63107f1a1ec958f4acdac0d3867c2c34f91",
      "mlx_lm/models/ernie4_5_moe.py": "4bab223f3d8f8b09bb15cd4aaf0bcffd07ca3556eb4bb771f268377ad83b81db",
      "mlx_lm/models/exaone.py": "d4902d790ed42c6edd1fe7494e9800869470ee95bc93024536f688fcc88a2cb1",
      "mlx_lm/models/exaone4.py": "fb7f62b3f2c6e5519e5d90e40506d81c030042bdf2e90d040ecd3b9626f34914",
      "mlx_lm/models/exaone_moe.py": "0df4f9b87ecf8ceb4fb202de5c285eba50a1a9c6363ce13cc9c893d6b298513e",
      "mlx_lm/models/falcon_h1.py": "b888a9795a36d4b92868f7a2bb1e8850f877c45bb81e65fcb0e6e271a640fd96",
      "mlx_lm/models/gated_delta.py": "79c8376a51c694b03e54d2f996ced6ea6c8c42868b8571529f97334db165a3e1",
      "mlx_lm/models/gemma.py": "8bd836c39701aaaaf615e7089e46965a41346cb415a8f32b02bcf5ce2496bf3c",
      "mlx_lm/models/gemma2.py": "64b0935b06fe2c4d5d4ed23a9cf62deb6218c55a88b9403a657afe9e2be8f251",
      "mlx_lm/models/gemma3.py": "69d321648629b0f22e8cd9f3c3b597af6f34b5405c761ce089e825deebb2939a",
      "mlx_lm/models/gemma3_text.py": "884bb398288beda5e90caf3de60a15f5d17b8e383d28c85cca07de1e0aeafa38",
      "mlx_lm/models/gemma3n.py": "5278b3075e5d07db69bb5c0db52fe4e2ce9d345524aa97496040803db6d8b0d6",
      "mlx_lm/models/gemma4.py": "4671e4a63cb9849582abac566599a0a85370a46d410f4ad69d81a88788d00fd8",
      "mlx_lm/models/gemma4_text.py": "77f46bc3f162a0b9513157dade4be2c381d4df3295262c69034a53d46111370f",
      "mlx_lm/models/glm.py": "a122242c74beabed8ab1ed7cfc60f8b7891f71d69e1ecd9a25206f4493751fa2",
      "mlx_lm/models/glm4.py": "d0971768b6cd3a3a9b7d54b0244ef2fa92c1d511124fe8547e6f51f3ddd96cb2",
      "mlx_lm/models/glm4_moe.py": "f0d9a42dff8413730d9fbce375e158c791210339a383935da8afd58758aa4c05",
      "mlx_lm/models/glm4_moe_lite.py": "6d4011ff91837c5f29bf4207bad6665d981d8b0fcbd159289b6cd2b96fa72643",
      "mlx_lm/models/glm_moe_dsa.py": "bfe16d1ef63f919b47c96a4f7cb2359afb46127769c75f62e65339510c0c936e",
      "mlx_lm/models/gpt2.py": "ca20a95bf371428b78c5f8a959a41b8fe85acfbf2e5424acbc88590a9f2053ec",
      "mlx_lm/models/gpt_bigcode.py": "08d2e98fe4c4b43340d40f6496cae23fee9e295ce293b7ac746c9432951f3fa9",
      "mlx_lm/models/gpt_neox.py": "e23b59ef46431c3e8244c12a774c35633704f5495687dda017b156aa039043cd",
      "mlx_lm/models/gpt_oss.py": "a71c0402bcdf9495291ff1efdba02dca2dfc9c4c821d81df460ba4bd6cca3443",
      "mlx_lm/models/granite.py": "a12410cea370422007b54115bb0000442d5a60b0697aa55b1979ec30a80d97ba",
      "mlx_lm/models/granitemoe.py": "26186a3e66429f38900164764a9da8f0d9a32e7ca30941607bf65b69d36415af",
      "mlx_lm/models/granitemoehybrid.py": "a9d4214a84d2ecb998d3ea00c6ff6de82c2b5d0a08680149739405f4466e0a19",
      "mlx_lm/models/helium.py": "a8607988de77c5f51e6a02e6532ea28b600529a0be804003c2cc605b9fefc332",
      "mlx_lm/models/hunyuan.py": "dbd7ee128dd4ce28d40d301ee4744f303e47c0443ab17885a1b08bf3745b8197",
      "mlx_lm/models/hunyuan_v1_dense.py": "8303eb6467e43263e557199c13df69986c24e4917d91b0acab18a5076e6327db",
      "mlx_lm/models/internlm2.py": "070a55600e9503e04750b6204b09e2823d59c723787a22f5eabf8416c99dfe6f",
      "mlx_lm/models/internlm3.py": "fcc962ce1b3d4b93c08e9b728ce4e4c26679b60492ca6ec388001b36d00e3b19",
      "mlx_lm/models/iquestloopcoder.py": "c2bba6a7a7f224aa2acf5d812a44484ec10fcb6bffcaf0ef1929cda846d1cd9d",
      "mlx_lm/models/jamba.py": "f0d5e5551127179b79f10dff764aeaa70ab3c1fc06e71487a25ad414561f28bd",
      "mlx_lm/models/kimi_k25.py": "5388e4355775549b2bacb47ac57c2e4e523673ec789fe524859e26790421d305",
      "mlx_lm/models/kimi_linear.py": "37bed1dc098c455ebb6e0eceedf9374ef6314a78b7f25b0b2c87828fc3fb2c8d",
      "mlx_lm/models/kimi_vl.py": "2d4bdfbb6303828b42264039038f9500a9aae1f7f6a040d1b8c48891f79cc4e0",
      "mlx_lm/models/lfm2-vl.py": "1ec76d720051d56b186bf1703ade5497eb29796fcd3f3682a68d4968556a7ec8",
      "mlx_lm/models/lfm2.py": "5ce16a8231800fdbb842ea7e603754572d5608cda0f3ef8c61c862840d18806c",
      "mlx_lm/models/lfm2_moe.py": "4cb248cd8d1c8ff279efb77b6fa3ef93dce96771850933f41b0f3669a6377395",
      "mlx_lm/models/lille-130m.py": "971390eaf6d5d4761460e1b5852ec3351da27248aa4b18442cbae6792c1accca",
      "mlx_lm/models/llama.py": "8b46ac7f11c7134c1d83f12ec6e05b3d64a30f18aa7468798437b2e413f80cdb",
      "mlx_lm/models/llama4.py": "6386b73f86adf88de756c1198623235119d9c10af32c6ed9a676f341ad55654c",
      "mlx_lm/models/llama4_text.py": "f6ce3838b18bb6d281de84694639f483209019b1da4bdeb82848909d6af84ad8",
      "mlx_lm/models/longcat_flash.py": "9d801bccfc1081fd34d32b5467b1cf4eb0356ea3563d4e7b87a5530f1ac54e0f",
      "mlx_lm/models/longcat_flash_ngram.py": "9fbda1eb9787f4f03d99bb788e6f171922ff6da1a469a060fcc68286844277e8",
      "mlx_lm/models/mamba.py": "3de6e1dafb147bfc346205df07a298f1623f843ff0e06835cb21d38360ec7da4",
      "mlx_lm/models/mamba2.py": "36d6841678e32dbd132cb1ea94d068f88779287350c58d4b2de34b1317af0fdf",
      "mlx_lm/models/mimo.py": "1ec3ceda0da736880f7879fa1b9bc3a82982d48d6502d807bc3a1bd59b67d6e7",
      "mlx_lm/models/mimo_v2_flash.py": "1c0cff7c66fe6cf90b569f787b1f8f25fa8fce582b74de77f13b854c246407bd",
      "mlx_lm/models/minicpm.py": "444c3c1606cf0f590e661505cdbad4e56a81c769275b16c67ba9471333db9c13",
      "mlx_lm/models/minicpm3.py": "b63fa19d1219ab877e4ab104082f8dc2fc7117ced45abf036c90b19121f34306",
      "mlx_lm/models/minimax.py": "23596bc95ea66c88a79f3e72d220cdd156df7a549f0ed29f917deab8941ae145",
      "mlx_lm/models/ministral3.py": "658de236349540794672fa5526049222d0877edffc43783a9208f483f4fa5dca",
      "mlx_lm/models/mistral3.py": "38b9603ea56130614593a30eabd87d32816b7aa05443af817c1439174786551d",
      "mlx_lm/models/mixtral.py": "a7d15990aa42b81b659c8679089b6f1571225466825c71d9350eace1964c3b5c",
      "mlx_lm/models/mla.py": "22877b336255e58d949d982b6ac4730bd0ca1a1a6f40479f736570b3c9f35057",
      "mlx_lm/models/nanochat.py": "989d414c4c8c3f1ae0d2d9b06c06d45b7dc5fc0bd8b796f585e318586b27dfe4",
      "mlx_lm/models/nemotron-nas.py": "05b40ddd35fd5b829172b2e40ce9674a787623e5bbb26c55d45ed31f5734a855",
      "mlx_lm/models/nemotron.py": "1ca8e8bd88d450fb03ba1723b0376a3199f2a92db2e8a3ccdc512b6cea492bae",
      "mlx_lm/models/nemotron_h.py": "47143633f5ad663aa6834a18be69520ae4d588371e392bcdfdfad898b2571b1f",
      "mlx_lm/models/olmo.py": "cc4cc1097d73449ae22ee2dcf637d6e68b5f11c0482e75261f563b46c41bd40e",
      "mlx_lm/models/olmo2.py": "f14a7484ebf584fdd92faefcc394b1064ffe1828b3b7fd75267de38b1b50b4a9",
      "mlx_lm/models/olmo3.py": "ede2b37d41cff6f73877e8ab4174e9eac10dc37b49962f03c297fe41d9a27393",
      "mlx_lm/models/olmoe.py": "4f8f78d368666ad0bf396963cd094bdf48caeec45d7a188c299bee7fc4bfea90",
      "mlx_lm/models/openelm.py": "5e188106d087d4bae2c009c00cc965ff74a5d6d84e1c1b0cc2aebb145708eea1",
      "mlx_lm/models/phi.py": "93fe4a0f016a55ce225023c703ae34af3e184e3241cafe7140eb688c340a6fb4",
      "mlx_lm/models/phi3.py": "55824e3cc8ddf3e092be202b455bfa423c6abfe43199b24df39d089abf83964b",
      "mlx_lm/models/phi3small.py": "97e71c9a3b879f5892056cd0ff59613f645c8a883df738b63cb41a8787adbfd9",
      "mlx_lm/models/phimoe.py": "8d1ccfadd2ccd81cd259d7bfe5cd218a8652d77ba2d76f45a596406248c0c2f5",
      "mlx_lm/models/phixtral.py": "8987cd1716e7ed32ea7a617dbad7a7a82d7ee63ed865cff0e45948848553dd2e",
      "mlx_lm/models/pipeline.py": "b2bf11a2990f75243f1964d5f8c9aad5842dc69bc99c9028fe87e60788ef0bdd",
      "mlx_lm/models/pixtral.py": "cbccd51a330e724ecc9e98399006b965db5ae7f8fce0698ab03354c6ad119f28",
      "mlx_lm/models/plamo.py": "a3fc5fc6d5648afc8db21cb28ebe1885e69ef8b32edf044e636dc4a4a4dda46b",
      "mlx_lm/models/plamo2.py": "b698b92ec4497ddcb4ab2ce29d54332e30ba76665276ff0681dfc01622d8e582",
      "mlx_lm/models/qwen.py": "27ca9aac6c6d1819c51f7c0f49f352d03b2e508e0ab42200b5a14d514320d02e",
      "mlx_lm/models/qwen2.py": "30d38786f3c598bf58c1dafcdffbeac6f3c507442bde768944350c57222cf391",
      "mlx_lm/models/qwen2_moe.py": "ebd2e5ea63804ad4279073da6d2a6ff3919af2c36a4e1586a7de23cd390fa306",
      "mlx_lm/models/qwen2_vl.py": "c6338e4dc1135cd2a5b07a4496aa6d2ef72fff32ecc58cdfd91872fe073d2a41",
      "mlx_lm/models/qwen3.py": "2284df96ecb669109b281df4534470b18f285aa9a5e41735ad682f601f93c639",
      "mlx_lm/models/qwen3_5.py": "f0daa30bba5cb521c8bdfa7093101a544c6a37bbba09bca582288219cb04ae3a",
      "mlx_lm/models/qwen3_5_moe.py": "ef9e8e1f6a5c097b29587c8330e8eb9c9cbdc52fbb4597fbc2362606c1996619",
      "mlx_lm/models/qwen3_moe.py": "539a201316616d2296a15a0998859e8bc0af36d8433d6f78ab0c46beed51b005",
      "mlx_lm/models/qwen3_next.py": "3c572fe3fbb36721efab4d80d1bb6af11beb4ad1caae18deefc9fc84cbcd9b79",
      "mlx_lm/models/qwen3_vl.py": "d4344d0a3681be91e59a8c0823a0ae58e9bed16da531565c360389976a62bb3e",
      "mlx_lm/models/qwen3_vl_moe.py": "aed222b12c86aa0472288db6d13e0536a6bd06b61dae5850afd7abb8c2613aa9",
      "mlx_lm/models/recurrent_gemma.py": "7446b3cfb9f77c30aa056a4f4449f48991f84c32ba97ed370fc25c3499052edc",
      "mlx_lm/models/rope_utils.py": "9f68c938c040fa111d13f2ed95c70e8261515fb3b54f8a0a474c096baf4e087a",
      "mlx_lm/models/rwkv7.py": "be2b710ed17a417e1f80d4b6f28cb6a61d2cbaa917a348803105902df72cc29e",
      "mlx_lm/models/seed_oss.py": "451a32421feaae71e6508b0ecb6dc8fecdcaf2e1f9ce7347a56ffea95c871832",
      "mlx_lm/models/smollm3.py": "89bb60ff0fc8bc5e04dbde5375dd2475aae8e75e5c792b93f85217b99f594179",
      "mlx_lm/models/solar_open.py": "fbf6c1c57de579e3322978464aebb8cddce77718a396cb18f916efa999328125",
      "mlx_lm/models/ssm.py": "404adb47453e176d1561f1efa5eb09c1c0e58e78defb15c25cb40f6d7aa7890a",
      "mlx_lm/models/stablelm.py": "7788eaa5dcd78d174a4229076af2cba0a0e37657712d62487e4f28932e26d64a",
      "mlx_lm/models/starcoder2.py": "c18e1c679ba5d16910600bc2c6eddcdcb91811bb38216bfa5de8a7daf076f64a",
      "mlx_lm/models/step3p5.py": "ced87a3562463f8a4657b51106fa97fcebce0b5b23c80ae0430ec9edfb7e6169",
      "mlx_lm/models/switch_layers.py": "073a6a808d5c90bb699a2ecca0e559b06727ae96dbc1f0253e4c7e77e4ee1ef2",
      "mlx_lm/models/telechat3.py": "14ce1bf6a19044265873233edd65e37586704c85310cfcb756a109b679e6e427",
      "mlx_lm/models/youtu_llm.py": "cc31f3bde475530f0388d18e99bb50b7fc54248cbaea9d0720f7983d38cd444a",
      "mlx_lm/perplexity.py": "8146c8da1bd6df6b2edeea6c1dab20ee8570c0f13e095479b1a16e85528b3faa",
      "mlx_lm/quant/awq.py": "04834a6d2447626557ca3c05d82140eae9480564abdfb1507a600b76e8ca84aa",
      "mlx_lm/quant/dwq.py": "9a70448d4e5f3d20efc4e70bbbc91ab311fa42479f703077d55d3af75231c72a",
      "mlx_lm/quant/dynamic_quant.py": "c1031bd9b2046a93fe3ffaa991001055a7b591f29b549cc1ed5959ad0bc87020",
      "mlx_lm/quant/gptq.py": "8ba42877f45e86262146c6c962691c19a819478b561f55f04371d28ae3a74c9e",
      "mlx_lm/quant/utils.py": "fbae54a7e39b9ae999bedfebf833e865e6912bada29f4c3fe53383b9d8655e58",
      "mlx_lm/sample_utils.py": "c0ce439f8dbf0d4e6d0f37f728a324f3f72878e6a9123df41be520804c596d67",
      "mlx_lm/server.py": "cdfcb4ac848636f9927851a0ec7a951584526530cb7832ba58049e4a9144db8b",
      "mlx_lm/share.py": "3c25e46d4b413d67cf5bde546f47d09fbcea9ccc446e878721543af43cf91c19",
      "mlx_lm/tokenizer_utils.py": "25784bb03c922d0d7832ce6c66a6cd4eb3a4820b6c5a8e583dedb63a018fb56a",
      "mlx_lm/tool_parsers/__init__.py": "e3b0c44298fc1c149afbf4c8996fb92427ae41e4649b934ca495991b7852b855",
      "mlx_lm/tool_parsers/function_gemma.py": "b8531d412cb87d1ceaecd5e2d15b162ff8036e093a4daa9e3f872d005191defc",
      "mlx_lm/tool_parsers/gemma4.py": "8806c0593a9ababb7f8617a2ffcb9c50f19a0cebdf659124691adba6e09c826c",
      "mlx_lm/tool_parsers/glm47.py": "4007036f3b6440aea56cac6cd2f5ab590b9be941dacd630ba9c01e5f67475b66",
      "mlx_lm/tool_parsers/json_tools.py": "398c044ebd6bbb5578131d57817753d70b43803da509c14d12a2591e01d9cdb1",
      "mlx_lm/tool_parsers/kimi_k2.py": "7d02c9fef2b43d18b5b74261e774943d0ad85a05ea50b92764fb1ee821976206",
      "mlx_lm/tool_parsers/longcat.py": "dcf25a84edd35b92b7df8dceef424e12930828159ad315a67dd997d90f2fc531",
      "mlx_lm/tool_parsers/minimax_m2.py": "db2bd5cd0286ca66881bf363612f65c2a42d0d681d8f1a5e9b442f847066e60f",
      "mlx_lm/tool_parsers/mistral.py": "df143d4bcadadb22291b0d634f485c714065d973aae129f0b6ba789e81fc92b0",
      "mlx_lm/tool_parsers/pythonic.py": "14cf949cac8ba3ce7366fa9f692213f300c1103db5642b4c56af67ca8f0ef13d",
      "mlx_lm/tool_parsers/qwen3_coder.py": "32de6d9f7472a1f00a2acfaacaf13e0e0864cfc19adebbff688ac5004b8ecc25",
      "mlx_lm/tuner/__init__.py": "a03c637c7952112a09906b6e77caf5dadf3aceeb1c2716fd10b01afd318673a3",
      "mlx_lm/tuner/callbacks.py": "dd1e5e7641c3271ae33cdd53bcebb99b67c3d1471a4294b68afd6014dda77ed3",
      "mlx_lm/tuner/datasets.py": "fa112840e6ea98a4ff18428792fe2ab023999c2da51ea64b3ebdf8657a152f17",
      "mlx_lm/tuner/dora.py": "b2f2d80bc5091efcb56916157b0166210aca9333fd20a621ed04ea53bc45ba10",
      "mlx_lm/tuner/lora.py": "4d3a8edab111d4ddba33398ba8700203db7b61621c39e9c348fdd50e57278b45",
      "mlx_lm/tuner/losses.py": "f5a039f681a8727f47ef3a7f073b5a0813182d6b1feaa22e2d697eba6a9f4375",
      "mlx_lm/tuner/trainer.py": "ee33ebdbd20a184108541cb490d08085485e71a82ffd6d68d7d216029ecd28fe",
      "mlx_lm/tuner/utils.py": "166eaf5e5f923113bed43614a5fb7319795fa0cac5a7fa319ea54e5f0045b553",
      "mlx_lm/upload.py": "d25c543f54c58bdcf755ceeea9d9dda36169a704e2754ea1075fac119038eb3d",
      "mlx_lm/utils.py": "ba0371e9c88d52b34d71271945c2394005fbcb2bfb2ee9f6f82d627a33b72422"
    },
    "code_sha256": "d57215ea73c5a9b4ed2ab7d2199bdb611020601fe0c8945a3aacb95d6a51da6c",
    "environment": {
      "packages": {
        "mlx": "0.32.2",
        "mlx-lm": "0.31.3",
        "numpy": "2.5.3",
        "transformers": "5.17.0"
      },
      "platform": "Linux-6.12.90+-x86_64-with-glibc2.35",
      "python": "3.12.13"
    },
    "environment_sha256": "3a854ffb2e3b4169ce6e9ce8d85afccb8c253b9a4878724dede964bc60a6152d",
    "hardware": {
      "architecture": "x86_64",
      "chip": "Intel(R) Xeon(R) CPU @ 2.00GHz",
      "chip_name": "Intel(R) Xeon(R) CPU @ 2.00GHz",
      "cpu_count": 4,
      "gpu_devices": [
        {
          "cores": null,
          "metal_support": null,
          "model": "Tesla T4"
        },
        {
          "cores": null,
          "metal_support": null,
          "model": "Tesla T4"
        }
      ],
      "memory_total_bytes": 33659383808,
      "platform": "Linux",
      "platform_supported": false
    },
    "hardware_sha256": "dc778c6fa919dbbf3b51db4fa028771b1f40acf41da08f425b4be39822a3a147",
    "identity_sha256": "04b60dfcfb97a03c89e6a81235ae2d58f00f56f9f8ace45da4ea8bd2b6ff0a77",
    "model_files": [
      {
        "name": "model.safetensors",
        "sha256": "229f1dfe07d60d4af01e7b2e356b3d33f00c2c1c1b02394d7b3a70e6700405de",
        "size": 732577304
      }
    ],
    "model_id": "mlx-community/gemma-3-1b-it-4bit",
    "model_sha256": "bf5bded769283699a9bf61b16d678b18477c6ad595be9d9ccce50952bfe3ca04",
    "revision": "2d44e83dc9e80843d22fb941d3d699a0b1351aa6",
    "weight_bytes": 732577304
  },
  "load_monitor": {
    "clean_shutdown_required": true,
    "mlx_peak_limit_fraction": 0.6,
    "poll_interval_seconds": 0.25,
    "rss_limit_fraction": 0.6,
    "schema": "ironmule.load_monitor.v1",
    "swap_delta_limit_bytes": 268435456
  },
  "memory_total_bytes": 33659383808,
  "model_id": "mlx-community/gemma-3-1b-it-4bit",
  "plan_id": "1f462e2488edf295248662806214a4f9035c876857543459c275558e0eb3eb62",
  "resource_events": [
    {
      "end_monotonic": 2436.022058404,
      "sample_index": 0,
      "start_monotonic": 2434.756829135,
      "upper_bound_seconds": 1.265229268999974
    },
    {
      "end_monotonic": 2441.137107488,
      "sample_index": 1,
      "start_monotonic": 2440.266133064,
      "upper_bound_seconds": 0.8709744239999964
    },
    {
      "end_monotonic": 2446.223545018,
      "sample_index": 2,
      "start_monotonic": 2445.384339498,
      "upper_bound_seconds": 0.8392055200001778
    },
    {
      "end_monotonic": 2451.314541848,
      "sample_index": 3,
      "start_monotonic": 2450.477803722,
      "upper_bound_seconds": 0.8367381260000002
    },
    {
      "end_monotonic": 2456.430726397,
      "sample_index": 4,
      "start_monotonic": 2455.57365722,
      "upper_bound_seconds": 0.8570691770000849
    },
    {
      "end_monotonic": 2461.467542706,
      "sample_index": 5,
      "start_monotonic": 2460.69530126,
      "upper_bound_seconds": 0.7722414459999527
    },
    {
      "end_monotonic": 2466.597813125,
      "sample_index": 6,
      "start_monotonic": 2465.7444227419996,
      "upper_bound_seconds": 0.85339038300026
    },
    {
      "end_monotonic": 2471.715183665,
      "sample_index": 7,
      "start_monotonic": 2470.8824860420004,
      "upper_bound_seconds": 0.8326976229996035
    },
    {
      "end_monotonic": 2476.839335974,
      "sample_index": 8,
      "start_monotonic": 2475.996127459,
      "upper_bound_seconds": 0.8432085149997874
    },
    {
      "end_monotonic": 2481.968986011,
      "sample_index": 9,
      "start_monotonic": 2481.1317945620003,
      "upper_bound_seconds": 0.8371914489998744
    },
    {
      "end_monotonic": 2498.182864659,
      "sample_index": 10,
      "start_monotonic": 2497.211095637,
      "upper_bound_seconds": 0.9717690219999895
    },
    {
      "end_monotonic": 2503.429528924,
      "sample_index": 11,
      "start_monotonic": 2502.4745922109996,
      "upper_bound_seconds": 0.9549367130002793
    },
    {
      "end_monotonic": 2508.661647077,
      "sample_index": 12,
      "start_monotonic": 2507.719364024,
      "upper_bound_seconds": 0.9422830530002102
    },
    {
      "end_monotonic": 2513.96023255,
      "sample_index": 13,
      "start_monotonic": 2512.9687199259997,
      "upper_bound_seconds": 0.9915126240002792
    },
    {
      "end_monotonic": 2519.257962729,
      "sample_index": 14,
      "start_monotonic": 2518.271725029,
      "upper_bound_seconds": 0.9862376999999469
    },
    {
      "end_monotonic": 2524.517645286,
      "sample_index": 15,
      "start_monotonic": 2523.57450677,
      "upper_bound_seconds": 0.94313851600009
    },
    {
      "end_monotonic": 2529.779715886,
      "sample_index": 16,
      "start_monotonic": 2528.8066227169998,
      "upper_bound_seconds": 0.9730931690000943
    },
    {
      "end_monotonic": 2535.097021778,
      "sample_index": 17,
      "start_monotonic": 2534.1182918550003,
      "upper_bound_seconds": 0.9787299229997188
    },
    {
      "end_monotonic": 2540.389915603,
      "sample_index": 18,
      "start_monotonic": 2539.4271761620003,
      "upper_bound_seconds": 0.9627394409999397
    },
    {
      "end_monotonic": 2545.706599195,
      "sample_index": 19,
      "start_monotonic": 2544.725332914,
      "upper_bound_seconds": 0.9812662809999892
    },
    {
      "end_monotonic": 2562.379198934,
      "sample_index": 20,
      "start_monotonic": 2561.098289158,
      "upper_bound_seconds": 1.280909776000044
    },
    {
      "end_monotonic": 2572.110808315,
      "sample_index": 21,
      "start_monotonic": 2570.793582541,
      "upper_bound_seconds": 1.317225774000235
    },
    {
      "end_monotonic": 2577.733388281,
      "sample_index": 22,
      "start_monotonic": 2576.4621706000003,
      "upper_bound_seconds": 1.271217680999598
    },
    {
      "end_monotonic": 2583.415596423,
      "sample_index": 23,
      "start_monotonic": 2582.091936421,
      "upper_bound_seconds": 1.323660001999997
    },
    {
      "end_monotonic": 2593.172283018,
      "sample_index": 24,
      "start_monotonic": 2591.853398455,
      "upper_bound_seconds": 1.3188845630002106
    },
    {
      "end_monotonic": 2598.851976085,
      "sample_index": 25,
      "start_monotonic": 2597.550220694,
      "upper_bound_seconds": 1.301755390999915
    },
    {
      "end_monotonic": 2604.549781524,
      "sample_index": 26,
      "start_monotonic": 2603.218799425,
      "upper_bound_seconds": 1.3309820990002663
    },
    {
      "end_monotonic": 2626.52530297,
      "sample_index": 27,
      "start_monotonic": 2625.2421890970004,
      "upper_bound_seconds": 1.2831138729998202
    },
    {
      "end_monotonic": 2636.321871522,
      "sample_index": 28,
      "start_monotonic": 2634.997583042,
      "upper_bound_seconds": 1.3242884800001775
    },
    {
      "end_monotonic": 2642.009181694,
      "sample_index": 29,
      "start_monotonic": 2640.721140292,
      "upper_bound_seconds": 1.2880414019996351
    },
    {
      "end_monotonic": 2741.375905978,
      "sample_index": 30,
      "start_monotonic": 2739.9552340239998,
      "upper_bound_seconds": 1.4206719540002268
    },
    {
      "end_monotonic": 2746.870999565,
      "sample_index": 31,
      "start_monotonic": 2745.820135888,
      "upper_bound_seconds": 1.0508636770000521
    },
    {
      "end_monotonic": 2752.314935525,
      "sample_index": 32,
      "start_monotonic": 2751.329206722,
      "upper_bound_seconds": 0.9857288029998017
    },
    {
      "end_monotonic": 2757.835728126,
      "sample_index": 33,
      "start_monotonic": 2756.773172599,
      "upper_bound_seconds": 1.0625555269998586
    },
    {
      "end_monotonic": 2763.320772771,
      "sample_index": 34,
      "start_monotonic": 2762.29331579,
      "upper_bound_seconds": 1.0274569809998866
    },
    {
      "end_monotonic": 2768.808301435,
      "sample_index": 35,
      "start_monotonic": 2767.7848345760003,
      "upper_bound_seconds": 1.0234668589996545
    },
    {
      "end_monotonic": 2774.317403391,
      "sample_index": 36,
      "start_monotonic": 2773.288218546,
      "upper_bound_seconds": 1.0291848450001453
    },
    {
      "end_monotonic": 2779.730555319,
      "sample_index": 37,
      "start_monotonic": 2778.78925829,
      "upper_bound_seconds": 0.9412970289999976
    },
    {
      "end_monotonic": 2785.177254397,
      "sample_index": 38,
      "start_monotonic": 2784.1490775820002,
      "upper_bound_seconds": 1.0281768149998243
    },
    {
      "end_monotonic": 2802.976757594,
      "sample_index": 39,
      "start_monotonic": 2801.9555626809997,
      "upper_bound_seconds": 1.0211949130002722
    },
    {
      "end_monotonic": 2820.38710088,
      "sample_index": 40,
      "start_monotonic": 2818.9969000680003,
      "upper_bound_seconds": 1.3902008119998754
    },
    {
      "end_monotonic": 2826.221074664,
      "sample_index": 41,
      "start_monotonic": 2824.8949115029995,
      "upper_bound_seconds": 1.326163161000295
    },
    {
      "end_monotonic": 2832.079414601,
      "sample_index": 42,
      "start_monotonic": 2830.732491861,
      "upper_bound_seconds": 1.346922739999627
    },
    {
      "end_monotonic": 2837.970213637,
      "sample_index": 43,
      "start_monotonic": 2836.5889251950002,
      "upper_bound_seconds": 1.3812884419999136
    },
    {
      "end_monotonic": 2843.831789333,
      "sample_index": 44,
      "start_monotonic": 2842.49393222,
      "upper_bound_seconds": 1.3378571130001546
    },
    {
      "end_monotonic": 2849.712028214,
      "sample_index": 45,
      "start_monotonic": 2848.348203104,
      "upper_bound_seconds": 1.363825110000107
    },
    {
      "end_monotonic": 2863.82344783,
      "sample_index": 46,
      "start_monotonic": 2862.47088677,
      "upper_bound_seconds": 1.352561059999971
    },
    {
      "end_monotonic": 2882.015509458,
      "sample_index": 47,
      "start_monotonic": 2880.660248363,
      "upper_bound_seconds": 1.3552610950000599
    },
    {
      "end_monotonic": 2887.971883926,
      "sample_index": 48,
      "start_monotonic": 2886.5577955109998,
      "upper_bound_seconds": 1.4140884150001511
    },
    {
      "end_monotonic": 2893.88187395,
      "sample_index": 49,
      "start_monotonic": 2892.5264556800003,
      "upper_bound_seconds": 1.3554182699999728
    },
    {
      "end_monotonic": 2911.089132892,
      "sample_index": 50,
      "start_monotonic": 2910.17348531,
      "upper_bound_seconds": 0.9156475820000196
    },
    {
      "end_monotonic": 2916.615339395,
      "sample_index": 51,
      "start_monotonic": 2915.6820709149997,
      "upper_bound_seconds": 0.9332684800001516
    },
    {
      "end_monotonic": 2922.108420362,
      "sample_index": 52,
      "start_monotonic": 2921.212884278,
      "upper_bound_seconds": 0.8955360840000139
    },
    {
      "end_monotonic": 2927.593849341,
      "sample_index": 53,
      "start_monotonic": 2926.7211709099997,
      "upper_bound_seconds": 0.8726784310001676
    },
    {
      "end_monotonic": 2933.048762118,
      "sample_index": 54,
      "start_monotonic": 2932.12126907,
      "upper_bound_seconds": 0.9274930480000876
    },
    {
      "end_monotonic": 2938.575359662,
      "sample_index": 55,
      "start_monotonic": 2937.6686898390003,
      "upper_bound_seconds": 0.906669822999902
    },
    {
      "end_monotonic": 2944.085781275,
      "sample_index": 56,
      "start_monotonic": 2943.1854039610002,
      "upper_bound_seconds": 0.9003773139997975
    },
    {
      "end_monotonic": 2949.552536359,
      "sample_index": 57,
      "start_monotonic": 2948.7051393429997,
      "upper_bound_seconds": 0.8473970160002864
    },
    {
      "end_monotonic": 2955.134059454,
      "sample_index": 58,
      "start_monotonic": 2954.172274802,
      "upper_bound_seconds": 0.9617846520000057
    },
    {
      "end_monotonic": 2960.696273183,
      "sample_index": 59,
      "start_monotonic": 2959.78023852,
      "upper_bound_seconds": 0.9160346630001186
    },
    {
      "end_monotonic": 3061.710797174,
      "sample_index": 60,
      "start_monotonic": 3059.746324583,
      "upper_bound_seconds": 1.9644725910002308
    },
    {
      "end_monotonic": 3067.843287516,
      "sample_index": 61,
      "start_monotonic": 3066.3818851170004,
      "upper_bound_seconds": 1.4614023989997804
    },
    {
      "end_monotonic": 3073.864658722,
      "sample_index": 62,
      "start_monotonic": 3072.496569911,
      "upper_bound_seconds": 1.3680888110002343
    },
    {
      "end_monotonic": 3079.916870936,
      "sample_index": 63,
      "start_monotonic": 3078.520146388,
      "upper_bound_seconds": 1.396724548000293
    },
    {
      "end_monotonic": 3085.976986694,
      "sample_index": 64,
      "start_monotonic": 3084.586944582,
      "upper_bound_seconds": 1.3900421120001738
    },
    {
      "end_monotonic": 3092.031685381,
      "sample_index": 65,
      "start_monotonic": 3090.64821517,
      "upper_bound_seconds": 1.3834702109998034
    },
    {
      "end_monotonic": 3098.119078948,
      "sample_index": 66,
      "start_monotonic": 3096.709545839,
      "upper_bound_seconds": 1.4095331090002219
    },
    {
      "end_monotonic": 3124.941790343,
      "sample_index": 67,
      "start_monotonic": 3123.5586158509996,
      "upper_bound_seconds": 1.3831744920003075
    },
    {
      "end_monotonic": 3130.973234641,
      "sample_index": 68,
      "start_monotonic": 3129.63413827,
      "upper_bound_seconds": 1.3390963709998687
    },
    {
      "end_monotonic": 3137.057595198,
      "sample_index": 69,
      "start_monotonic": 3135.6830902899997,
      "upper_bound_seconds": 1.37450490800029
    },
    {
      "end_monotonic": 3154.830160489,
      "sample_index": 70,
      "start_monotonic": 3153.8845801089997,
      "upper_bound_seconds": 0.9455803800001377
    },
    {
      "end_monotonic": 3160.520916297,
      "sample_index": 71,
      "start_monotonic": 3159.561039461,
      "upper_bound_seconds": 0.9598768360001486
    },
    {
      "end_monotonic": 3166.238084004,
      "sample_index": 72,
      "start_monotonic": 3165.277519598,
      "upper_bound_seconds": 0.9605644060002305
    },
    {
      "end_monotonic": 3171.936798232,
      "sample_index": 73,
      "start_monotonic": 3170.990033154,
      "upper_bound_seconds": 0.9467650780002259
    },
    {
      "end_monotonic": 3177.691692924,
      "sample_index": 74,
      "start_monotonic": 3176.7007875910003,
      "upper_bound_seconds": 0.9909053329997732
    },
    {
      "end_monotonic": 3183.462616953,
      "sample_index": 75,
      "start_monotonic": 3182.460131551,
      "upper_bound_seconds": 1.002485402000275
    },
    {
      "end_monotonic": 3189.114232913,
      "sample_index": 76,
      "start_monotonic": 3188.136309572,
      "upper_bound_seconds": 0.9779233409999506
    },
    {
      "end_monotonic": 3194.836832788,
      "sample_index": 77,
      "start_monotonic": 3193.883993809,
      "upper_bound_seconds": 0.9528389789998073
    },
    {
      "end_monotonic": 3200.571662897,
      "sample_index": 78,
      "start_monotonic": 3199.612498821,
      "upper_bound_seconds": 0.9591640759999791
    },
    {
      "end_monotonic": 3206.322721652,
      "sample_index": 79,
      "start_monotonic": 3205.353100889,
      "upper_bound_seconds": 0.9696207629999662
    },
    {
      "end_monotonic": 3224.439302529,
      "sample_index": 80,
      "start_monotonic": 3223.3570430940003,
      "upper_bound_seconds": 1.0822594349997416
    },
    {
      "end_monotonic": 3230.327315578,
      "sample_index": 81,
      "start_monotonic": 3229.2240806289997,
      "upper_bound_seconds": 1.1032349490001252
    },
    {
      "end_monotonic": 3236.228308977,
      "sample_index": 82,
      "start_monotonic": 3235.1183014209996,
      "upper_bound_seconds": 1.1100075560002551
    },
    {
      "end_monotonic": 3242.158493008,
      "sample_index": 83,
      "start_monotonic": 3241.052512112,
      "upper_bound_seconds": 1.1059808959998918
    },
    {
      "end_monotonic": 3247.975732074,
      "sample_index": 84,
      "start_monotonic": 3246.990874894,
      "upper_bound_seconds": 0.9848571799998354
    },
    {
      "end_monotonic": 3253.899854928,
      "sample_index": 85,
      "start_monotonic": 3252.825755668,
      "upper_bound_seconds": 1.0740992599999117
    },
    {
      "end_monotonic": 3259.826547793,
      "sample_index": 86,
      "start_monotonic": 3258.733673788,
      "upper_bound_seconds": 1.092874004999885
    },
    {
      "end_monotonic": 3265.775764511,
      "sample_index": 87,
      "start_monotonic": 3264.669834814,
      "upper_bound_seconds": 1.1059296970001924
    },
    {
      "end_monotonic": 3271.709374508,
      "sample_index": 88,
      "start_monotonic": 3270.624217545,
      "upper_bound_seconds": 1.0851569629999176
    },
    {
      "end_monotonic": 3286.022543696,
      "sample_index": 89,
      "start_monotonic": 3284.919978194,
      "upper_bound_seconds": 1.102565501999834
    }
  ],
  "resource_valid": true,
  "revision": "2d44e83dc9e80843d22fb941d3d699a0b1351aa6",
  "run_id": "d397619794a746729b55916f42ac4137",
  "samples": [
    {
      "completion_tokens": 1,
      "correctness": true,
      "finish_reason": "length",
      "forward_count": 3,
      "http_wall_seconds": 1.235395077999783,
      "identity_sha256": "04b60dfcfb97a03c89e6a81235ae2d58f00f56f9f8ace45da4ea8bd2b6ff0a77",
      "limit": 1,
      "output_sha256": "09d65dc08a02fe66e310a45ab18ceca00e089dd531861574a2cdf15d48ac0a79",
      "peak_memory_bytes": 746522728,
      "phase": "warmup",
      "prompt_tokens": 16,
      "sample_index": 0,
      "status": "passed",
      "swap_used_bytes": 0,
      "text_match": true,
      "token_sha256": "79857e45f376a05175359a1e9aef0c05373c17162abf3c0cacd871123fcb451f",
      "tokens_match": true,
      "trace_forwards": true,
      "variant": "reference",
      "worker_index": 0
    },
    {
      "completion_tokens": 1,
      "correctness": true,
      "finish_reason": "length",
      "forward_count": null,
      "http_wall_seconds": 0.8380939909998233,
      "identity_sha256": "04b60dfcfb97a03c89e6a81235ae2d58f00f56f9f8ace45da4ea8bd2b6ff0a77",
      "limit": 1,
      "output_sha256": "09d65dc08a02fe66e310a45ab18ceca00e089dd531861574a2cdf15d48ac0a79",
      "peak_memory_bytes": 747048320,
      "phase": "warmup",
      "prompt_tokens": 16,
      "sample_index": 1,
      "status": "passed",
      "swap_used_bytes": 0,
      "text_match": true,
      "token_sha256": "79857e45f376a05175359a1e9aef0c05373c17162abf3c0cacd871123fcb451f",
      "tokens_match": true,
      "trace_forwards": false,
      "variant": "reference",
      "worker_index": 0
    },
    {
      "completion_tokens": 1,
      "correctness": true,
      "finish_reason": "length",
      "forward_count": 2,
      "http_wall_seconds": 0.807114762999845,
      "identity_sha256": "04b60dfcfb97a03c89e6a81235ae2d58f00f56f9f8ace45da4ea8bd2b6ff0a77",
      "limit": 1,
      "output_sha256": "09d65dc08a02fe66e310a45ab18ceca00e089dd531861574a2cdf15d48ac0a79",
      "peak_memory_bytes": 747048320,
      "phase": "warmup",
      "prompt_tokens": 16,
      "sample_index": 2,
      "status": "passed",
      "swap_used_bytes": 0,
      "text_match": true,
      "token_sha256": "79857e45f376a05175359a1e9aef0c05373c17162abf3c0cacd871123fcb451f",
      "tokens_match": true,
      "trace_forwards": true,
      "variant": "bounded_prefetch",
      "worker_index": 0
    },
    {
      "completion_tokens": 1,
      "correctness": true,
      "finish_reason": "length",
      "forward_count": null,
      "http_wall_seconds": 0.8020168460002424,
      "identity_sha256": "04b60dfcfb97a03c89e6a81235ae2d58f00f56f9f8ace45da4ea8bd2b6ff0a77",
      "limit": 1,
      "output_sha256": "09d65dc08a02fe66e310a45ab18ceca00e089dd531861574a2cdf15d48ac0a79",
      "peak_memory_bytes": 747048320,
      "phase": "warmup",
      "prompt_tokens": 16,
      "sample_index": 3,
      "status": "passed",
      "swap_used_bytes": 0,
      "text_match": true,
      "token_sha256": "79857e45f376a05175359a1e9aef0c05373c17162abf3c0cacd871123fcb451f",
      "tokens_match": true,
      "trace_forwards": false,
      "variant": "bounded_prefetch",
      "worker_index": 0
    },
    {
      "completion_tokens": 1,
      "correctness": true,
      "finish_reason": "length",
      "forward_count": null,
      "http_wall_seconds": 0.8236999470000228,
      "identity_sha256": "04b60dfcfb97a03c89e6a81235ae2d58f00f56f9f8ace45da4ea8bd2b6ff0a77",
      "limit": 1,
      "output_sha256": "09d65dc08a02fe66e310a45ab18ceca00e089dd531861574a2cdf15d48ac0a79",
      "peak_memory_bytes": 747048352,
      "phase": "aa",
      "prompt_tokens": 16,
      "sample_index": 4,
      "status": "passed",
      "swap_used_bytes": 0,
      "text_match": true,
      "token_sha256": "79857e45f376a05175359a1e9aef0c05373c17162abf3c0cacd871123fcb451f",
      "tokens_match": true,
      "trace_forwards": false,
      "variant": "reference",
      "worker_index": 0
    },
    {
      "completion_tokens": 1,
      "correctness": true,
      "finish_reason": "length",
      "forward_count": null,
      "http_wall_seconds": 0.734870151999985,
      "identity_sha256": "04b60dfcfb97a03c89e6a81235ae2d58f00f56f9f8ace45da4ea8bd2b6ff0a77",
      "limit": 1,
      "output_sha256": "09d65dc08a02fe66e310a45ab18ceca00e089dd531861574a2cdf15d48ac0a79",
      "peak_memory_bytes": 747048352,
      "phase": "aa",
      "prompt_tokens": 16,
      "sample_index": 5,
      "status": "passed",
      "swap_used_bytes": 0,
      "text_match": true,
      "token_sha256": "79857e45f376a05175359a1e9aef0c05373c17162abf3c0cacd871123fcb451f",
      "tokens_match": true,
      "trace_forwards": false,
      "variant": "reference",
      "worker_index": 0
    },
    {
      "completion_tokens": 1,
      "correctness": true,
      "finish_reason": "length",
      "forward_count": null,
      "http_wall_seconds": 0.8125492909998684,
      "identity_sha256": "04b60dfcfb97a03c89e6a81235ae2d58f00f56f9f8ace45da4ea8bd2b6ff0a77",
      "limit": 1,
      "output_sha256": "09d65dc08a02fe66e310a45ab18ceca00e089dd531861574a2cdf15d48ac0a79",
      "peak_memory_bytes": 747048352,
      "phase": "ab",
      "prompt_tokens": 16,
      "sample_index": 6,
      "status": "passed",
      "swap_used_bytes": 0,
      "text_match": true,
      "token_sha256": "79857e45f376a05175359a1e9aef0c05373c17162abf3c0cacd871123fcb451f",
      "tokens_match": true,
      "trace_forwards": false,
      "variant": "reference",
      "worker_index": 0
    },
    {
      "completion_tokens": 1,
      "correctness": true,
      "finish_reason": "length",
      "forward_count": null,
      "http_wall_seconds": 0.793751433000125,
      "identity_sha256": "04b60dfcfb97a03c89e6a81235ae2d58f00f56f9f8ace45da4ea8bd2b6ff0a77",
      "limit": 1,
      "output_sha256": "09d65dc08a02fe66e310a45ab18ceca00e089dd531861574a2cdf15d48ac0a79",
      "peak_memory_bytes": 747048352,
      "phase": "ab",
      "prompt_tokens": 16,
      "sample_index": 7,
      "status": "passed",
      "swap_used_bytes": 0,
      "text_match": true,
      "token_sha256": "79857e45f376a05175359a1e9aef0c05373c17162abf3c0cacd871123fcb451f",
      "tokens_match": true,
      "trace_forwards": false,
      "variant": "bounded_prefetch",
      "worker_index": 0
    },
    {
      "completion_tokens": 1,
      "correctness": true,
      "finish_reason": "length",
      "forward_count": null,
      "http_wall_seconds": 0.804108401999656,
      "identity_sha256": "04b60dfcfb97a03c89e6a81235ae2d58f00f56f9f8ace45da4ea8bd2b6ff0a77",
      "limit": 1,
      "output_sha256": "09d65dc08a02fe66e310a45ab18ceca00e089dd531861574a2cdf15d48ac0a79",
      "peak_memory_bytes": 747048352,
      "phase": "ba",
      "prompt_tokens": 16,
      "sample_index": 8,
      "status": "passed",
      "swap_used_bytes": 0,
      "text_match": true,
      "token_sha256": "79857e45f376a05175359a1e9aef0c05373c17162abf3c0cacd871123fcb451f",
      "tokens_match": true,
      "trace_forwards": false,
      "variant": "bounded_prefetch",
      "worker_index": 0
    },
    {
      "completion_tokens": 1,
      "correctness": true,
      "finish_reason": "length",
      "forward_count": null,
      "http_wall_seconds": 0.7952992749997065,
      "identity_sha256": "04b60dfcfb97a03c89e6a81235ae2d58f00f56f9f8ace45da4ea8bd2b6ff0a77",
      "limit": 1,
      "output_sha256": "09d65dc08a02fe66e310a45ab18ceca00e089dd531861574a2cdf15d48ac0a79",
      "peak_memory_bytes": 747048352,
      "phase": "ba",
      "prompt_tokens": 16,
      "sample_index": 9,
      "status": "passed",
      "swap_used_bytes": 0,
      "text_match": true,
      "token_sha256": "79857e45f376a05175359a1e9aef0c05373c17162abf3c0cacd871123fcb451f",
      "tokens_match": true,
      "trace_forwards": false,
      "variant": "reference",
      "worker_index": 0
    },
    {
      "completion_tokens": 8,
      "correctness": true,
      "finish_reason": "length",
      "forward_count": 10,
      "http_wall_seconds": 0.9293115079999552,
      "identity_sha256": "04b60dfcfb97a03c89e6a81235ae2d58f00f56f9f8ace45da4ea8bd2b6ff0a77",
      "limit": 8,
      "output_sha256": "28c87f67ca4892031068c3e5ab4a545e66b3782debcfd64d2e2d6e709be66682",
      "peak_memory_bytes": 747096168,
      "phase": "warmup",
      "prompt_tokens": 16,
      "sample_index": 10,
      "status": "passed",
      "swap_used_bytes": 0,
      "text_match": true,
      "token_sha256": "cd84a1fc4037ef735f20591f68186c100cfa8fe22cf57fb5eba60941b6d0416b",
      "tokens_match": true,
      "trace_forwards": true,
      "variant": "reference",
      "worker_index": 0
    },
    {
      "completion_tokens": 8,
      "correctness": true,
      "finish_reason": "length",
      "forward_count": null,
      "http_wall_seconds": 0.9109946050002691,
      "identity_sha256": "04b60dfcfb97a03c89e6a81235ae2d58f00f56f9f8ace45da4ea8bd2b6ff0a77",
      "limit": 8,
      "output_sha256": "28c87f67ca4892031068c3e5ab4a545e66b3782debcfd64d2e2d6e709be66682",
      "peak_memory_bytes": 747096168,
      "phase": "warmup",
      "prompt_tokens": 16,
      "sample_index": 11,
      "status": "passed",
      "swap_used_bytes": 0,
      "text_match": true,
      "token_sha256": "cd84a1fc4037ef735f20591f68186c100cfa8fe22cf57fb5eba60941b6d0416b",
      "tokens_match": true,
      "trace_forwards": false,
      "variant": "reference",
      "worker_index": 0
    },
    {
      "completion_tokens": 8,
      "correctness": true,
      "finish_reason": "length",
      "forward_count": 9,
      "http_wall_seconds": 0.8961271829998623,
      "identity_sha256": "04b60dfcfb97a03c89e6a81235ae2d58f00f56f9f8ace45da4ea8bd2b6ff0a77",
      "limit": 8,
      "output_sha256": "28c87f67ca4892031068c3e5ab4a545e66b3782debcfd64d2e2d6e709be66682",
      "peak_memory_bytes": 747096168,
      "phase": "warmup",
      "prompt_tokens": 16,
      "sample_index": 12,
      "status": "passed",
      "swap_used_bytes": 0,
      "text_match": true,
      "token_sha256": "cd84a1fc4037ef735f20591f68186c100cfa8fe22cf57fb5eba60941b6d0416b",
      "tokens_match": true,
      "trace_forwards": true,
      "variant": "bounded_prefetch",
      "worker_index": 0
    },
    {
      "completion_tokens": 8,
      "correctness": true,
      "finish_reason": "length",
      "forward_count": null,
      "http_wall_seconds": 0.9443674700000884,
      "identity_sha256": "04b60dfcfb97a03c89e6a81235ae2d58f00f56f9f8ace45da4ea8bd2b6ff0a77",
      "limit": 8,
      "output_sha256": "28c87f67ca4892031068c3e5ab4a545e66b3782debcfd64d2e2d6e709be66682",
      "peak_memory_bytes": 747096168,
      "phase": "warmup",
      "prompt_tokens": 16,
      "sample_index": 13,
      "status": "passed",
      "swap_used_bytes": 0,
      "text_match": true,
      "token_sha256": "cd84a1fc4037ef735f20591f68186c100cfa8fe22cf57fb5eba60941b6d0416b",
      "tokens_match": true,
      "trace_forwards": false,
      "variant": "bounded_prefetch",
      "worker_index": 0
    },
    {
      "completion_tokens": 8,
      "correctness": true,
      "finish_reason": "length",
      "forward_count": null,
      "http_wall_seconds": 0.936312763999922,
      "identity_sha256": "04b60dfcfb97a03c89e6a81235ae2d58f00f56f9f8ace45da4ea8bd2b6ff0a77",
      "limit": 8,
      "output_sha256": "28c87f67ca4892031068c3e5ab4a545e66b3782debcfd64d2e2d6e709be66682",
      "peak_memory_bytes": 747096168,
      "phase": "aa",
      "prompt_tokens": 16,
      "sample_index": 14,
      "status": "passed",
      "swap_used_bytes": 0,
      "text_match": true,
      "token_sha256": "cd84a1fc4037ef735f20591f68186c100cfa8fe22cf57fb5eba60941b6d0416b",
      "tokens_match": true,
      "trace_forwards": false,
      "variant": "reference",
      "worker_index": 0
    },
    {
      "completion_tokens": 8,
      "correctness": true,
      "finish_reason": "length",
      "forward_count": null,
      "http_wall_seconds": 0.9087023390002287,
      "identity_sha256": "04b60dfcfb97a03c89e6a81235ae2d58f00f56f9f8ace45da4ea8bd2b6ff0a77",
      "limit": 8,
      "output_sha256": "28c87f67ca4892031068c3e5ab4a545e66b3782debcfd64d2e2d6e709be66682",
      "peak_memory_bytes": 747096168,
      "phase": "aa",
      "prompt_tokens": 16,
      "sample_index": 15,
      "status": "passed",
      "swap_used_bytes": 0,
      "text_match": true,
      "token_sha256": "cd84a1fc4037ef735f20591f68186c100cfa8fe22cf57fb5eba60941b6d0416b",
      "tokens_match": true,
      "trace_forwards": false,
      "variant": "reference",
      "worker_index": 0
    },
    {
      "completion_tokens": 8,
      "correctness": true,
      "finish_reason": "length",
      "forward_count": null,
      "http_wall_seconds": 0.9231017219999558,
      "identity_sha256": "04b60dfcfb97a03c89e6a81235ae2d58f00f56f9f8ace45da4ea8bd2b6ff0a77",
      "limit": 8,
      "output_sha256": "28c87f67ca4892031068c3e5ab4a545e66b3782debcfd64d2e2d6e709be66682",
      "peak_memory_bytes": 747096168,
      "phase": "ab",
      "prompt_tokens": 16,
      "sample_index": 16,
      "status": "passed",
      "swap_used_bytes": 0,
      "text_match": true,
      "token_sha256": "cd84a1fc4037ef735f20591f68186c100cfa8fe22cf57fb5eba60941b6d0416b",
      "tokens_match": true,
      "trace_forwards": false,
      "variant": "reference",
      "worker_index": 0
    },
    {
      "completion_tokens": 8,
      "correctness": true,
      "finish_reason": "length",
      "forward_count": null,
      "http_wall_seconds": 0.9239361220002138,
      "identity_sha256": "04b60dfcfb97a03c89e6a81235ae2d58f00f56f9f8ace45da4ea8bd2b6ff0a77",
      "limit": 8,
      "output_sha256": "28c87f67ca4892031068c3e5ab4a545e66b3782debcfd64d2e2d6e709be66682",
      "peak_memory_bytes": 747096168,
      "phase": "ab",
      "prompt_tokens": 16,
      "sample_index": 17,
      "status": "passed",
      "swap_used_bytes": 0,
      "text_match": true,
      "token_sha256": "cd84a1fc4037ef735f20591f68186c100cfa8fe22cf57fb5eba60941b6d0416b",
      "tokens_match": true,
      "trace_forwards": false,
      "variant": "bounded_prefetch",
      "worker_index": 0
    },
    {
      "completion_tokens": 8,
      "correctness": true,
      "finish_reason": "length",
      "forward_count": null,
      "http_wall_seconds": 0.9058878420000838,
      "identity_sha256": "04b60dfcfb97a03c89e6a81235ae2d58f00f56f9f8ace45da4ea8bd2b6ff0a77",
      "limit": 8,
      "output_sha256": "28c87f67ca4892031068c3e5ab4a545e66b3782debcfd64d2e2d6e709be66682",
      "peak_memory_bytes": 747096168,
      "phase": "ba",
      "prompt_tokens": 16,
      "sample_index": 18,
      "status": "passed",
      "swap_used_bytes": 0,
      "text_match": true,
      "token_sha256": "cd84a1fc4037ef735f20591f68186c100cfa8fe22cf57fb5eba60941b6d0416b",
      "tokens_match": true,
      "trace_forwards": false,
      "variant": "bounded_prefetch",
      "worker_index": 0
    },
    {
      "completion_tokens": 8,
      "correctness": true,
      "finish_reason": "length",
      "forward_count": null,
      "http_wall_seconds": 0.9266196609996769,
      "identity_sha256": "04b60dfcfb97a03c89e6a81235ae2d58f00f56f9f8ace45da4ea8bd2b6ff0a77",
      "limit": 8,
      "output_sha256": "28c87f67ca4892031068c3e5ab4a545e66b3782debcfd64d2e2d6e709be66682",
      "peak_memory_bytes": 747096168,
      "phase": "ba",
      "prompt_tokens": 16,
      "sample_index": 19,
      "status": "passed",
      "swap_used_bytes": 0,
      "text_match": true,
      "token_sha256": "cd84a1fc4037ef735f20591f68186c100cfa8fe22cf57fb5eba60941b6d0416b",
      "tokens_match": true,
      "trace_forwards": false,
      "variant": "reference",
      "worker_index": 0
    },
    {
      "completion_tokens": 32,
      "correctness": true,
      "finish_reason": "length",
      "forward_count": 34,
      "http_wall_seconds": 1.2225682670000424,
      "identity_sha256": "04b60dfcfb97a03c89e6a81235ae2d58f00f56f9f8ace45da4ea8bd2b6ff0a77",
      "limit": 32,
      "output_sha256": "b29ac6be793684300254b93221298e9c0ab5fc80216e038eeca998b671731b38",
      "peak_memory_bytes": 747096168,
      "phase": "warmup",
      "prompt_tokens": 16,
      "sample_index": 20,
      "status": "passed",
      "swap_used_bytes": 0,
      "text_match": true,
      "token_sha256": "9c61e89dfecf590bfbce7dc4e3826c5880511c86d3105cc09360fcfde2695e14",
      "tokens_match": true,
      "trace_forwards": true,
      "variant": "reference",
      "worker_index": 0
    },
    {
      "completion_tokens": 32,
      "correctness": true,
      "finish_reason": "length",
      "forward_count": null,
      "http_wall_seconds": 1.258117120999941,
      "identity_sha256": "04b60dfcfb97a03c89e6a81235ae2d58f00f56f9f8ace45da4ea8bd2b6ff0a77",
      "limit": 32,
      "output_sha256": "b29ac6be793684300254b93221298e9c0ab5fc80216e038eeca998b671731b38",
      "peak_memory_bytes": 747096168,
      "phase": "warmup",
      "prompt_tokens": 16,
      "sample_index": 21,
      "status": "passed",
      "swap_used_bytes": 0,
      "text_match": true,
      "token_sha256": "9c61e89dfecf590bfbce7dc4e3826c5880511c86d3105cc09360fcfde2695e14",
      "tokens_match": true,
      "trace_forwards": false,
      "variant": "reference",
      "worker_index": 0
    },
    {
      "completion_tokens": 32,
      "correctness": true,
      "finish_reason": "length",
      "forward_count": 33,
      "http_wall_seconds": 1.211536091999733,
      "identity_sha256": "04b60dfcfb97a03c89e6a81235ae2d58f00f56f9f8ace45da4ea8bd2b6ff0a77",
      "limit": 32,
      "output_sha256": "b29ac6be793684300254b93221298e9c0ab5fc80216e038eeca998b671731b38",
      "peak_memory_bytes": 747096168,
      "phase": "warmup",
      "prompt_tokens": 16,
      "sample_index": 22,
      "status": "passed",
      "swap_used_bytes": 0,
      "text_match": true,
      "token_sha256": "9c61e89dfecf590bfbce7dc4e3826c5880511c86d3105cc09360fcfde2695e14",
      "tokens_match": true,
      "trace_forwards": true,
      "variant": "bounded_prefetch",
      "worker_index": 0
    },
    {
      "completion_tokens": 32,
      "correctness": true,
      "finish_reason": "length",
      "forward_count": null,
      "http_wall_seconds": 1.2580970659996638,
      "identity_sha256": "04b60dfcfb97a03c89e6a81235ae2d58f00f56f9f8ace45da4ea8bd2b6ff0a77",
      "limit": 32,
      "output_sha256": "b29ac6be793684300254b93221298e9c0ab5fc80216e038eeca998b671731b38",
      "peak_memory_bytes": 747096168,
      "phase": "warmup",
      "prompt_tokens": 16,
      "sample_index": 23,
      "status": "passed",
      "swap_used_bytes": 0,
      "text_match": true,
      "token_sha256": "9c61e89dfecf590bfbce7dc4e3826c5880511c86d3105cc09360fcfde2695e14",
      "tokens_match": true,
      "trace_forwards": false,
      "variant": "bounded_prefetch",
      "worker_index": 0
    },
    {
      "completion_tokens": 32,
      "correctness": true,
      "finish_reason": "length",
      "forward_count": null,
      "http_wall_seconds": 1.2529036020000603,
      "identity_sha256": "04b60dfcfb97a03c89e6a81235ae2d58f00f56f9f8ace45da4ea8bd2b6ff0a77",
      "limit": 32,
      "output_sha256": "b29ac6be793684300254b93221298e9c0ab5fc80216e038eeca998b671731b38",
      "peak_memory_bytes": 747096168,
      "phase": "aa",
      "prompt_tokens": 16,
      "sample_index": 24,
      "status": "passed",
      "swap_used_bytes": 0,
      "text_match": true,
      "token_sha256": "9c61e89dfecf590bfbce7dc4e3826c5880511c86d3105cc09360fcfde2695e14",
      "tokens_match": true,
      "trace_forwards": false,
      "variant": "reference",
      "worker_index": 0
    },
    {
      "completion_tokens": 32,
      "correctness": true,
      "finish_reason": "length",
      "forward_count": null,
      "http_wall_seconds": 1.2386563560003196,
      "identity_sha256": "04b60dfcfb97a03c89e6a81235ae2d58f00f56f9f8ace45da4ea8bd2b6ff0a77",
      "limit": 32,
      "output_sha256": "b29ac6be793684300254b93221298e9c0ab5fc80216e038eeca998b671731b38",
      "peak_memory_bytes": 747096168,
      "phase": "aa",
      "prompt_tokens": 16,
      "sample_index": 25,
      "status": "passed",
      "swap_used_bytes": 0,
      "text_match": true,
      "token_sha256": "9c61e89dfecf590bfbce7dc4e3826c5880511c86d3105cc09360fcfde2695e14",
      "tokens_match": true,
      "trace_forwards": false,
      "variant": "reference",
      "worker_index": 0
    },
    {
      "completion_tokens": 32,
      "correctness": true,
      "finish_reason": "length",
      "forward_count": null,
      "http_wall_seconds": 1.2651159459996961,
      "identity_sha256": "04b60dfcfb97a03c89e6a81235ae2d58f00f56f9f8ace45da4ea8bd2b6ff0a77",
      "limit": 32,
      "output_sha256": "b29ac6be793684300254b93221298e9c0ab5fc80216e038eeca998b671731b38",
      "peak_memory_bytes": 747096168,
      "phase": "ab",
      "prompt_tokens": 16,
      "sample_index": 26,
      "status": "passed",
      "swap_used_bytes": 0,
      "text_match": true,
      "token_sha256": "9c61e89dfecf590bfbce7dc4e3826c5880511c86d3105cc09360fcfde2695e14",
      "tokens_match": true,
      "trace_forwards": false,
      "variant": "reference",
      "worker_index": 0
    },
    {
      "completion_tokens": 32,
      "correctness": true,
      "finish_reason": "length",
      "forward_count": null,
      "http_wall_seconds": 1.2098282719998679,
      "identity_sha256": "04b60dfcfb97a03c89e6a81235ae2d58f00f56f9f8ace45da4ea8bd2b6ff0a77",
      "limit": 32,
      "output_sha256": "b29ac6be793684300254b93221298e9c0ab5fc80216e038eeca998b671731b38",
      "peak_memory_bytes": 747096168,
      "phase": "ab",
      "prompt_tokens": 16,
      "sample_index": 27,
      "status": "passed",
      "swap_used_bytes": 0,
      "text_match": true,
      "token_sha256": "9c61e89dfecf590bfbce7dc4e3826c5880511c86d3105cc09360fcfde2695e14",
      "tokens_match": true,
      "trace_forwards": false,
      "variant": "bounded_prefetch",
      "worker_index": 0
    },
    {
      "completion_tokens": 32,
      "correctness": true,
      "finish_reason": "length",
      "forward_count": null,
      "http_wall_seconds": 1.250586282000313,
      "identity_sha256": "04b60dfcfb97a03c89e6a81235ae2d58f00f56f9f8ace45da4ea8bd2b6ff0a77",
      "limit": 32,
      "output_sha256": "b29ac6be793684300254b93221298e9c0ab5fc80216e038eeca998b671731b38",
      "peak_memory_bytes": 747096168,
      "phase": "ba",
      "prompt_tokens": 16,
      "sample_index": 28,
      "status": "passed",
      "swap_used_bytes": 0,
      "text_match": true,
      "token_sha256": "9c61e89dfecf590bfbce7dc4e3826c5880511c86d3105cc09360fcfde2695e14",
      "tokens_match": true,
      "trace_forwards": false,
      "variant": "bounded_prefetch",
      "worker_index": 0
    },
    {
      "completion_tokens": 32,
      "correctness": true,
      "finish_reason": "length",
      "forward_count": null,
      "http_wall_seconds": 1.2190344379996532,
      "identity_sha256": "04b60dfcfb97a03c89e6a81235ae2d58f00f56f9f8ace45da4ea8bd2b6ff0a77",
      "limit": 32,
      "output_sha256": "b29ac6be793684300254b93221298e9c0ab5fc80216e038eeca998b671731b38",
      "peak_memory_bytes": 747096168,
      "phase": "ba",
      "prompt_tokens": 16,
      "sample_index": 29,
      "status": "passed",
      "swap_used_bytes": 0,
      "text_match": true,
      "token_sha256": "9c61e89dfecf590bfbce7dc4e3826c5880511c86d3105cc09360fcfde2695e14",
      "tokens_match": true,
      "trace_forwards": false,
      "variant": "reference",
      "worker_index": 0
    },
    {
      "completion_tokens": 8,
      "correctness": true,
      "finish_reason": "length",
      "forward_count": 10,
      "http_wall_seconds": 1.3680673579997347,
      "identity_sha256": "04b60dfcfb97a03c89e6a81235ae2d58f00f56f9f8ace45da4ea8bd2b6ff0a77",
      "limit": 8,
      "output_sha256": "28c87f67ca4892031068c3e5ab4a545e66b3782debcfd64d2e2d6e709be66682",
      "peak_memory_bytes": 747096168,
      "phase": "warmup",
      "prompt_tokens": 16,
      "sample_index": 30,
      "status": "passed",
      "swap_used_bytes": 0,
      "text_match": true,
      "token_sha256": "cd84a1fc4037ef735f20591f68186c100cfa8fe22cf57fb5eba60941b6d0416b",
      "tokens_match": true,
      "trace_forwards": true,
      "variant": "reference",
      "worker_index": 1
    },
    {
      "completion_tokens": 8,
      "correctness": true,
      "finish_reason": "length",
      "forward_count": null,
      "http_wall_seconds": 0.9699345399999402,
      "identity_sha256": "04b60dfcfb97a03c89e6a81235ae2d58f00f56f9f8ace45da4ea8bd2b6ff0a77",
      "limit": 8,
      "output_sha256": "28c87f67ca4892031068c3e5ab4a545e66b3782debcfd64d2e2d6e709be66682",
      "peak_memory_bytes": 747096168,
      "phase": "warmup",
      "prompt_tokens": 16,
      "sample_index": 31,
      "status": "passed",
      "swap_used_bytes": 0,
      "text_match": true,
      "token_sha256": "cd84a1fc4037ef735f20591f68186c100cfa8fe22cf57fb5eba60941b6d0416b",
      "tokens_match": true,
      "trace_forwards": false,
      "variant": "reference",
      "worker_index": 1
    },
    {
      "completion_tokens": 8,
      "correctness": true,
      "finish_reason": "length",
      "forward_count": 9,
      "http_wall_seconds": 0.9311929830000736,
      "identity_sha256": "04b60dfcfb97a03c89e6a81235ae2d58f00f56f9f8ace45da4ea8bd2b6ff0a77",
      "limit": 8,
      "output_sha256": "28c87f67ca4892031068c3e5ab4a545e66b3782debcfd64d2e2d6e709be66682",
      "peak_memory_bytes": 747096168,
      "phase": "warmup",
      "prompt_tokens": 16,
      "sample_index": 32,
      "status": "passed",
      "swap_used_bytes": 0,
      "text_match": true,
      "token_sha256": "cd84a1fc4037ef735f20591f68186c100cfa8fe22cf57fb5eba60941b6d0416b",
      "tokens_match": true,
      "trace_forwards": true,
      "variant": "bounded_prefetch",
      "worker_index": 1
    },
    {
      "completion_tokens": 8,
      "correctness": true,
      "finish_reason": "length",
      "forward_count": null,
      "http_wall_seconds": 0.9786365770000884,
      "identity_sha256": "04b60dfcfb97a03c89e6a81235ae2d58f00f56f9f8ace45da4ea8bd2b6ff0a77",
      "limit": 8,
      "output_sha256": "28c87f67ca4892031068c3e5ab4a545e66b3782debcfd64d2e2d6e709be66682",
      "peak_memory_bytes": 747096168,
      "phase": "warmup",
      "prompt_tokens": 16,
      "sample_index": 33,
      "status": "passed",
      "swap_used_bytes": 0,
      "text_match": true,
      "token_sha256": "cd84a1fc4037ef735f20591f68186c100cfa8fe22cf57fb5eba60941b6d0416b",
      "tokens_match": true,
      "trace_forwards": false,
      "variant": "bounded_prefetch",
      "worker_index": 1
    },
    {
      "completion_tokens": 8,
      "correctness": true,
      "finish_reason": "length",
      "forward_count": null,
      "http_wall_seconds": 0.9414163090000329,
      "identity_sha256": "04b60dfcfb97a03c89e6a81235ae2d58f00f56f9f8ace45da4ea8bd2b6ff0a77",
      "limit": 8,
      "output_sha256": "28c87f67ca4892031068c3e5ab4a545e66b3782debcfd64d2e2d6e709be66682",
      "peak_memory_bytes": 747096168,
      "phase": "aa",
      "prompt_tokens": 16,
      "sample_index": 34,
      "status": "passed",
      "swap_used_bytes": 0,
      "text_match": true,
      "token_sha256": "cd84a1fc4037ef735f20591f68186c100cfa8fe22cf57fb5eba60941b6d0416b",
      "tokens_match": true,
      "trace_forwards": false,
      "variant": "reference",
      "worker_index": 1
    },
    {
      "completion_tokens": 8,
      "correctness": true,
      "finish_reason": "length",
      "forward_count": null,
      "http_wall_seconds": 0.9390636980001545,
      "identity_sha256": "04b60dfcfb97a03c89e6a81235ae2d58f00f56f9f8ace45da4ea8bd2b6ff0a77",
      "limit": 8,
      "output_sha256": "28c87f67ca4892031068c3e5ab4a545e66b3782debcfd64d2e2d6e709be66682",
      "peak_memory_bytes": 747096168,
      "phase": "aa",
      "prompt_tokens": 16,
      "sample_index": 35,
      "status": "passed",
      "swap_used_bytes": 0,
      "text_match": true,
      "token_sha256": "cd84a1fc4037ef735f20591f68186c100cfa8fe22cf57fb5eba60941b6d0416b",
      "tokens_match": true,
      "trace_forwards": false,
      "variant": "reference",
      "worker_index": 1
    },
    {
      "completion_tokens": 8,
      "correctness": true,
      "finish_reason": "length",
      "forward_count": null,
      "http_wall_seconds": 0.9423429469998155,
      "identity_sha256": "04b60dfcfb97a03c89e6a81235ae2d58f00f56f9f8ace45da4ea8bd2b6ff0a77",
      "limit": 8,
      "output_sha256": "28c87f67ca4892031068c3e5ab4a545e66b3782debcfd64d2e2d6e709be66682",
      "peak_memory_bytes": 747096168,
      "phase": "ab",
      "prompt_tokens": 16,
      "sample_index": 36,
      "status": "passed",
      "swap_used_bytes": 0,
      "text_match": true,
      "token_sha256": "cd84a1fc4037ef735f20591f68186c100cfa8fe22cf57fb5eba60941b6d0416b",
      "tokens_match": true,
      "trace_forwards": false,
      "variant": "reference",
      "worker_index": 1
    },
    {
      "completion_tokens": 8,
      "correctness": true,
      "finish_reason": "length",
      "forward_count": null,
      "http_wall_seconds": 0.8840395429997443,
      "identity_sha256": "04b60dfcfb97a03c89e6a81235ae2d58f00f56f9f8ace45da4ea8bd2b6ff0a77",
      "limit": 8,
      "output_sha256": "28c87f67ca4892031068c3e5ab4a545e66b3782debcfd64d2e2d6e709be66682",
      "peak_memory_bytes": 747096168,
      "phase": "ab",
      "prompt_tokens": 16,
      "sample_index": 37,
      "status": "passed",
      "swap_used_bytes": 0,
      "text_match": true,
      "token_sha256": "cd84a1fc4037ef735f20591f68186c100cfa8fe22cf57fb5eba60941b6d0416b",
      "tokens_match": true,
      "trace_forwards": false,
      "variant": "bounded_prefetch",
      "worker_index": 1
    },
    {
      "completion_tokens": 8,
      "correctness": true,
      "finish_reason": "length",
      "forward_count": null,
      "http_wall_seconds": 0.9330167530001745,
      "identity_sha256": "04b60dfcfb97a03c89e6a81235ae2d58f00f56f9f8ace45da4ea8bd2b6ff0a77",
      "limit": 8,
      "output_sha256": "28c87f67ca4892031068c3e5ab4a545e66b3782debcfd64d2e2d6e709be66682",
      "peak_memory_bytes": 747096168,
      "phase": "ba",
      "prompt_tokens": 16,
      "sample_index": 38,
      "status": "passed",
      "swap_used_bytes": 0,
      "text_match": true,
      "token_sha256": "cd84a1fc4037ef735f20591f68186c100cfa8fe22cf57fb5eba60941b6d0416b",
      "tokens_match": true,
      "trace_forwards": false,
      "variant": "bounded_prefetch",
      "worker_index": 1
    },
    {
      "completion_tokens": 8,
      "correctness": true,
      "finish_reason": "length",
      "forward_count": null,
      "http_wall_seconds": 0.9191936819997863,
      "identity_sha256": "04b60dfcfb97a03c89e6a81235ae2d58f00f56f9f8ace45da4ea8bd2b6ff0a77",
      "limit": 8,
      "output_sha256": "28c87f67ca4892031068c3e5ab4a545e66b3782debcfd64d2e2d6e709be66682",
      "peak_memory_bytes": 747096168,
      "phase": "ba",
      "prompt_tokens": 16,
      "sample_index": 39,
      "status": "passed",
      "swap_used_bytes": 0,
      "text_match": true,
      "token_sha256": "cd84a1fc4037ef735f20591f68186c100cfa8fe22cf57fb5eba60941b6d0416b",
      "tokens_match": true,
      "trace_forwards": false,
      "variant": "reference",
      "worker_index": 1
    },
    {
      "completion_tokens": 32,
      "correctness": true,
      "finish_reason": "length",
      "forward_count": 34,
      "http_wall_seconds": 1.291273555999851,
      "identity_sha256": "04b60dfcfb97a03c89e6a81235ae2d58f00f56f9f8ace45da4ea8bd2b6ff0a77",
      "limit": 32,
      "output_sha256": "b29ac6be793684300254b93221298e9c0ab5fc80216e038eeca998b671731b38",
      "peak_memory_bytes": 747096168,
      "phase": "warmup",
      "prompt_tokens": 16,
      "sample_index": 40,
      "status": "passed",
      "swap_used_bytes": 0,
      "text_match": true,
      "token_sha256": "9c61e89dfecf590bfbce7dc4e3826c5880511c86d3105cc09360fcfde2695e14",
      "tokens_match": true,
      "trace_forwards": true,
      "variant": "reference",
      "worker_index": 1
    },
    {
      "completion_tokens": 32,
      "correctness": true,
      "finish_reason": "length",
      "forward_count": null,
      "http_wall_seconds": 1.2272675460003484,
      "identity_sha256": "04b60dfcfb97a03c89e6a81235ae2d58f00f56f9f8ace45da4ea8bd2b6ff0a77",
      "limit": 32,
      "output_sha256": "b29ac6be793684300254b93221298e9c0ab5fc80216e038eeca998b671731b38",
      "peak_memory_bytes": 747096168,
      "phase": "warmup",
      "prompt_tokens": 16,
      "sample_index": 41,
      "status": "passed",
      "swap_used_bytes": 0,
      "text_match": true,
      "token_sha256": "9c61e89dfecf590bfbce7dc4e3826c5880511c86d3105cc09360fcfde2695e14",
      "tokens_match": true,
      "trace_forwards": false,
      "variant": "reference",
      "worker_index": 1
    },
    {
      "completion_tokens": 32,
      "correctness": true,
      "finish_reason": "length",
      "forward_count": 33,
      "http_wall_seconds": 1.2488475310001377,
      "identity_sha256": "04b60dfcfb97a03c89e6a81235ae2d58f00f56f9f8ace45da4ea8bd2b6ff0a77",
      "limit": 32,
      "output_sha256": "b29ac6be793684300254b93221298e9c0ab5fc80216e038eeca998b671731b38",
      "peak_memory_bytes": 747096168,
      "phase": "warmup",
      "prompt_tokens": 16,
      "sample_index": 42,
      "status": "passed",
      "swap_used_bytes": 0,
      "text_match": true,
      "token_sha256": "9c61e89dfecf590bfbce7dc4e3826c5880511c86d3105cc09360fcfde2695e14",
      "tokens_match": true,
      "trace_forwards": true,
      "variant": "bounded_prefetch",
      "worker_index": 1
    },
    {
      "completion_tokens": 32,
      "correctness": true,
      "finish_reason": "length",
      "forward_count": null,
      "http_wall_seconds": 1.2802021860002242,
      "identity_sha256": "04b60dfcfb97a03c89e6a81235ae2d58f00f56f9f8ace45da4ea8bd2b6ff0a77",
      "limit": 32,
      "output_sha256": "b29ac6be793684300254b93221298e9c0ab5fc80216e038eeca998b671731b38",
      "peak_memory_bytes": 747096168,
      "phase": "warmup",
      "prompt_tokens": 16,
      "sample_index": 43,
      "status": "passed",
      "swap_used_bytes": 0,
      "text_match": true,
      "token_sha256": "9c61e89dfecf590bfbce7dc4e3826c5880511c86d3105cc09360fcfde2695e14",
      "tokens_match": true,
      "trace_forwards": false,
      "variant": "bounded_prefetch",
      "worker_index": 1
    },
    {
      "completion_tokens": 32,
      "correctness": true,
      "finish_reason": "length",
      "forward_count": null,
      "http_wall_seconds": 1.235738730000321,
      "identity_sha256": "04b60dfcfb97a03c89e6a81235ae2d58f00f56f9f8ace45da4ea8bd2b6ff0a77",
      "limit": 32,
      "output_sha256": "b29ac6be793684300254b93221298e9c0ab5fc80216e038eeca998b671731b38",
      "peak_memory_bytes": 747096168,
      "phase": "aa",
      "prompt_tokens": 16,
      "sample_index": 44,
      "status": "passed",
      "swap_used_bytes": 0,
      "text_match": true,
      "token_sha256": "9c61e89dfecf590bfbce7dc4e3826c5880511c86d3105cc09360fcfde2695e14",
      "tokens_match": true,
      "trace_forwards": false,
      "variant": "reference",
      "worker_index": 1
    },
    {
      "completion_tokens": 32,
      "correctness": true,
      "finish_reason": "length",
      "forward_count": null,
      "http_wall_seconds": 1.258697138000116,
      "identity_sha256": "04b60dfcfb97a03c89e6a81235ae2d58f00f56f9f8ace45da4ea8bd2b6ff0a77",
      "limit": 32,
      "output_sha256": "b29ac6be793684300254b93221298e9c0ab5fc80216e038eeca998b671731b38",
      "peak_memory_bytes": 747096168,
      "phase": "aa",
      "prompt_tokens": 16,
      "sample_index": 45,
      "status": "passed",
      "swap_used_bytes": 0,
      "text_match": true,
      "token_sha256": "9c61e89dfecf590bfbce7dc4e3826c5880511c86d3105cc09360fcfde2695e14",
      "tokens_match": true,
      "trace_forwards": false,
      "variant": "reference",
      "worker_index": 1
    },
    {
      "completion_tokens": 32,
      "correctness": true,
      "finish_reason": "length",
      "forward_count": null,
      "http_wall_seconds": 1.2865909080001074,
      "identity_sha256": "04b60dfcfb97a03c89e6a81235ae2d58f00f56f9f8ace45da4ea8bd2b6ff0a77",
      "limit": 32,
      "output_sha256": "b29ac6be793684300254b93221298e9c0ab5fc80216e038eeca998b671731b38",
      "peak_memory_bytes": 747096168,
      "phase": "ab",
      "prompt_tokens": 16,
      "sample_index": 46,
      "status": "passed",
      "swap_used_bytes": 0,
      "text_match": true,
      "token_sha256": "9c61e89dfecf590bfbce7dc4e3826c5880511c86d3105cc09360fcfde2695e14",
      "tokens_match": true,
      "trace_forwards": false,
      "variant": "reference",
      "worker_index": 1
    },
    {
      "completion_tokens": 32,
      "correctness": true,
      "finish_reason": "length",
      "forward_count": null,
      "http_wall_seconds": 1.2462325070000588,
      "identity_sha256": "04b60dfcfb97a03c89e6a81235ae2d58f00f56f9f8ace45da4ea8bd2b6ff0a77",
      "limit": 32,
      "output_sha256": "b29ac6be793684300254b93221298e9c0ab5fc80216e038eeca998b671731b38",
      "peak_memory_bytes": 747096168,
      "phase": "ab",
      "prompt_tokens": 16,
      "sample_index": 47,
      "status": "passed",
      "swap_used_bytes": 0,
      "text_match": true,
      "token_sha256": "9c61e89dfecf590bfbce7dc4e3826c5880511c86d3105cc09360fcfde2695e14",
      "tokens_match": true,
      "trace_forwards": false,
      "variant": "bounded_prefetch",
      "worker_index": 1
    },
    {
      "completion_tokens": 32,
      "correctness": true,
      "finish_reason": "length",
      "forward_count": null,
      "http_wall_seconds": 1.3070072259997687,
      "identity_sha256": "04b60dfcfb97a03c89e6a81235ae2d58f00f56f9f8ace45da4ea8bd2b6ff0a77",
      "limit": 32,
      "output_sha256": "b29ac6be793684300254b93221298e9c0ab5fc80216e038eeca998b671731b38",
      "peak_memory_bytes": 747096168,
      "phase": "ba",
      "prompt_tokens": 16,
      "sample_index": 48,
      "status": "passed",
      "swap_used_bytes": 0,
      "text_match": true,
      "token_sha256": "9c61e89dfecf590bfbce7dc4e3826c5880511c86d3105cc09360fcfde2695e14",
      "tokens_match": true,
      "trace_forwards": false,
      "variant": "bounded_prefetch",
      "worker_index": 1
    },
    {
      "completion_tokens": 32,
      "correctness": true,
      "finish_reason": "length",
      "forward_count": null,
      "http_wall_seconds": 1.244964464000077,
      "identity_sha256": "04b60dfcfb97a03c89e6a81235ae2d58f00f56f9f8ace45da4ea8bd2b6ff0a77",
      "limit": 32,
      "output_sha256": "b29ac6be793684300254b93221298e9c0ab5fc80216e038eeca998b671731b38",
      "peak_memory_bytes": 747096168,
      "phase": "ba",
      "prompt_tokens": 16,
      "sample_index": 49,
      "status": "passed",
      "swap_used_bytes": 0,
      "text_match": true,
      "token_sha256": "9c61e89dfecf590bfbce7dc4e3826c5880511c86d3105cc09360fcfde2695e14",
      "tokens_match": true,
      "trace_forwards": false,
      "variant": "reference",
      "worker_index": 1
    },
    {
      "completion_tokens": 1,
      "correctness": true,
      "finish_reason": "length",
      "forward_count": 3,
      "http_wall_seconds": 0.799073824000061,
      "identity_sha256": "04b60dfcfb97a03c89e6a81235ae2d58f00f56f9f8ace45da4ea8bd2b6ff0a77",
      "limit": 1,
      "output_sha256": "09d65dc08a02fe66e310a45ab18ceca00e089dd531861574a2cdf15d48ac0a79",
      "peak_memory_bytes": 747096168,
      "phase": "warmup",
      "prompt_tokens": 16,
      "sample_index": 50,
      "status": "passed",
      "swap_used_bytes": 0,
      "text_match": true,
      "token_sha256": "79857e45f376a05175359a1e9aef0c05373c17162abf3c0cacd871123fcb451f",
      "tokens_match": true,
      "trace_forwards": true,
      "variant": "reference",
      "worker_index": 1
    },
    {
      "completion_tokens": 1,
      "correctness": true,
      "finish_reason": "length",
      "forward_count": null,
      "http_wall_seconds": 0.8149238380001407,
      "identity_sha256": "04b60dfcfb97a03c89e6a81235ae2d58f00f56f9f8ace45da4ea8bd2b6ff0a77",
      "limit": 1,
      "output_sha256": "09d65dc08a02fe66e310a45ab18ceca00e089dd531861574a2cdf15d48ac0a79",
      "peak_memory_bytes": 747096168,
      "phase": "warmup",
      "prompt_tokens": 16,
      "sample_index": 51,
      "status": "passed",
      "swap_used_bytes": 0,
      "text_match": true,
      "token_sha256": "79857e45f376a05175359a1e9aef0c05373c17162abf3c0cacd871123fcb451f",
      "tokens_match": true,
      "trace_forwards": false,
      "variant": "reference",
      "worker_index": 1
    },
    {
      "completion_tokens": 1,
      "correctness": true,
      "finish_reason": "length",
      "forward_count": 2,
      "http_wall_seconds": 0.7789246840002306,
      "identity_sha256": "04b60dfcfb97a03c89e6a81235ae2d58f00f56f9f8ace45da4ea8bd2b6ff0a77",
      "limit": 1,
      "output_sha256": "09d65dc08a02fe66e310a45ab18ceca00e089dd531861574a2cdf15d48ac0a79",
      "peak_memory_bytes": 747096168,
      "phase": "warmup",
      "prompt_tokens": 16,
      "sample_index": 52,
      "status": "passed",
      "swap_used_bytes": 0,
      "text_match": true,
      "token_sha256": "79857e45f376a05175359a1e9aef0c05373c17162abf3c0cacd871123fcb451f",
      "tokens_match": true,
      "trace_forwards": true,
      "variant": "bounded_prefetch",
      "worker_index": 1
    },
    {
      "completion_tokens": 1,
      "correctness": true,
      "finish_reason": "length",
      "forward_count": null,
      "http_wall_seconds": 0.748174944999846,
      "identity_sha256": "04b60dfcfb97a03c89e6a81235ae2d58f00f56f9f8ace45da4ea8bd2b6ff0a77",
      "limit": 1,
      "output_sha256": "09d65dc08a02fe66e310a45ab18ceca00e089dd531861574a2cdf15d48ac0a79",
      "peak_memory_bytes": 747096168,
      "phase": "warmup",
      "prompt_tokens": 16,
      "sample_index": 53,
      "status": "passed",
      "swap_used_bytes": 0,
      "text_match": true,
      "token_sha256": "79857e45f376a05175359a1e9aef0c05373c17162abf3c0cacd871123fcb451f",
      "tokens_match": true,
      "trace_forwards": false,
      "variant": "bounded_prefetch",
      "worker_index": 1
    },
    {
      "completion_tokens": 1,
      "correctness": true,
      "finish_reason": "length",
      "forward_count": null,
      "http_wall_seconds": 0.8065937749997829,
      "identity_sha256": "04b60dfcfb97a03c89e6a81235ae2d58f00f56f9f8ace45da4ea8bd2b6ff0a77",
      "limit": 1,
      "output_sha256": "09d65dc08a02fe66e310a45ab18ceca00e089dd531861574a2cdf15d48ac0a79",
      "peak_memory_bytes": 747096168,
      "phase": "aa",
      "prompt_tokens": 16,
      "sample_index": 54,
      "status": "passed",
      "swap_used_bytes": 0,
      "text_match": true,
      "token_sha256": "79857e45f376a05175359a1e9aef0c05373c17162abf3c0cacd871123fcb451f",
      "tokens_match": true,
      "trace_forwards": false,
      "variant": "reference",
      "worker_index": 1
    },
    {
      "completion_tokens": 1,
      "correctness": true,
      "finish_reason": "length",
      "forward_count": null,
      "http_wall_seconds": 0.7867943639998884,
      "identity_sha256": "04b60dfcfb97a03c89e6a81235ae2d58f00f56f9f8ace45da4ea8bd2b6ff0a77",
      "limit": 1,
      "output_sha256": "09d65dc08a02fe66e310a45ab18ceca00e089dd531861574a2cdf15d48ac0a79",
      "peak_memory_bytes": 747096168,
      "phase": "aa",
      "prompt_tokens": 16,
      "sample_index": 55,
      "status": "passed",
      "swap_used_bytes": 0,
      "text_match": true,
      "token_sha256": "79857e45f376a05175359a1e9aef0c05373c17162abf3c0cacd871123fcb451f",
      "tokens_match": true,
      "trace_forwards": false,
      "variant": "reference",
      "worker_index": 1
    },
    {
      "completion_tokens": 1,
      "correctness": true,
      "finish_reason": "length",
      "forward_count": null,
      "http_wall_seconds": 0.7779354699996475,
      "identity_sha256": "04b60dfcfb97a03c89e6a81235ae2d58f00f56f9f8ace45da4ea8bd2b6ff0a77",
      "limit": 1,
      "output_sha256": "09d65dc08a02fe66e310a45ab18ceca00e089dd531861574a2cdf15d48ac0a79",
      "peak_memory_bytes": 747096168,
      "phase": "ab",
      "prompt_tokens": 16,
      "sample_index": 56,
      "status": "passed",
      "swap_used_bytes": 0,
      "text_match": true,
      "token_sha256": "79857e45f376a05175359a1e9aef0c05373c17162abf3c0cacd871123fcb451f",
      "tokens_match": true,
      "trace_forwards": false,
      "variant": "reference",
      "worker_index": 1
    },
    {
      "completion_tokens": 1,
      "correctness": true,
      "finish_reason": "length",
      "forward_count": null,
      "http_wall_seconds": 0.7642358640000566,
      "identity_sha256": "04b60dfcfb97a03c89e6a81235ae2d58f00f56f9f8ace45da4ea8bd2b6ff0a77",
      "limit": 1,
      "output_sha256": "09d65dc08a02fe66e310a45ab18ceca00e089dd531861574a2cdf15d48ac0a79",
      "peak_memory_bytes": 747096168,
      "phase": "ab",
      "prompt_tokens": 16,
      "sample_index": 57,
      "status": "passed",
      "swap_used_bytes": 0,
      "text_match": true,
      "token_sha256": "79857e45f376a05175359a1e9aef0c05373c17162abf3c0cacd871123fcb451f",
      "tokens_match": true,
      "trace_forwards": false,
      "variant": "bounded_prefetch",
      "worker_index": 1
    },
    {
      "completion_tokens": 1,
      "correctness": true,
      "finish_reason": "length",
      "forward_count": null,
      "http_wall_seconds": 0.8322897930002,
      "identity_sha256": "04b60dfcfb97a03c89e6a81235ae2d58f00f56f9f8ace45da4ea8bd2b6ff0a77",
      "limit": 1,
      "output_sha256": "09d65dc08a02fe66e310a45ab18ceca00e089dd531861574a2cdf15d48ac0a79",
      "peak_memory_bytes": 747096168,
      "phase": "ba",
      "prompt_tokens": 16,
      "sample_index": 58,
      "status": "passed",
      "swap_used_bytes": 0,
      "text_match": true,
      "token_sha256": "79857e45f376a05175359a1e9aef0c05373c17162abf3c0cacd871123fcb451f",
      "tokens_match": true,
      "trace_forwards": false,
      "variant": "bounded_prefetch",
      "worker_index": 1
    },
    {
      "completion_tokens": 1,
      "correctness": true,
      "finish_reason": "length",
      "forward_count": null,
      "http_wall_seconds": 0.7889493910001875,
      "identity_sha256": "04b60dfcfb97a03c89e6a81235ae2d58f00f56f9f8ace45da4ea8bd2b6ff0a77",
      "limit": 1,
      "output_sha256": "09d65dc08a02fe66e310a45ab18ceca00e089dd531861574a2cdf15d48ac0a79",
      "peak_memory_bytes": 747096168,
      "phase": "ba",
      "prompt_tokens": 16,
      "sample_index": 59,
      "status": "passed",
      "swap_used_bytes": 0,
      "text_match": true,
      "token_sha256": "79857e45f376a05175359a1e9aef0c05373c17162abf3c0cacd871123fcb451f",
      "tokens_match": true,
      "trace_forwards": false,
      "variant": "reference",
      "worker_index": 1
    },
    {
      "completion_tokens": 32,
      "correctness": true,
      "finish_reason": "length",
      "forward_count": 34,
      "http_wall_seconds": 1.831863809999959,
      "identity_sha256": "04b60dfcfb97a03c89e6a81235ae2d58f00f56f9f8ace45da4ea8bd2b6ff0a77",
      "limit": 32,
      "output_sha256": "b29ac6be793684300254b93221298e9c0ab5fc80216e038eeca998b671731b38",
      "peak_memory_bytes": 747096168,
      "phase": "warmup",
      "prompt_tokens": 16,
      "sample_index": 60,
      "status": "passed",
      "swap_used_bytes": 0,
      "text_match": true,
      "token_sha256": "9c61e89dfecf590bfbce7dc4e3826c5880511c86d3105cc09360fcfde2695e14",
      "tokens_match": true,
      "trace_forwards": true,
      "variant": "reference",
      "worker_index": 2
    },
    {
      "completion_tokens": 32,
      "correctness": true,
      "finish_reason": "length",
      "forward_count": null,
      "http_wall_seconds": 1.3248865750001642,
      "identity_sha256": "04b60dfcfb97a03c89e6a81235ae2d58f00f56f9f8ace45da4ea8bd2b6ff0a77",
      "limit": 32,
      "output_sha256": "b29ac6be793684300254b93221298e9c0ab5fc80216e038eeca998b671731b38",
      "peak_memory_bytes": 747096168,
      "phase": "warmup",
      "prompt_tokens": 16,
      "sample_index": 61,
      "status": "passed",
      "swap_used_bytes": 0,
      "text_match": true,
      "token_sha256": "9c61e89dfecf590bfbce7dc4e3826c5880511c86d3105cc09360fcfde2695e14",
      "tokens_match": true,
      "trace_forwards": false,
      "variant": "reference",
      "worker_index": 2
    },
    {
      "completion_tokens": 32,
      "correctness": true,
      "finish_reason": "length",
      "forward_count": 33,
      "http_wall_seconds": 1.232398172000103,
      "identity_sha256": "04b60dfcfb97a03c89e6a81235ae2d58f00f56f9f8ace45da4ea8bd2b6ff0a77",
      "limit": 32,
      "output_sha256": "b29ac6be793684300254b93221298e9c0ab5fc80216e038eeca998b671731b38",
      "peak_memory_bytes": 747096168,
      "phase": "warmup",
      "prompt_tokens": 16,
      "sample_index": 62,
      "status": "passed",
      "swap_used_bytes": 0,
      "text_match": true,
      "token_sha256": "9c61e89dfecf590bfbce7dc4e3826c5880511c86d3105cc09360fcfde2695e14",
      "tokens_match": true,
      "trace_forwards": true,
      "variant": "bounded_prefetch",
      "worker_index": 2
    },
    {
      "completion_tokens": 32,
      "correctness": true,
      "finish_reason": "length",
      "forward_count": null,
      "http_wall_seconds": 1.2605983140001626,
      "identity_sha256": "04b60dfcfb97a03c89e6a81235ae2d58f00f56f9f8ace45da4ea8bd2b6ff0a77",
      "limit": 32,
      "output_sha256": "b29ac6be793684300254b93221298e9c0ab5fc80216e038eeca998b671731b38",
      "peak_memory_bytes": 747096168,
      "phase": "warmup",
      "prompt_tokens": 16,
      "sample_index": 63,
      "status": "passed",
      "swap_used_bytes": 0,
      "text_match": true,
      "token_sha256": "9c61e89dfecf590bfbce7dc4e3826c5880511c86d3105cc09360fcfde2695e14",
      "tokens_match": true,
      "trace_forwards": false,
      "variant": "bounded_prefetch",
      "worker_index": 2
    },
    {
      "completion_tokens": 32,
      "correctness": true,
      "finish_reason": "length",
      "forward_count": null,
      "http_wall_seconds": 1.291273702000126,
      "identity_sha256": "04b60dfcfb97a03c89e6a81235ae2d58f00f56f9f8ace45da4ea8bd2b6ff0a77",
      "limit": 32,
      "output_sha256": "b29ac6be793684300254b93221298e9c0ab5fc80216e038eeca998b671731b38",
      "peak_memory_bytes": 747096168,
      "phase": "aa",
      "prompt_tokens": 16,
      "sample_index": 64,
      "status": "passed",
      "swap_used_bytes": 0,
      "text_match": true,
      "token_sha256": "9c61e89dfecf590bfbce7dc4e3826c5880511c86d3105cc09360fcfde2695e14",
      "tokens_match": true,
      "trace_forwards": false,
      "variant": "reference",
      "worker_index": 2
    },
    {
      "completion_tokens": 32,
      "correctness": true,
      "finish_reason": "length",
      "forward_count": null,
      "http_wall_seconds": 1.243743443999847,
      "identity_sha256": "04b60dfcfb97a03c89e6a81235ae2d58f00f56f9f8ace45da4ea8bd2b6ff0a77",
      "limit": 32,
      "output_sha256": "b29ac6be793684300254b93221298e9c0ab5fc80216e038eeca998b671731b38",
      "peak_memory_bytes": 747096168,
      "phase": "aa",
      "prompt_tokens": 16,
      "sample_index": 65,
      "status": "passed",
      "swap_used_bytes": 0,
      "text_match": true,
      "token_sha256": "9c61e89dfecf590bfbce7dc4e3826c5880511c86d3105cc09360fcfde2695e14",
      "tokens_match": true,
      "trace_forwards": false,
      "variant": "reference",
      "worker_index": 2
    },
    {
      "completion_tokens": 32,
      "correctness": true,
      "finish_reason": "length",
      "forward_count": null,
      "http_wall_seconds": 1.2665310519996638,
      "identity_sha256": "04b60dfcfb97a03c89e6a81235ae2d58f00f56f9f8ace45da4ea8bd2b6ff0a77",
      "limit": 32,
      "output_sha256": "b29ac6be793684300254b93221298e9c0ab5fc80216e038eeca998b671731b38",
      "peak_memory_bytes": 747096168,
      "phase": "ab",
      "prompt_tokens": 16,
      "sample_index": 66,
      "status": "passed",
      "swap_used_bytes": 0,
      "text_match": true,
      "token_sha256": "9c61e89dfecf590bfbce7dc4e3826c5880511c86d3105cc09360fcfde2695e14",
      "tokens_match": true,
      "trace_forwards": false,
      "variant": "reference",
      "worker_index": 2
    },
    {
      "completion_tokens": 32,
      "correctness": true,
      "finish_reason": "length",
      "forward_count": null,
      "http_wall_seconds": 1.2354899120000482,
      "identity_sha256": "04b60dfcfb97a03c89e6a81235ae2d58f00f56f9f8ace45da4ea8bd2b6ff0a77",
      "limit": 32,
      "output_sha256": "b29ac6be793684300254b93221298e9c0ab5fc80216e038eeca998b671731b38",
      "peak_memory_bytes": 747096168,
      "phase": "ab",
      "prompt_tokens": 16,
      "sample_index": 67,
      "status": "passed",
      "swap_used_bytes": 0,
      "text_match": true,
      "token_sha256": "9c61e89dfecf590bfbce7dc4e3826c5880511c86d3105cc09360fcfde2695e14",
      "tokens_match": true,
      "trace_forwards": false,
      "variant": "bounded_prefetch",
      "worker_index": 2
    },
    {
      "completion_tokens": 32,
      "correctness": true,
      "finish_reason": "length",
      "forward_count": null,
      "http_wall_seconds": 1.1941222760001438,
      "identity_sha256": "04b60dfcfb97a03c89e6a81235ae2d58f00f56f9f8ace45da4ea8bd2b6ff0a77",
      "limit": 32,
      "output_sha256": "b29ac6be793684300254b93221298e9c0ab5fc80216e038eeca998b671731b38",
      "peak_memory_bytes": 747096168,
      "phase": "ba",
      "prompt_tokens": 16,
      "sample_index": 68,
      "status": "passed",
      "swap_used_bytes": 0,
      "text_match": true,
      "token_sha256": "9c61e89dfecf590bfbce7dc4e3826c5880511c86d3105cc09360fcfde2695e14",
      "tokens_match": true,
      "trace_forwards": false,
      "variant": "bounded_prefetch",
      "worker_index": 2
    },
    {
      "completion_tokens": 32,
      "correctness": true,
      "finish_reason": "length",
      "forward_count": null,
      "http_wall_seconds": 1.2238938109999253,
      "identity_sha256": "04b60dfcfb97a03c89e6a81235ae2d58f00f56f9f8ace45da4ea8bd2b6ff0a77",
      "limit": 32,
      "output_sha256": "b29ac6be793684300254b93221298e9c0ab5fc80216e038eeca998b671731b38",
      "peak_memory_bytes": 747096168,
      "phase": "ba",
      "prompt_tokens": 16,
      "sample_index": 69,
      "status": "passed",
      "swap_used_bytes": 0,
      "text_match": true,
      "token_sha256": "9c61e89dfecf590bfbce7dc4e3826c5880511c86d3105cc09360fcfde2695e14",
      "tokens_match": true,
      "trace_forwards": false,
      "variant": "reference",
      "worker_index": 2
    },
    {
      "completion_tokens": 1,
      "correctness": true,
      "finish_reason": "length",
      "forward_count": 3,
      "http_wall_seconds": 0.7937207830000261,
      "identity_sha256": "04b60dfcfb97a03c89e6a81235ae2d58f00f56f9f8ace45da4ea8bd2b6ff0a77",
      "limit": 1,
      "output_sha256": "09d65dc08a02fe66e310a45ab18ceca00e089dd531861574a2cdf15d48ac0a79",
      "peak_memory_bytes": 747096168,
      "phase": "warmup",
      "prompt_tokens": 16,
      "sample_index": 70,
      "status": "passed",
      "swap_used_bytes": 0,
      "text_match": true,
      "token_sha256": "79857e45f376a05175359a1e9aef0c05373c17162abf3c0cacd871123fcb451f",
      "tokens_match": true,
      "trace_forwards": true,
      "variant": "reference",
      "worker_index": 2
    },
    {
      "completion_tokens": 1,
      "correctness": true,
      "finish_reason": "length",
      "forward_count": null,
      "http_wall_seconds": 0.8064622159999999,
      "identity_sha256": "04b60dfcfb97a03c89e6a81235ae2d58f00f56f9f8ace45da4ea8bd2b6ff0a77",
      "limit": 1,
      "output_sha256": "09d65dc08a02fe66e310a45ab18ceca00e089dd531861574a2cdf15d48ac0a79",
      "peak_memory_bytes": 747096168,
      "phase": "warmup",
      "prompt_tokens": 16,
      "sample_index": 71,
      "status": "passed",
      "swap_used_bytes": 0,
      "text_match": true,
      "token_sha256": "79857e45f376a05175359a1e9aef0c05373c17162abf3c0cacd871123fcb451f",
      "tokens_match": true,
      "trace_forwards": false,
      "variant": "reference",
      "worker_index": 2
    },
    {
      "completion_tokens": 1,
      "correctness": true,
      "finish_reason": "length",
      "forward_count": 2,
      "http_wall_seconds": 0.8047247570002583,
      "identity_sha256": "04b60dfcfb97a03c89e6a81235ae2d58f00f56f9f8ace45da4ea8bd2b6ff0a77",
      "limit": 1,
      "output_sha256": "09d65dc08a02fe66e310a45ab18ceca00e089dd531861574a2cdf15d48ac0a79",
      "peak_memory_bytes": 747096168,
      "phase": "warmup",
      "prompt_tokens": 16,
      "sample_index": 72,
      "status": "passed",
      "swap_used_bytes": 0,
      "text_match": true,
      "token_sha256": "79857e45f376a05175359a1e9aef0c05373c17162abf3c0cacd871123fcb451f",
      "tokens_match": true,
      "trace_forwards": true,
      "variant": "bounded_prefetch",
      "worker_index": 2
    },
    {
      "completion_tokens": 1,
      "correctness": true,
      "finish_reason": "length",
      "forward_count": null,
      "http_wall_seconds": 0.7927893729997777,
      "identity_sha256": "04b60dfcfb97a03c89e6a81235ae2d58f00f56f9f8ace45da4ea8bd2b6ff0a77",
      "limit": 1,
      "output_sha256": "09d65dc08a02fe66e310a45ab18ceca00e089dd531861574a2cdf15d48ac0a79",
      "peak_memory_bytes": 747096168,
      "phase": "warmup",
      "prompt_tokens": 16,
      "sample_index": 73,
      "status": "passed",
      "swap_used_bytes": 0,
      "text_match": true,
      "token_sha256": "79857e45f376a05175359a1e9aef0c05373c17162abf3c0cacd871123fcb451f",
      "tokens_match": true,
      "trace_forwards": false,
      "variant": "bounded_prefetch",
      "worker_index": 2
    },
    {
      "completion_tokens": 1,
      "correctness": true,
      "finish_reason": "length",
      "forward_count": null,
      "http_wall_seconds": 0.8358676369998648,
      "identity_sha256": "04b60dfcfb97a03c89e6a81235ae2d58f00f56f9f8ace45da4ea8bd2b6ff0a77",
      "limit": 1,
      "output_sha256": "09d65dc08a02fe66e310a45ab18ceca00e089dd531861574a2cdf15d48ac0a79",
      "peak_memory_bytes": 747096168,
      "phase": "aa",
      "prompt_tokens": 16,
      "sample_index": 74,
      "status": "passed",
      "swap_used_bytes": 0,
      "text_match": true,
      "token_sha256": "79857e45f376a05175359a1e9aef0c05373c17162abf3c0cacd871123fcb451f",
      "tokens_match": true,
      "trace_forwards": false,
      "variant": "reference",
      "worker_index": 2
    },
    {
      "completion_tokens": 1,
      "correctness": true,
      "finish_reason": "length",
      "forward_count": null,
      "http_wall_seconds": 0.839826081999945,
      "identity_sha256": "04b60dfcfb97a03c89e6a81235ae2d58f00f56f9f8ace45da4ea8bd2b6ff0a77",
      "limit": 1,
      "output_sha256": "09d65dc08a02fe66e310a45ab18ceca00e089dd531861574a2cdf15d48ac0a79",
      "peak_memory_bytes": 747096168,
      "phase": "aa",
      "prompt_tokens": 16,
      "sample_index": 75,
      "status": "passed",
      "swap_used_bytes": 0,
      "text_match": true,
      "token_sha256": "79857e45f376a05175359a1e9aef0c05373c17162abf3c0cacd871123fcb451f",
      "tokens_match": true,
      "trace_forwards": false,
      "variant": "reference",
      "worker_index": 2
    },
    {
      "completion_tokens": 1,
      "correctness": true,
      "finish_reason": "length",
      "forward_count": null,
      "http_wall_seconds": 0.8159321930002079,
      "identity_sha256": "04b60dfcfb97a03c89e6a81235ae2d58f00f56f9f8ace45da4ea8bd2b6ff0a77",
      "limit": 1,
      "output_sha256": "09d65dc08a02fe66e310a45ab18ceca00e089dd531861574a2cdf15d48ac0a79",
      "peak_memory_bytes": 747096168,
      "phase": "ab",
      "prompt_tokens": 16,
      "sample_index": 76,
      "status": "passed",
      "swap_used_bytes": 0,
      "text_match": true,
      "token_sha256": "79857e45f376a05175359a1e9aef0c05373c17162abf3c0cacd871123fcb451f",
      "tokens_match": true,
      "trace_forwards": false,
      "variant": "reference",
      "worker_index": 2
    },
    {
      "completion_tokens": 1,
      "correctness": true,
      "finish_reason": "length",
      "forward_count": null,
      "http_wall_seconds": 0.7927268309999818,
      "identity_sha256": "04b60dfcfb97a03c89e6a81235ae2d58f00f56f9f8ace45da4ea8bd2b6ff0a77",
      "limit": 1,
      "output_sha256": "09d65dc08a02fe66e310a45ab18ceca00e089dd531861574a2cdf15d48ac0a79",
      "peak_memory_bytes": 747096168,
      "phase": "ab",
      "prompt_tokens": 16,
      "sample_index": 77,
      "status": "passed",
      "swap_used_bytes": 0,
      "text_match": true,
      "token_sha256": "79857e45f376a05175359a1e9aef0c05373c17162abf3c0cacd871123fcb451f",
      "tokens_match": true,
      "trace_forwards": false,
      "variant": "bounded_prefetch",
      "worker_index": 2
    },
    {
      "completion_tokens": 1,
      "correctness": true,
      "finish_reason": "length",
      "forward_count": null,
      "http_wall_seconds": 0.7983325210002477,
      "identity_sha256": "04b60dfcfb97a03c89e6a81235ae2d58f00f56f9f8ace45da4ea8bd2b6ff0a77",
      "limit": 1,
      "output_sha256": "09d65dc08a02fe66e310a45ab18ceca00e089dd531861574a2cdf15d48ac0a79",
      "peak_memory_bytes": 747096168,
      "phase": "ba",
      "prompt_tokens": 16,
      "sample_index": 78,
      "status": "passed",
      "swap_used_bytes": 0,
      "text_match": true,
      "token_sha256": "79857e45f376a05175359a1e9aef0c05373c17162abf3c0cacd871123fcb451f",
      "tokens_match": true,
      "trace_forwards": false,
      "variant": "bounded_prefetch",
      "worker_index": 2
    },
    {
      "completion_tokens": 1,
      "correctness": true,
      "finish_reason": "length",
      "forward_count": null,
      "http_wall_seconds": 0.8054204780000873,
      "identity_sha256": "04b60dfcfb97a03c89e6a81235ae2d58f00f56f9f8ace45da4ea8bd2b6ff0a77",
      "limit": 1,
      "output_sha256": "09d65dc08a02fe66e310a45ab18ceca00e089dd531861574a2cdf15d48ac0a79",
      "peak_memory_bytes": 747096168,
      "phase": "ba",
      "prompt_tokens": 16,
      "sample_index": 79,
      "status": "passed",
      "swap_used_bytes": 0,
      "text_match": true,
      "token_sha256": "79857e45f376a05175359a1e9aef0c05373c17162abf3c0cacd871123fcb451f",
      "tokens_match": true,
      "trace_forwards": false,
      "variant": "reference",
      "worker_index": 2
    },
    {
      "completion_tokens": 8,
      "correctness": true,
      "finish_reason": "length",
      "forward_count": 10,
      "http_wall_seconds": 0.9161222409998118,
      "identity_sha256": "04b60dfcfb97a03c89e6a81235ae2d58f00f56f9f8ace45da4ea8bd2b6ff0a77",
      "limit": 8,
      "output_sha256": "28c87f67ca4892031068c3e5ab4a545e66b3782debcfd64d2e2d6e709be66682",
      "peak_memory_bytes": 747096168,
      "phase": "warmup",
      "prompt_tokens": 16,
      "sample_index": 80,
      "status": "passed",
      "swap_used_bytes": 0,
      "text_match": true,
      "token_sha256": "cd84a1fc4037ef735f20591f68186c100cfa8fe22cf57fb5eba60941b6d0416b",
      "tokens_match": true,
      "trace_forwards": true,
      "variant": "reference",
      "worker_index": 2
    },
    {
      "completion_tokens": 8,
      "correctness": true,
      "finish_reason": "length",
      "forward_count": null,
      "http_wall_seconds": 0.9370316210001874,
      "identity_sha256": "04b60dfcfb97a03c89e6a81235ae2d58f00f56f9f8ace45da4ea8bd2b6ff0a77",
      "limit": 8,
      "output_sha256": "28c87f67ca4892031068c3e5ab4a545e66b3782debcfd64d2e2d6e709be66682",
      "peak_memory_bytes": 747096168,
      "phase": "warmup",
      "prompt_tokens": 16,
      "sample_index": 81,
      "status": "passed",
      "swap_used_bytes": 0,
      "text_match": true,
      "token_sha256": "cd84a1fc4037ef735f20591f68186c100cfa8fe22cf57fb5eba60941b6d0416b",
      "tokens_match": true,
      "trace_forwards": false,
      "variant": "reference",
      "worker_index": 2
    },
    {
      "completion_tokens": 8,
      "correctness": true,
      "finish_reason": "length",
      "forward_count": 9,
      "http_wall_seconds": 0.9271989379999468,
      "identity_sha256": "04b60dfcfb97a03c89e6a81235ae2d58f00f56f9f8ace45da4ea8bd2b6ff0a77",
      "limit": 8,
      "output_sha256": "28c87f67ca4892031068c3e5ab4a545e66b3782debcfd64d2e2d6e709be66682",
      "peak_memory_bytes": 747096168,
      "phase": "warmup",
      "prompt_tokens": 16,
      "sample_index": 82,
      "status": "passed",
      "swap_used_bytes": 0,
      "text_match": true,
      "token_sha256": "cd84a1fc4037ef735f20591f68186c100cfa8fe22cf57fb5eba60941b6d0416b",
      "tokens_match": true,
      "trace_forwards": true,
      "variant": "bounded_prefetch",
      "worker_index": 2
    },
    {
      "completion_tokens": 8,
      "correctness": true,
      "finish_reason": "length",
      "forward_count": null,
      "http_wall_seconds": 0.9289351729998998,
      "identity_sha256": "04b60dfcfb97a03c89e6a81235ae2d58f00f56f9f8ace45da4ea8bd2b6ff0a77",
      "limit": 8,
      "output_sha256": "28c87f67ca4892031068c3e5ab4a545e66b3782debcfd64d2e2d6e709be66682",
      "peak_memory_bytes": 747096168,
      "phase": "warmup",
      "prompt_tokens": 16,
      "sample_index": 83,
      "status": "passed",
      "swap_used_bytes": 0,
      "text_match": true,
      "token_sha256": "cd84a1fc4037ef735f20591f68186c100cfa8fe22cf57fb5eba60941b6d0416b",
      "tokens_match": true,
      "trace_forwards": false,
      "variant": "bounded_prefetch",
      "worker_index": 2
    },
    {
      "completion_tokens": 8,
      "correctness": true,
      "finish_reason": "length",
      "forward_count": null,
      "http_wall_seconds": 0.8074366949999785,
      "identity_sha256": "04b60dfcfb97a03c89e6a81235ae2d58f00f56f9f8ace45da4ea8bd2b6ff0a77",
      "limit": 8,
      "output_sha256": "28c87f67ca4892031068c3e5ab4a545e66b3782debcfd64d2e2d6e709be66682",
      "peak_memory_bytes": 747096168,
      "phase": "aa",
      "prompt_tokens": 16,
      "sample_index": 84,
      "status": "passed",
      "swap_used_bytes": 0,
      "text_match": true,
      "token_sha256": "cd84a1fc4037ef735f20591f68186c100cfa8fe22cf57fb5eba60941b6d0416b",
      "tokens_match": true,
      "trace_forwards": false,
      "variant": "reference",
      "worker_index": 2
    },
    {
      "completion_tokens": 8,
      "correctness": true,
      "finish_reason": "length",
      "forward_count": null,
      "http_wall_seconds": 0.903128538999681,
      "identity_sha256": "04b60dfcfb97a03c89e6a81235ae2d58f00f56f9f8ace45da4ea8bd2b6ff0a77",
      "limit": 8,
      "output_sha256": "28c87f67ca4892031068c3e5ab4a545e66b3782debcfd64d2e2d6e709be66682",
      "peak_memory_bytes": 747096168,
      "phase": "aa",
      "prompt_tokens": 16,
      "sample_index": 85,
      "status": "passed",
      "swap_used_bytes": 0,
      "text_match": true,
      "token_sha256": "cd84a1fc4037ef735f20591f68186c100cfa8fe22cf57fb5eba60941b6d0416b",
      "tokens_match": true,
      "trace_forwards": false,
      "variant": "reference",
      "worker_index": 2
    },
    {
      "completion_tokens": 8,
      "correctness": true,
      "finish_reason": "length",
      "forward_count": null,
      "http_wall_seconds": 0.9170861819998208,
      "identity_sha256": "04b60dfcfb97a03c89e6a81235ae2d58f00f56f9f8ace45da4ea8bd2b6ff0a77",
      "limit": 8,
      "output_sha256": "28c87f67ca4892031068c3e5ab4a545e66b3782debcfd64d2e2d6e709be66682",
      "peak_memory_bytes": 747096168,
      "phase": "ab",
      "prompt_tokens": 16,
      "sample_index": 86,
      "status": "passed",
      "swap_used_bytes": 0,
      "text_match": true,
      "token_sha256": "cd84a1fc4037ef735f20591f68186c100cfa8fe22cf57fb5eba60941b6d0416b",
      "tokens_match": true,
      "trace_forwards": false,
      "variant": "reference",
      "worker_index": 2
    },
    {
      "completion_tokens": 8,
      "correctness": true,
      "finish_reason": "length",
      "forward_count": null,
      "http_wall_seconds": 0.9262472790001084,
      "identity_sha256": "04b60dfcfb97a03c89e6a81235ae2d58f00f56f9f8ace45da4ea8bd2b6ff0a77",
      "limit": 8,
      "output_sha256": "28c87f67ca4892031068c3e5ab4a545e66b3782debcfd64d2e2d6e709be66682",
      "peak_memory_bytes": 747096168,
      "phase": "ab",
      "prompt_tokens": 16,
      "sample_index": 87,
      "status": "passed",
      "swap_used_bytes": 0,
      "text_match": true,
      "token_sha256": "cd84a1fc4037ef735f20591f68186c100cfa8fe22cf57fb5eba60941b6d0416b",
      "tokens_match": true,
      "trace_forwards": false,
      "variant": "bounded_prefetch",
      "worker_index": 2
    },
    {
      "completion_tokens": 8,
      "correctness": true,
      "finish_reason": "length",
      "forward_count": null,
      "http_wall_seconds": 0.9085526150001897,
      "identity_sha256": "04b60dfcfb97a03c89e6a81235ae2d58f00f56f9f8ace45da4ea8bd2b6ff0a77",
      "limit": 8,
      "output_sha256": "28c87f67ca4892031068c3e5ab4a545e66b3782debcfd64d2e2d6e709be66682",
      "peak_memory_bytes": 747096168,
      "phase": "ba",
      "prompt_tokens": 16,
      "sample_index": 88,
      "status": "passed",
      "swap_used_bytes": 0,
      "text_match": true,
      "token_sha256": "cd84a1fc4037ef735f20591f68186c100cfa8fe22cf57fb5eba60941b6d0416b",
      "tokens_match": true,
      "trace_forwards": false,
      "variant": "bounded_prefetch",
      "worker_index": 2
    },
    {
      "completion_tokens": 8,
      "correctness": true,
      "finish_reason": "length",
      "forward_count": null,
      "http_wall_seconds": 0.9214077149999866,
      "identity_sha256": "04b60dfcfb97a03c89e6a81235ae2d58f00f56f9f8ace45da4ea8bd2b6ff0a77",
      "limit": 8,
      "output_sha256": "28c87f67ca4892031068c3e5ab4a545e66b3782debcfd64d2e2d6e709be66682",
      "peak_memory_bytes": 747096168,
      "phase": "ba",
      "prompt_tokens": 16,
      "sample_index": 89,
      "status": "passed",
      "swap_used_bytes": 0,
      "text_match": true,
      "token_sha256": "cd84a1fc4037ef735f20591f68186c100cfa8fe22cf57fb5eba60941b6d0416b",
      "tokens_match": true,
      "trace_forwards": false,
      "variant": "reference",
      "worker_index": 2
    }
  ],
  "schema": "ironmule.calibration.v1",
  "status": "measured",
  "swap_baseline_bytes": 0,
  "worker_exit_codes": [
    {
      "normal_shutdown": true,
      "returncode": 0,
      "worker_index": 0
    },
    {
      "normal_shutdown": true,
      "returncode": 0,
      "worker_index": 1
    },
    {
      "normal_shutdown": true,
      "returncode": 0,
      "worker_index": 2
    }
  ],
  "worker_load_memory": [
    {
      "ready": {
        "mlx_active_bytes": 736786440,
        "mlx_cache_bytes": 7208,
        "mlx_peak_bytes": 736786440,
        "process_peak_rss_bytes": 1015144448,
        "recommended_working_set_bytes": 16106127360,
        "rss_limit_bytes": 20195630284,
        "startup_wall_seconds": 5.616826155000126,
        "swap_delta_limit_bytes": 268435456
      },
      "ready_observation": {
        "errors": [],
        "finished_monotonic_ns": 2419979935423,
        "finished_unix_ns": 1789462477254623784,
        "pid": 1066,
        "rss_bytes": 870318080,
        "rss_limit_bytes": 20195630284,
        "started_monotonic_ns": 2419975839785,
        "started_unix_ns": 1789462477250528083,
        "swap_delta_bytes": 0,
        "swap_used_bytes": 0
      },
      "samples": [
        {
          "errors": [],
          "finished_monotonic_ns": 2414245620283,
          "finished_unix_ns": 1789462471520308457,
          "pid": 1066,
          "rss_bytes": 4739072,
          "rss_limit_bytes": 20195630284,
          "started_monotonic_ns": 2414241534829,
          "started_unix_ns": 1789462471516222874,
          "swap_delta_bytes": 0,
          "swap_used_bytes": 0
        },
        {
          "errors": [],
          "finished_monotonic_ns": 2414522598222,
          "finished_unix_ns": 1789462471797286185,
          "pid": 1066,
          "rss_bytes": 241340416,
          "rss_limit_bytes": 20195630284,
          "started_monotonic_ns": 2414518082784,
          "started_unix_ns": 1789462471792770828,
          "swap_delta_bytes": 0,
          "swap_used_bytes": 0
        },
        {
          "errors": [],
          "finished_monotonic_ns": 2414805732217,
          "finished_unix_ns": 1789462472080420692,
          "pid": 1066,
          "rss_bytes": 305266688,
          "rss_limit_bytes": 20195630284,
          "started_monotonic_ns": 2414801537967,
          "started_unix_ns": 1789462472076226514,
          "swap_delta_bytes": 0,
          "swap_used_bytes": 0
        },
        {
          "errors": [],
          "finished_monotonic_ns": 2415101077114,
          "finished_unix_ns": 1789462472375765477,
          "pid": 1066,
          "rss_bytes": 444624896,
          "rss_limit_bytes": 20195630284,
          "started_monotonic_ns": 2415096772901,
          "started_unix_ns": 1789462472371461298,
          "swap_delta_bytes": 0,
          "swap_used_bytes": 0
        },
        {
          "errors": [],
          "finished_monotonic_ns": 2415378540752,
          "finished_unix_ns": 1789462472653229217,
          "pid": 1066,
          "rss_bytes": 481067008,
          "rss_limit_bytes": 20195630284,
          "started_monotonic_ns": 2415374391410,
          "started_unix_ns": 1789462472649079865,
          "swap_delta_bytes": 0,
          "swap_used_bytes": 0
        },
        {
          "errors": [],
          "finished_monotonic_ns": 2415656054346,
          "finished_unix_ns": 1789462472930742786,
          "pid": 1066,
          "rss_bytes": 496861184,
          "rss_limit_bytes": 20195630284,
          "started_monotonic_ns": 2415651792907,
          "started_unix_ns": 1789462472926481422,
          "swap_delta_bytes": 0,
          "swap_used_bytes": 0
        },
        {
          "errors": [],
          "finished_monotonic_ns": 2415933765839,
          "finished_unix_ns": 1789462473208454375,
          "pid": 1066,
          "rss_bytes": 500420608,
          "rss_limit_bytes": 20195630284,
          "started_monotonic_ns": 2415929369281,
          "started_unix_ns": 1789462473204057794,
          "swap_delta_bytes": 0,
          "swap_used_bytes": 0
        },
        {
          "errors": [],
          "finished_monotonic_ns": 2416209939320,
          "finished_unix_ns": 1789462473484627793,
          "pid": 1066,
          "rss_bytes": 502300672,
          "rss_limit_bytes": 20195630284,
          "started_monotonic_ns": 2416205826416,
          "started_unix_ns": 1789462473480514925,
          "swap_delta_bytes": 0,
          "swap_used_bytes": 0
        },
        {
          "errors": [],
          "finished_monotonic_ns": 2416486572873,
          "finished_unix_ns": 1789462473761261363,
          "pid": 1066,
          "rss_bytes": 515428352,
          "rss_limit_bytes": 20195630284,
          "started_monotonic_ns": 2416482260284,
          "started_unix_ns": 1789462473756948808,
          "swap_delta_bytes": 0,
          "swap_used_bytes": 0
        },
        {
          "errors": [],
          "finished_monotonic_ns": 2416764468245,
          "finished_unix_ns": 1789462474039156528,
          "pid": 1066,
          "rss_bytes": 539951104,
          "rss_limit_bytes": 20195630284,
          "started_monotonic_ns": 2416759832528,
          "started_unix_ns": 1789462474034520611,
          "swap_delta_bytes": 0,
          "swap_used_bytes": 0
        },
        {
          "errors": [],
          "finished_monotonic_ns": 2417053445284,
          "finished_unix_ns": 1789462474328133481,
          "pid": 1066,
          "rss_bytes": 708018176,
          "rss_limit_bytes": 20195630284,
          "started_monotonic_ns": 2417048505214,
          "started_unix_ns": 1789462474323193520,
          "swap_delta_bytes": 0,
          "swap_used_bytes": 0
        },
        {
          "errors": [],
          "finished_monotonic_ns": 2417337908818,
          "finished_unix_ns": 1789462474612597027,
          "pid": 1066,
          "rss_bytes": 809816064,
          "rss_limit_bytes": 20195630284,
          "started_monotonic_ns": 2417332750603,
          "started_unix_ns": 1789462474607438840,
          "swap_delta_bytes": 0,
          "swap_used_bytes": 0
        },
        {
          "errors": [],
          "finished_monotonic_ns": 2417624760542,
          "finished_unix_ns": 1789462474899448754,
          "pid": 1066,
          "rss_bytes": 764817408,
          "rss_limit_bytes": 20195630284,
          "started_monotonic_ns": 2417619718838,
          "started_unix_ns": 1789462474894407207,
          "swap_delta_bytes": 0,
          "swap_used_bytes": 0
        },
        {
          "errors": [],
          "finished_monotonic_ns": 2417908379625,
          "finished_unix_ns": 1789462475183068008,
          "pid": 1066,
          "rss_bytes": 700248064,
          "rss_limit_bytes": 20195630284,
          "started_monotonic_ns": 2417903404580,
          "started_unix_ns": 1789462475178092872,
          "swap_delta_bytes": 0,
          "swap_used_bytes": 0
        },
        {
          "errors": [],
          "finished_monotonic_ns": 2418190695211,
          "finished_unix_ns": 1789462475465383481,
          "pid": 1066,
          "rss_bytes": 954200064,
          "rss_limit_bytes": 20195630284,
          "started_monotonic_ns": 2418185533105,
          "started_unix_ns": 1789462475460221401,
          "swap_delta_bytes": 0,
          "swap_used_bytes": 0
        },
        {
          "errors": [],
          "finished_monotonic_ns": 2418472707987,
          "finished_unix_ns": 1789462475747396249,
          "pid": 1066,
          "rss_bytes": 860155904,
          "rss_limit_bytes": 20195630284,
          "started_monotonic_ns": 2418467754593,
          "started_unix_ns": 1789462475742442979,
          "swap_delta_bytes": 0,
          "swap_used_bytes": 0
        },
        {
          "errors": [],
          "finished_monotonic_ns": 2418756348151,
          "finished_unix_ns": 1789462476031036102,
          "pid": 1066,
          "rss_bytes": 972251136,
          "rss_limit_bytes": 20195630284,
          "started_monotonic_ns": 2418751280579,
          "started_unix_ns": 1789462476025968953,
          "swap_delta_bytes": 0,
          "swap_used_bytes": 0
        },
        {
          "errors": [],
          "finished_monotonic_ns": 2419044257892,
          "finished_unix_ns": 1789462476318945879,
          "pid": 1066,
          "rss_bytes": 877830144,
          "rss_limit_bytes": 20195630284,
          "started_monotonic_ns": 2419039953424,
          "started_unix_ns": 1789462476314641874,
          "swap_delta_bytes": 0,
          "swap_used_bytes": 0
        },
        {
          "errors": [],
          "finished_monotonic_ns": 2419327150683,
          "finished_unix_ns": 1789462476601838781,
          "pid": 1066,
          "rss_bytes": 967925760,
          "rss_limit_bytes": 20195630284,
          "started_monotonic_ns": 2419322159433,
          "started_unix_ns": 1789462476596847719,
          "swap_delta_bytes": 0,
          "swap_used_bytes": 0
        },
        {
          "errors": [],
          "finished_monotonic_ns": 2419610497915,
          "finished_unix_ns": 1789462476885186200,
          "pid": 1066,
          "rss_bytes": 994148352,
          "rss_limit_bytes": 20195630284,
          "started_monotonic_ns": 2419605456230,
          "started_unix_ns": 1789462476880144586,
          "swap_delta_bytes": 0,
          "swap_used_bytes": 0
        },
        {
          "errors": [],
          "finished_monotonic_ns": 2419894353391,
          "finished_unix_ns": 1789462477169041648,
          "pid": 1066,
          "rss_bytes": 1015447552,
          "rss_limit_bytes": 20195630284,
          "started_monotonic_ns": 2419889086863,
          "started_unix_ns": 1789462477163774995,
          "swap_delta_bytes": 0,
          "swap_used_bytes": 0
        },
        {
          "errors": [],
          "finished_monotonic_ns": 2419979935423,
          "finished_unix_ns": 1789462477254623784,
          "pid": 1066,
          "rss_bytes": 870318080,
          "rss_limit_bytes": 20195630284,
          "started_monotonic_ns": 2419975839785,
          "started_unix_ns": 1789462477250528083,
          "swap_delta_bytes": 0,
          "swap_used_bytes": 0
        },
        {
          "errors": [],
          "finished_monotonic_ns": 2421059740840,
          "finished_unix_ns": 1789462478334429147,
          "pid": 1066,
          "rss_bytes": 870318080,
          "rss_limit_bytes": 20195630284,
          "started_monotonic_ns": 2421055479620,
          "started_unix_ns": 1789462478330167997,
          "swap_delta_bytes": 0,
          "swap_used_bytes": 0
        },
        {
          "errors": [],
          "finished_monotonic_ns": 2422091318432,
          "finished_unix_ns": 1789462479366006837,
          "pid": 1066,
          "rss_bytes": 870318080,
          "rss_limit_bytes": 20195630284,
          "started_monotonic_ns": 2422087064032,
          "started_unix_ns": 1789462479361752362,
          "swap_delta_bytes": 0,
          "swap_used_bytes": 0
        },
        {
          "errors": [],
          "finished_monotonic_ns": 2423117691472,
          "finished_unix_ns": 1789462480392379903,
          "pid": 1066,
          "rss_bytes": 870318080,
          "rss_limit_bytes": 20195630284,
          "started_monotonic_ns": 2423113373416,
          "started_unix_ns": 1789462480388061772,
          "swap_delta_bytes": 0,
          "swap_used_bytes": 0
        },
        {
          "errors": [],
          "finished_monotonic_ns": 2424070830852,
          "finished_unix_ns": 1789462481345519307,
          "pid": 1066,
          "rss_bytes": 870318080,
          "rss_limit_bytes": 20195630284,
          "started_monotonic_ns": 2424066503426,
          "started_unix_ns": 1789462481341191917,
          "swap_delta_bytes": 0,
          "swap_used_bytes": 0
        },
        {
          "errors": [],
          "finished_monotonic_ns": 2425234143234,
          "finished_unix_ns": 1789462482508831694,
          "pid": 1066,
          "rss_bytes": 870318080,
          "rss_limit_bytes": 20195630284,
          "started_monotonic_ns": 2425229763468,
          "started_unix_ns": 1789462482504451912,
          "swap_delta_bytes": 0,
          "swap_used_bytes": 0
        },
        {
          "errors": [],
          "finished_monotonic_ns": 2426263886547,
          "finished_unix_ns": 1789462483538575008,
          "pid": 1066,
          "rss_bytes": 870318080,
          "rss_limit_bytes": 20195630284,
          "started_monotonic_ns": 2426259602580,
          "started_unix_ns": 1789462483534291036,
          "swap_delta_bytes": 0,
          "swap_used_bytes": 0
        },
        {
          "errors": [],
          "finished_monotonic_ns": 2427291635346,
          "finished_unix_ns": 1789462484566323825,
          "pid": 1066,
          "rss_bytes": 870318080,
          "rss_limit_bytes": 20195630284,
          "started_monotonic_ns": 2427287299418,
          "started_unix_ns": 1789462484561987760,
          "swap_delta_bytes": 0,
          "swap_used_bytes": 0
        },
        {
          "errors": [],
          "finished_monotonic_ns": 2428319059103,
          "finished_unix_ns": 1789462485593747503,
          "pid": 1066,
          "rss_bytes": 870318080,
          "rss_limit_bytes": 20195630284,
          "started_monotonic_ns": 2428314715987,
          "started_unix_ns": 1789462485589404512,
          "swap_delta_bytes": 0,
          "swap_used_bytes": 0
        },
        {
          "errors": [],
          "finished_monotonic_ns": 2429233955559,
          "finished_unix_ns": 1789462486508643998,
          "pid": 1066,
          "rss_bytes": 870318080,
          "rss_limit_bytes": 20195630284,
          "started_monotonic_ns": 2429229595960,
          "started_unix_ns": 1789462486504284326,
          "swap_delta_bytes": 0,
          "swap_used_bytes": 0
        },
        {
          "errors": [],
          "finished_monotonic_ns": 2430395898669,
          "finished_unix_ns": 1789462487670587138,
          "pid": 1066,
          "rss_bytes": 870318080,
          "rss_limit_bytes": 20195630284,
          "started_monotonic_ns": 2430391565518,
          "started_unix_ns": 1789462487666253925,
          "swap_delta_bytes": 0,
          "swap_used_bytes": 0
        },
        {
          "errors": [],
          "finished_monotonic_ns": 2431423716976,
          "finished_unix_ns": 1789462488698405159,
          "pid": 1066,
          "rss_bytes": 870318080,
          "rss_limit_bytes": 20195630284,
          "started_monotonic_ns": 2431418895438,
          "started_unix_ns": 1789462488693583866,
          "swap_delta_bytes": 0,
          "swap_used_bytes": 0
        },
        {
          "errors": [],
          "finished_monotonic_ns": 2432454671388,
          "finished_unix_ns": 1789462489729359758,
          "pid": 1066,
          "rss_bytes": 870318080,
          "rss_limit_bytes": 20195630284,
          "started_monotonic_ns": 2432450124090,
          "started_unix_ns": 1789462489724812534,
          "swap_delta_bytes": 0,
          "swap_used_bytes": 0
        },
        {
          "errors": [],
          "finished_monotonic_ns": 2433483594737,
          "finished_unix_ns": 1789462490758283111,
          "pid": 1066,
          "rss_bytes": 870318080,
          "rss_limit_bytes": 20195630284,
          "started_monotonic_ns": 2433479061973,
          "started_unix_ns": 1789462490753750364,
          "swap_delta_bytes": 0,
          "swap_used_bytes": 0
        },
        {
          "errors": [],
          "finished_monotonic_ns": 2434395784742,
          "finished_unix_ns": 1789462491670473107,
          "pid": 1066,
          "rss_bytes": 870318080,
          "rss_limit_bytes": 20195630284,
          "started_monotonic_ns": 2434391330839,
          "started_unix_ns": 1789462491666019181,
          "swap_delta_bytes": 0,
          "swap_used_bytes": 0
        },
        {
          "errors": [],
          "finished_monotonic_ns": 2434694594513,
          "finished_unix_ns": 1789462491969282906,
          "pid": 1066,
          "rss_bytes": 870318080,
          "rss_limit_bytes": 20195630284,
          "started_monotonic_ns": 2434690369515,
          "started_unix_ns": 1789462491965057832,
          "swap_delta_bytes": 0,
          "swap_used_bytes": 0
        },
        {
          "errors": [],
          "finished_monotonic_ns": 2434727122866,
          "finished_unix_ns": 1789462492001811283,
          "pid": 1066,
          "rss_bytes": 870318080,
          "rss_limit_bytes": 20195630284,
          "started_monotonic_ns": 2434723178961,
          "started_unix_ns": 1789462491997867325,
          "swap_delta_bytes": 0,
          "swap_used_bytes": 0
        },
        {
          "errors": [],
          "finished_monotonic_ns": 2436027041621,
          "finished_unix_ns": 1789462493301729633,
          "pid": 1066,
          "rss_bytes": 1462345728,
          "rss_limit_bytes": 20195630284,
          "started_monotonic_ns": 2436022082601,
          "started_unix_ns": 1789462493296770892,
          "swap_delta_bytes": 0,
          "swap_used_bytes": 0
        },
        {
          "errors": [],
          "finished_monotonic_ns": 2437202357416,
          "finished_unix_ns": 1789462494477045577,
          "pid": 1066,
          "rss_bytes": 1462345728,
          "rss_limit_bytes": 20195630284,
          "started_monotonic_ns": 2437197836177,
          "started_unix_ns": 1789462494472524479,
          "swap_delta_bytes": 0,
          "swap_used_bytes": 0
        },
        {
          "errors": [],
          "finished_monotonic_ns": 2438245966641,
          "finished_unix_ns": 1789462495520654873,
          "pid": 1066,
          "rss_bytes": 1462345728,
          "rss_limit_bytes": 20195630284,
          "started_monotonic_ns": 2438241103775,
          "started_unix_ns": 1789462495515792066,
          "swap_delta_bytes": 0,
          "swap_used_bytes": 0
        },
        {
          "errors": [],
          "finished_monotonic_ns": 2439280591208,
          "finished_unix_ns": 1789462496555279529,
          "pid": 1066,
          "rss_bytes": 1462345728,
          "rss_limit_bytes": 20195630284,
          "started_monotonic_ns": 2439275741882,
          "started_unix_ns": 1789462496550430185,
          "swap_delta_bytes": 0,
          "swap_used_bytes": 0
        },
        {
          "errors": [],
          "finished_monotonic_ns": 2440202458562,
          "finished_unix_ns": 1789462497477146868,
          "pid": 1066,
          "rss_bytes": 1462345728,
          "rss_limit_bytes": 20195630284,
          "started_monotonic_ns": 2440197614400,
          "started_unix_ns": 1789462497472302839,
          "swap_delta_bytes": 0,
          "swap_used_bytes": 0
        },
        {
          "errors": [],
          "finished_monotonic_ns": 2440237905440,
          "finished_unix_ns": 1789462497512593873,
          "pid": 1066,
          "rss_bytes": 1462345728,
          "rss_limit_bytes": 20195630284,
          "started_monotonic_ns": 2440233317258,
          "started_unix_ns": 1789462497508005381,
          "swap_delta_bytes": 0,
          "swap_used_bytes": 0
        },
        {
          "errors": [],
          "finished_monotonic_ns": 2441142028917,
          "finished_unix_ns": 1789462498416717304,
          "pid": 1066,
          "rss_bytes": 1520750592,
          "rss_limit_bytes": 20195630284,
          "started_monotonic_ns": 2441137134128,
          "started_unix_ns": 1789462498411822536,
          "swap_delta_bytes": 0,
          "swap_used_bytes": 0
        },
        {
          "errors": [],
          "finished_monotonic_ns": 2442319599675,
          "finished_unix_ns": 1789462499594288019,
          "pid": 1066,
          "rss_bytes": 1520750592,
          "rss_limit_bytes": 20195630284,
          "started_monotonic_ns": 2442314630456,
          "started_unix_ns": 1789462499589318822,
          "swap_delta_bytes": 0,
          "swap_used_bytes": 0
        },
        {
          "errors": [],
          "finished_monotonic_ns": 2443358291512,
          "finished_unix_ns": 1789462500632979731,
          "pid": 1066,
          "rss_bytes": 1520750592,
          "rss_limit_bytes": 20195630284,
          "started_monotonic_ns": 2443353361490,
          "started_unix_ns": 1789462500628049587,
          "swap_delta_bytes": 0,
          "swap_used_bytes": 0
        },
        {
          "errors": [],
          "finished_monotonic_ns": 2444394279109,
          "finished_unix_ns": 1789462501668967072,
          "pid": 1066,
          "rss_bytes": 1520750592,
          "rss_limit_bytes": 20195630284,
          "started_monotonic_ns": 2444389338123,
          "started_unix_ns": 1789462501664026535,
          "swap_delta_bytes": 0,
          "swap_used_bytes": 0
        },
        {
          "errors": [],
          "finished_monotonic_ns": 2445319407093,
          "finished_unix_ns": 1789462502594095401,
          "pid": 1066,
          "rss_bytes": 1520750592,
          "rss_limit_bytes": 20195630284,
          "started_monotonic_ns": 2445314445865,
          "started_unix_ns": 1789462502589134282,
          "swap_delta_bytes": 0,
          "swap_used_bytes": 0
        },
        {
          "errors": [],
          "finished_monotonic_ns": 2445354610227,
          "finished_unix_ns": 1789462502629298623,
          "pid": 1066,
          "rss_bytes": 1520750592,
          "rss_limit_bytes": 20195630284,
          "started_monotonic_ns": 2445349947266,
          "started_unix_ns": 1789462502624635601,
          "swap_delta_bytes": 0,
          "swap_used_bytes": 0
        },
        {
          "errors": [],
          "finished_monotonic_ns": 2446228400606,
          "finished_unix_ns": 1789462503503088905,
          "pid": 1066,
          "rss_bytes": 1521876992,
          "rss_limit_bytes": 20195630284,
          "started_monotonic_ns": 2446223565377,
          "started_unix_ns": 1789462503498253742,
          "swap_delta_bytes": 0,
          "swap_used_bytes": 0
        },
        {
          "errors": [],
          "finished_monotonic_ns": 2447411127396,
          "finished_unix_ns": 1789462504685815690,
          "pid": 1066,
          "rss_bytes": 1521876992,
          "rss_limit_bytes": 20195630284,
          "started_monotonic_ns": 2447406205143,
          "started_unix_ns": 1789462504680893395,
          "swap_delta_bytes": 0,
          "swap_used_bytes": 0
        },
        {
          "errors": [],
          "finished_monotonic_ns": 2448450141908,
          "finished_unix_ns": 1789462505724830219,
          "pid": 1066,
          "rss_bytes": 1521876992,
          "rss_limit_bytes": 20195630284,
          "started_monotonic_ns": 2448445082837,
          "started_unix_ns": 1789462505719771179,
          "swap_delta_bytes": 0,
          "swap_used_bytes": 0
        },
        {
          "errors": [],
          "finished_monotonic_ns": 2449487161393,
          "finished_unix_ns": 1789462506761849697,
          "pid": 1066,
          "rss_bytes": 1521876992,
          "rss_limit_bytes": 20195630284,
          "started_monotonic_ns": 2449482251336,
          "started_unix_ns": 1789462506756939352,
          "swap_delta_bytes": 0,
          "swap_used_bytes": 0
        },
        {
          "errors": [],
          "finished_monotonic_ns": 2450410943294,
          "finished_unix_ns": 1789462507685631355,
          "pid": 1066,
          "rss_bytes": 1521876992,
          "rss_limit_bytes": 20195630284,
          "started_monotonic_ns": 2450405943672,
          "started_unix_ns": 1789462507680631694,
          "swap_delta_bytes": 0,
          "swap_used_bytes": 0
        },
        {
          "errors": [],
          "finished_monotonic_ns": 2450446644910,
          "finished_unix_ns": 1789462507721333228,
          "pid": 1066,
          "rss_bytes": 1521876992,
          "rss_limit_bytes": 20195630284,
          "started_monotonic_ns": 2450442826095,
          "started_unix_ns": 1789462507717514558,
          "swap_delta_bytes": 0,
          "swap_used_bytes": 0
        },
        {
          "errors": [],
          "finished_monotonic_ns": 2451319387193,
          "finished_unix_ns": 1789462508594075538,
          "pid": 1066,
          "rss_bytes": 1522946048,
          "rss_limit_bytes": 20195630284,
          "started_monotonic_ns": 2451314564157,
          "started_unix_ns": 1789462508589252463,
          "swap_delta_bytes": 0,
          "swap_used_bytes": 0
        },
        {
          "errors": [],
          "finished_monotonic_ns": 2452500962392,
          "finished_unix_ns": 1789462509775650707,
          "pid": 1066,
          "rss_bytes": 1522946048,
          "rss_limit_bytes": 20195630284,
          "started_monotonic_ns": 2452495721447,
          "started_unix_ns": 1789462509770409643,
          "swap_delta_bytes": 0,
          "swap_used_bytes": 0
        },
        {
          "errors": [],
          "finished_monotonic_ns": 2453538932364,
          "finished_unix_ns": 1789462510813620643,
          "pid": 1066,
          "rss_bytes": 1522946048,
          "rss_limit_bytes": 20195630284,
          "started_monotonic_ns": 2453533992551,
          "started_unix_ns": 1789462510808680868,
          "swap_delta_bytes": 0,
          "swap_used_bytes": 0
        },
        {
          "errors": [],
          "finished_monotonic_ns": 2454577386272,
          "finished_unix_ns": 1789462511852074565,
          "pid": 1066,
          "rss_bytes": 1522946048,
          "rss_limit_bytes": 20195630284,
          "started_monotonic_ns": 2454572355684,
          "started_unix_ns": 1789462511847043979,
          "swap_delta_bytes": 0,
          "swap_used_bytes": 0
        },
        {
          "errors": [],
          "finished_monotonic_ns": 2455500946030,
          "finished_unix_ns": 1789462512775634326,
          "pid": 1066,
          "rss_bytes": 1522946048,
          "rss_limit_bytes": 20195630284,
          "started_monotonic_ns": 2455495569484,
          "started_unix_ns": 1789462512770257768,
          "swap_delta_bytes": 0,
          "swap_used_bytes": 0
        },
        {
          "errors": [],
          "finished_monotonic_ns": 2455541706199,
          "finished_unix_ns": 1789462512816394606,
          "pid": 1066,
          "rss_bytes": 1522946048,
          "rss_limit_bytes": 20195630284,
          "started_monotonic_ns": 2455537056110,
          "started_unix_ns": 1789462512811744491,
          "swap_delta_bytes": 0,
          "swap_used_bytes": 0
        },
        {
          "errors": [],
          "finished_monotonic_ns": 2456435658437,
          "finished_unix_ns": 1789462513710346841,
          "pid": 1066,
          "rss_bytes": 1524006912,
          "rss_limit_bytes": 20195630284,
          "started_monotonic_ns": 2456430749171,
          "started_unix_ns": 1789462513705437557,
          "swap_delta_bytes": 0,
          "swap_used_bytes": 0
        },
        {
          "errors": [],
          "finished_monotonic_ns": 2457618284793,
          "finished_unix_ns": 1789462514892973074,
          "pid": 1066,
          "rss_bytes": 1524006912,
          "rss_limit_bytes": 20195630284,
          "started_monotonic_ns": 2457613301783,
          "started_unix_ns": 1789462514887990159,
          "swap_delta_bytes": 0,
          "swap_used_bytes": 0
        },
        {
          "errors": [],
          "finished_monotonic_ns": 2458657403406,
          "finished_unix_ns": 1789462515932091791,
          "pid": 1066,
          "rss_bytes": 1524006912,
          "rss_limit_bytes": 20195630284,
          "started_monotonic_ns": 2458652357159,
          "started_unix_ns": 1789462515927045473,
          "swap_delta_bytes": 0,
          "swap_used_bytes": 0
        },
        {
          "errors": [],
          "finished_monotonic_ns": 2459699235196,
          "finished_unix_ns": 1789462516973923539,
          "pid": 1066,
          "rss_bytes": 1524006912,
          "rss_limit_bytes": 20195630284,
          "started_monotonic_ns": 2459694171393,
          "started_unix_ns": 1789462516968859677,
          "swap_delta_bytes": 0,
          "swap_used_bytes": 0
        },
        {
          "errors": [],
          "finished_monotonic_ns": 2460618291584,
          "finished_unix_ns": 1789462517892979865,
          "pid": 1066,
          "rss_bytes": 1524006912,
          "rss_limit_bytes": 20195630284,
          "started_monotonic_ns": 2460613075817,
          "started_unix_ns": 1789462517887764149,
          "swap_delta_bytes": 0,
          "swap_used_bytes": 0
        },
        {
          "errors": [],
          "finished_monotonic_ns": 2460658846838,
          "finished_unix_ns": 1789462517933535251,
          "pid": 1066,
          "rss_bytes": 1524006912,
          "rss_limit_bytes": 20195630284,
          "started_monotonic_ns": 2460654040979,
          "started_unix_ns": 1789462517928729279,
          "swap_delta_bytes": 0,
          "swap_used_bytes": 0
        },
        {
          "errors": [],
          "finished_monotonic_ns": 2461472583625,
          "finished_unix_ns": 1789462518747271913,
          "pid": 1066,
          "rss_bytes": 1525063680,
          "rss_limit_bytes": 20195630284,
          "started_monotonic_ns": 2461467565965,
          "started_unix_ns": 1789462518742254271,
          "swap_delta_bytes": 0,
          "swap_used_bytes": 0
        },
        {
          "errors": [],
          "finished_monotonic_ns": 2462665871549,
          "finished_unix_ns": 1789462519940559833,
          "pid": 1066,
          "rss_bytes": 1525063680,
          "rss_limit_bytes": 20195630284,
          "started_monotonic_ns": 2462660767977,
          "started_unix_ns": 1789462519935456184,
          "swap_delta_bytes": 0,
          "swap_used_bytes": 0
        },
        {
          "errors": [],
          "finished_monotonic_ns": 2463706884095,
          "finished_unix_ns": 1789462520981572466,
          "pid": 1066,
          "rss_bytes": 1525063680,
          "rss_limit_bytes": 20195630284,
          "started_monotonic_ns": 2463701972143,
          "started_unix_ns": 1789462520976660466,
          "swap_delta_bytes": 0,
          "swap_used_bytes": 0
        },
        {
          "errors": [],
          "finished_monotonic_ns": 2464750622629,
          "finished_unix_ns": 1789462522025310944,
          "pid": 1066,
          "rss_bytes": 1525063680,
          "rss_limit_bytes": 20195630284,
          "started_monotonic_ns": 2464745524403,
          "started_unix_ns": 1789462522020212709,
          "swap_delta_bytes": 0,
          "swap_used_bytes": 0
        },
        {
          "errors": [],
          "finished_monotonic_ns": 2465665603919,
          "finished_unix_ns": 1789462522940292183,
          "pid": 1066,
          "rss_bytes": 1525063680,
          "rss_limit_bytes": 20195630284,
          "started_monotonic_ns": 2465660536669,
          "started_unix_ns": 1789462522935225046,
          "swap_delta_bytes": 0,
          "swap_used_bytes": 0
        },
        {
          "errors": [],
          "finished_monotonic_ns": 2465709398208,
          "finished_unix_ns": 1789462522984086485,
          "pid": 1066,
          "rss_bytes": 1525063680,
          "rss_limit_bytes": 20195630284,
          "started_monotonic_ns": 2465704447570,
          "started_unix_ns": 1789462522979135877,
          "swap_delta_bytes": 0,
          "swap_used_bytes": 0
        },
        {
          "errors": [],
          "finished_monotonic_ns": 2466602706066,
          "finished_unix_ns": 1789462523877394393,
          "pid": 1066,
          "rss_bytes": 1526124544,
          "rss_limit_bytes": 20195630284,
          "started_monotonic_ns": 2466597838670,
          "started_unix_ns": 1789462523872526709,
          "swap_delta_bytes": 0,
          "swap_used_bytes": 0
        },
        {
          "errors": [],
          "finished_monotonic_ns": 2467802244878,
          "finished_unix_ns": 1789462525076933267,
          "pid": 1066,
          "rss_bytes": 1526124544,
          "rss_limit_bytes": 20195630284,
          "started_monotonic_ns": 2467797054976,
          "started_unix_ns": 1789462525071743295,
          "swap_delta_bytes": 0,
          "swap_used_bytes": 0
        },
        {
          "errors": [],
          "finished_monotonic_ns": 2468846533533,
          "finished_unix_ns": 1789462526121221911,
          "pid": 1066,
          "rss_bytes": 1526124544,
          "rss_limit_bytes": 20195630284,
          "started_monotonic_ns": 2468841573483,
          "started_unix_ns": 1789462526116261740,
          "swap_delta_bytes": 0,
          "swap_used_bytes": 0
        },
        {
          "errors": [],
          "finished_monotonic_ns": 2469890637370,
          "finished_unix_ns": 1789462527165325337,
          "pid": 1066,
          "rss_bytes": 1526124544,
          "rss_limit_bytes": 20195630284,
          "started_monotonic_ns": 2469885512702,
          "started_unix_ns": 1789462527160200858,
          "swap_delta_bytes": 0,
          "swap_used_bytes": 0
        },
        {
          "errors": [],
          "finished_monotonic_ns": 2470801824481,
          "finished_unix_ns": 1789462528076512764,
          "pid": 1066,
          "rss_bytes": 1526124544,
          "rss_limit_bytes": 20195630284,
          "started_monotonic_ns": 2470796812680,
          "started_unix_ns": 1789462528071500985,
          "swap_delta_bytes": 0,
          "swap_used_bytes": 0
        },
        {
          "errors": [],
          "finished_monotonic_ns": 2470846729374,
          "finished_unix_ns": 1789462528121417777,
          "pid": 1066,
          "rss_bytes": 1526124544,
          "rss_limit_bytes": 20195630284,
          "started_monotonic_ns": 2470842022527,
          "started_unix_ns": 1789462528116710929,
          "swap_delta_bytes": 0,
          "swap_used_bytes": 0
        },
        {
          "errors": [],
          "finished_monotonic_ns": 2471720184188,
          "finished_unix_ns": 1789462528994872480,
          "pid": 1066,
          "rss_bytes": 1526136832,
          "rss_limit_bytes": 20195630284,
          "started_monotonic_ns": 2471715209746,
          "started_unix_ns": 1789462528989898010,
          "swap_delta_bytes": 0,
          "swap_used_bytes": 0
        },
        {
          "errors": [],
          "finished_monotonic_ns": 2472914462061,
          "finished_unix_ns": 1789462530189150396,
          "pid": 1066,
          "rss_bytes": 1526136832,
          "rss_limit_bytes": 20195630284,
          "started_monotonic_ns": 2472909402915,
          "started_unix_ns": 1789462530184091224,
          "swap_delta_bytes": 0,
          "swap_used_bytes": 0
        },
        {
          "errors": [],
          "finished_monotonic_ns": 2473957599417,
          "finished_unix_ns": 1789462531232287725,
          "pid": 1066,
          "rss_bytes": 1526136832,
          "rss_limit_bytes": 20195630284,
          "started_monotonic_ns": 2473952587920,
          "started_unix_ns": 1789462531227276154,
          "swap_delta_bytes": 0,
          "swap_used_bytes": 0
        },
        {
          "errors": [],
          "finished_monotonic_ns": 2475004527395,
          "finished_unix_ns": 1789462532279215727,
          "pid": 1066,
          "rss_bytes": 1526136832,
          "rss_limit_bytes": 20195630284,
          "started_monotonic_ns": 2474999403372,
          "started_unix_ns": 1789462532274091671,
          "swap_delta_bytes": 0,
          "swap_used_bytes": 0
        },
        {
          "errors": [],
          "finished_monotonic_ns": 2475914502894,
          "finished_unix_ns": 1789462533189191161,
          "pid": 1066,
          "rss_bytes": 1526136832,
          "rss_limit_bytes": 20195630284,
          "started_monotonic_ns": 2475909223848,
          "started_unix_ns": 1789462533183912216,
          "swap_delta_bytes": 0,
          "swap_used_bytes": 0
        },
        {
          "errors": [],
          "finished_monotonic_ns": 2475958464957,
          "finished_unix_ns": 1789462533233153296,
          "pid": 1066,
          "rss_bytes": 1526136832,
          "rss_limit_bytes": 20195630284,
          "started_monotonic_ns": 2475953824933,
          "started_unix_ns": 1789462533228513365,
          "swap_delta_bytes": 0,
          "swap_used_bytes": 0
        },
        {
          "errors": [],
          "finished_monotonic_ns": 2476844130449,
          "finished_unix_ns": 1789462534118818732,
          "pid": 1066,
          "rss_bytes": 1526140928,
          "rss_limit_bytes": 20195630284,
          "started_monotonic_ns": 2476839362524,
          "started_unix_ns": 1789462534114050869,
          "swap_delta_bytes": 0,
          "swap_used_bytes": 0
        },
        {
          "errors": [],
          "finished_monotonic_ns": 2478046670962,
          "finished_unix_ns": 1789462535321359240,
          "pid": 1066,
          "rss_bytes": 1526140928,
          "rss_limit_bytes": 20195630284,
          "started_monotonic_ns": 2478041694515,
          "started_unix_ns": 1789462535316382854,
          "swap_delta_bytes": 0,
          "swap_used_bytes": 0
        },
        {
          "errors": [],
          "finished_monotonic_ns": 2479091844950,
          "finished_unix_ns": 1789462536366533269,
          "pid": 1066,
          "rss_bytes": 1526140928,
          "rss_limit_bytes": 20195630284,
          "started_monotonic_ns": 2479086597446,
          "started_unix_ns": 1789462536361285756,
          "swap_delta_bytes": 0,
          "swap_used_bytes": 0
        },
        {
          "errors": [],
          "finished_monotonic_ns": 2480138200919,
          "finished_unix_ns": 1789462537412889254,
          "pid": 1066,
          "rss_bytes": 1526140928,
          "rss_limit_bytes": 20195630284,
          "started_monotonic_ns": 2480133085400,
          "started_unix_ns": 1789462537407773772,
          "swap_delta_bytes": 0,
          "swap_used_bytes": 0
        },
        {
          "errors": [],
          "finished_monotonic_ns": 2481046537841,
          "finished_unix_ns": 1789462538321226140,
          "pid": 1066,
          "rss_bytes": 1526140928,
          "rss_limit_bytes": 20195630284,
          "started_monotonic_ns": 2481041451548,
          "started_unix_ns": 1789462538316139845,
          "swap_delta_bytes": 0,
          "swap_used_bytes": 0
        },
        {
          "errors": [],
          "finished_monotonic_ns": 2481091218929,
          "finished_unix_ns": 1789462538365907212,
          "pid": 1066,
          "rss_bytes": 1526140928,
          "rss_limit_bytes": 20195630284,
          "started_monotonic_ns": 2481086453075,
          "started_unix_ns": 1789462538361141480,
          "swap_delta_bytes": 0,
          "swap_used_bytes": 0
        },
        {
          "errors": [],
          "finished_monotonic_ns": 2481974029549,
          "finished_unix_ns": 1789462539248717931,
          "pid": 1066,
          "rss_bytes": 1527193600,
          "rss_limit_bytes": 20195630284,
          "started_monotonic_ns": 2481969034137,
          "started_unix_ns": 1789462539243722464,
          "swap_delta_bytes": 0,
          "swap_used_bytes": 0
        },
        {
          "errors": [],
          "finished_monotonic_ns": 2483171649326,
          "finished_unix_ns": 1789462540446337672,
          "pid": 1066,
          "rss_bytes": 1527193600,
          "rss_limit_bytes": 20195630284,
          "started_monotonic_ns": 2483166734231,
          "started_unix_ns": 1789462540441422644,
          "swap_delta_bytes": 0,
          "swap_used_bytes": 0
        },
        {
          "errors": [],
          "finished_monotonic_ns": 2484216925947,
          "finished_unix_ns": 1789462541491614315,
          "pid": 1066,
          "rss_bytes": 1527193600,
          "rss_limit_bytes": 20195630284,
          "started_monotonic_ns": 2484211941788,
          "started_unix_ns": 1789462541486630125,
          "swap_delta_bytes": 0,
          "swap_used_bytes": 0
        },
        {
          "errors": [],
          "finished_monotonic_ns": 2485262880450,
          "finished_unix_ns": 1789462542537568856,
          "pid": 1066,
          "rss_bytes": 1527193600,
          "rss_limit_bytes": 20195630284,
          "started_monotonic_ns": 2485257922925,
          "started_unix_ns": 1789462542532611260,
          "swap_delta_bytes": 0,
          "swap_used_bytes": 0
        },
        {
          "errors": [],
          "finished_monotonic_ns": 2486171567523,
          "finished_unix_ns": 1789462543446255763,
          "pid": 1066,
          "rss_bytes": 1527193600,
          "rss_limit_bytes": 20195630284,
          "started_monotonic_ns": 2486166520933,
          "started_unix_ns": 1789462543441209089,
          "swap_delta_bytes": 0,
          "swap_used_bytes": 0
        },
        {
          "errors": [],
          "finished_monotonic_ns": 2486533472912,
          "finished_unix_ns": 1789462543808161269,
          "pid": 1066,
          "rss_bytes": 1527193600,
          "rss_limit_bytes": 20195630284,
          "started_monotonic_ns": 2486528642656,
          "started_unix_ns": 1789462543803331001,
          "swap_delta_bytes": 0,
          "swap_used_bytes": 0
        },
        {
          "errors": [],
          "finished_monotonic_ns": 2487587486965,
          "finished_unix_ns": 1789462544862175303,
          "pid": 1066,
          "rss_bytes": 1527193600,
          "rss_limit_bytes": 20195630284,
          "started_monotonic_ns": 2487582713855,
          "started_unix_ns": 1789462544857402170,
          "swap_delta_bytes": 0,
          "swap_used_bytes": 0
        },
        {
          "errors": [],
          "finished_monotonic_ns": 2488633700510,
          "finished_unix_ns": 1789462545908388846,
          "pid": 1066,
          "rss_bytes": 1527193600,
          "rss_limit_bytes": 20195630284,
          "started_monotonic_ns": 2488628280312,
          "started_unix_ns": 1789462545902968581,
          "swap_delta_bytes": 0,
          "swap_used_bytes": 0
        },
        {
          "errors": [],
          "finished_monotonic_ns": 2489681669302,
          "finished_unix_ns": 1789462546956357415,
          "pid": 1066,
          "rss_bytes": 1527193600,
          "rss_limit_bytes": 20195630284,
          "started_monotonic_ns": 2489676303048,
          "started_unix_ns": 1789462546950991383,
          "swap_delta_bytes": 0,
          "swap_used_bytes": 0
        },
        {
          "errors": [],
          "finished_monotonic_ns": 2490732248894,
          "finished_unix_ns": 1789462548006937259,
          "pid": 1066,
          "rss_bytes": 1527193600,
          "rss_limit_bytes": 20195630284,
          "started_monotonic_ns": 2490727266211,
          "started_unix_ns": 1789462548001954296,
          "swap_delta_bytes": 0,
          "swap_used_bytes": 0
        },
        {
          "errors": [],
          "finished_monotonic_ns": 2491534084130,
          "finished_unix_ns": 1789462548808772425,
          "pid": 1066,
          "rss_bytes": 1527193600,
          "rss_limit_bytes": 20195630284,
          "started_monotonic_ns": 2491528830290,
          "started_unix_ns": 1789462548803518622,
          "swap_delta_bytes": 0,
          "swap_used_bytes": 0
        },
        {
          "errors": [],
          "finished_monotonic_ns": 2492736751205,
          "finished_unix_ns": 1789462550011439531,
          "pid": 1066,
          "rss_bytes": 1527193600,
          "rss_limit_bytes": 20195630284,
          "started_monotonic_ns": 2492731554538,
          "started_unix_ns": 1789462550006242930,
          "swap_delta_bytes": 0,
          "swap_used_bytes": 0
        },
        {
          "errors": [],
          "finished_monotonic_ns": 2493785159995,
          "finished_unix_ns": 1789462551059848300,
          "pid": 1066,
          "rss_bytes": 1527193600,
          "rss_limit_bytes": 20195630284,
          "started_monotonic_ns": 2493779986828,
          "started_unix_ns": 1789462551054675168,
          "swap_delta_bytes": 0,
          "swap_used_bytes": 0
        },
        {
          "errors": [],
          "finished_monotonic_ns": 2494832598003,
          "finished_unix_ns": 1789462552107286272,
          "pid": 1066,
          "rss_bytes": 1527193600,
          "rss_limit_bytes": 20195630284,
          "started_monotonic_ns": 2494827454431,
          "started_unix_ns": 1789462552102142773,
          "swap_delta_bytes": 0,
          "swap_used_bytes": 0
        },
        {
          "errors": [],
          "finished_monotonic_ns": 2495879426713,
          "finished_unix_ns": 1789462553154115012,
          "pid": 1066,
          "rss_bytes": 1527193600,
          "rss_limit_bytes": 20195630284,
          "started_monotonic_ns": 2495874147276,
          "started_unix_ns": 1789462553148835573,
          "swap_delta_bytes": 0,
          "swap_used_bytes": 0
        },
        {
          "errors": [],
          "finished_monotonic_ns": 2496736371246,
          "finished_unix_ns": 1789462554011059608,
          "pid": 1066,
          "rss_bytes": 1527193600,
          "rss_limit_bytes": 20195630284,
          "started_monotonic_ns": 2496731343366,
          "started_unix_ns": 1789462554006031605,
          "swap_delta_bytes": 0,
          "swap_used_bytes": 0
        },
        {
          "errors": [],
          "finished_monotonic_ns": 2497108332144,
          "finished_unix_ns": 1789462554383020455,
          "pid": 1066,
          "rss_bytes": 1527193600,
          "rss_limit_bytes": 20195630284,
          "started_monotonic_ns": 2497103538188,
          "started_unix_ns": 1789462554378226422,
          "swap_delta_bytes": 0,
          "swap_used_bytes": 0
        },
        {
          "errors": [],
          "finished_monotonic_ns": 2497153732543,
          "finished_unix_ns": 1789462554428420918,
          "pid": 1066,
          "rss_bytes": 1527193600,
          "rss_limit_bytes": 20195630284,
          "started_monotonic_ns": 2497149846437,
          "started_unix_ns": 1789462554424534927,
          "swap_delta_bytes": 0,
          "swap_used_bytes": 0
        },
        {
          "errors": [],
          "finished_monotonic_ns": 2498186918114,
          "finished_unix_ns": 1789462555461606425,
          "pid": 1066,
          "rss_bytes": 1528422400,
          "rss_limit_bytes": 20195630284,
          "started_monotonic_ns": 2498182891904,
          "started_unix_ns": 1789462555457580302,
          "swap_delta_bytes": 0,
          "swap_used_bytes": 0
        },
        {
          "errors": [],
          "finished_monotonic_ns": 2499381210175,
          "finished_unix_ns": 1789462556655898538,
          "pid": 1066,
          "rss_bytes": 1528422400,
          "rss_limit_bytes": 20195630284,
          "started_monotonic_ns": 2499376332507,
          "started_unix_ns": 1789462556651020821,
          "swap_delta_bytes": 0,
          "swap_used_bytes": 0
        },
        {
          "errors": [],
          "finished_monotonic_ns": 2500428464153,
          "finished_unix_ns": 1789462557703152453,
          "pid": 1066,
          "rss_bytes": 1528422400,
          "rss_limit_bytes": 20195630284,
          "started_monotonic_ns": 2500423637154,
          "started_unix_ns": 1789462557698325509,
          "swap_delta_bytes": 0,
          "swap_used_bytes": 0
        },
        {
          "errors": [],
          "finished_monotonic_ns": 2501478432039,
          "finished_unix_ns": 1789462558753120448,
          "pid": 1066,
          "rss_bytes": 1528422400,
          "rss_limit_bytes": 20195630284,
          "started_monotonic_ns": 2501473629565,
          "started_unix_ns": 1789462558748317604,
          "swap_delta_bytes": 0,
          "swap_used_bytes": 0
        },
        {
          "errors": [],
          "finished_monotonic_ns": 2502381065507,
          "finished_unix_ns": 1789462559655753798,
          "pid": 1066,
          "rss_bytes": 1528422400,
          "rss_limit_bytes": 20195630284,
          "started_monotonic_ns": 2502376159102,
          "started_unix_ns": 1789462559650847210,
          "swap_delta_bytes": 0,
          "swap_used_bytes": 0
        },
        {
          "errors": [],
          "finished_monotonic_ns": 2502428801274,
          "finished_unix_ns": 1789462559703489679,
          "pid": 1066,
          "rss_bytes": 1528422400,
          "rss_limit_bytes": 20195630284,
          "started_monotonic_ns": 2502424273011,
          "started_unix_ns": 1789462559698961431,
          "swap_delta_bytes": 0,
          "swap_used_bytes": 0
        },
        {
          "errors": [],
          "finished_monotonic_ns": 2503434488894,
          "finished_unix_ns": 1789462560709177244,
          "pid": 1066,
          "rss_bytes": 1528422400,
          "rss_limit_bytes": 20195630284,
          "started_monotonic_ns": 2503429556331,
          "started_unix_ns": 1789462560704244750,
          "swap_delta_bytes": 0,
          "swap_used_bytes": 0
        },
        {
          "errors": [],
          "finished_monotonic_ns": 2504627176665,
          "finished_unix_ns": 1789462561901865061,
          "pid": 1066,
          "rss_bytes": 1528422400,
          "rss_limit_bytes": 20195630284,
          "started_monotonic_ns": 2504622303109,
          "started_unix_ns": 1789462561896991403,
          "swap_delta_bytes": 0,
          "swap_used_bytes": 0
        },
        {
          "errors": [],
          "finished_monotonic_ns": 2505677105865,
          "finished_unix_ns": 1789462562951794129,
          "pid": 1066,
          "rss_bytes": 1528422400,
          "rss_limit_bytes": 20195630284,
          "started_monotonic_ns": 2505672041552,
          "started_unix_ns": 1789462562946729850,
          "swap_delta_bytes": 0,
          "swap_used_bytes": 0
        },
        {
          "errors": [],
          "finished_monotonic_ns": 2506726454416,
          "finished_unix_ns": 1789462564001142759,
          "pid": 1066,
          "rss_bytes": 1528422400,
          "rss_limit_bytes": 20195630284,
          "started_monotonic_ns": 2506721376488,
          "started_unix_ns": 1789462563996064789,
          "swap_delta_bytes": 0,
          "swap_used_bytes": 0
        },
        {
          "errors": [],
          "finished_monotonic_ns": 2507627114315,
          "finished_unix_ns": 1789462564901802679,
          "pid": 1066,
          "rss_bytes": 1528422400,
          "rss_limit_bytes": 20195630284,
          "started_monotonic_ns": 2507622096179,
          "started_unix_ns": 1789462564896784382,
          "swap_delta_bytes": 0,
          "swap_used_bytes": 0
        },
        {
          "errors": [],
          "finished_monotonic_ns": 2507675690207,
          "finished_unix_ns": 1789462564950378570,
          "pid": 1066,
          "rss_bytes": 1528422400,
          "rss_limit_bytes": 20195630284,
          "started_monotonic_ns": 2507670949159,
          "started_unix_ns": 1789462564945637597,
          "swap_delta_bytes": 0,
          "swap_used_bytes": 0
        },
        {
          "errors": [],
          "finished_monotonic_ns": 2508666638646,
          "finished_unix_ns": 1789462565941326864,
          "pid": 1066,
          "rss_bytes": 1528422400,
          "rss_limit_bytes": 20195630284,
          "started_monotonic_ns": 2508661676385,
          "started_unix_ns": 1789462565936364719,
          "swap_delta_bytes": 0,
          "swap_used_bytes": 0
        },
        {
          "errors": [],
          "finished_monotonic_ns": 2509874511265,
          "finished_unix_ns": 1789462567149199550,
          "pid": 1066,
          "rss_bytes": 1528422400,
          "rss_limit_bytes": 20195630284,
          "started_monotonic_ns": 2509869503986,
          "started_unix_ns": 1789462567144192028,
          "swap_delta_bytes": 0,
          "swap_used_bytes": 0
        },
        {
          "errors": [],
          "finished_monotonic_ns": 2510926274948,
          "finished_unix_ns": 1789462568200963243,
          "pid": 1066,
          "rss_bytes": 1528422400,
          "rss_limit_bytes": 20195630284,
          "started_monotonic_ns": 2510921356672,
          "started_unix_ns": 1789462568196044988,
          "swap_delta_bytes": 0,
          "swap_used_bytes": 0
        },
        {
          "errors": [],
          "finished_monotonic_ns": 2511976015167,
          "finished_unix_ns": 1789462569250703346,
          "pid": 1066,
          "rss_bytes": 1528422400,
          "rss_limit_bytes": 20195630284,
          "started_monotonic_ns": 2511970821553,
          "started_unix_ns": 1789462569245509856,
          "swap_delta_bytes": 0,
          "swap_used_bytes": 0
        },
        {
          "errors": [],
          "finished_monotonic_ns": 2512874351698,
          "finished_unix_ns": 1789462570149040010,
          "pid": 1066,
          "rss_bytes": 1528422400,
          "rss_limit_bytes": 20195630284,
          "started_monotonic_ns": 2512869292247,
          "started_unix_ns": 1789462570143980641,
          "swap_delta_bytes": 0,
          "swap_used_bytes": 0
        },
        {
          "errors": [],
          "finished_monotonic_ns": 2512924982291,
          "finished_unix_ns": 1789462570199670652,
          "pid": 1066,
          "rss_bytes": 1528422400,
          "rss_limit_bytes": 20195630284,
          "started_monotonic_ns": 2512920115571,
          "started_unix_ns": 1789462570194803980,
          "swap_delta_bytes": 0,
          "swap_used_bytes": 0
        },
        {
          "errors": [],
          "finished_monotonic_ns": 2513965137561,
          "finished_unix_ns": 1789462571239825954,
          "pid": 1066,
          "rss_bytes": 1528438784,
          "rss_limit_bytes": 20195630284,
          "started_monotonic_ns": 2513960259956,
          "started_unix_ns": 1789462571234948307,
          "swap_delta_bytes": 0,
          "swap_used_bytes": 0
        },
        {
          "errors": [],
          "finished_monotonic_ns": 2515178245263,
          "finished_unix_ns": 1789462572452933570,
          "pid": 1066,
          "rss_bytes": 1528438784,
          "rss_limit_bytes": 20195630284,
          "started_monotonic_ns": 2515173251052,
          "started_unix_ns": 1789462572447939287,
          "swap_delta_bytes": 0,
          "swap_used_bytes": 0
        },
        {
          "errors": [],
          "finished_monotonic_ns": 2516232091454,
          "finished_unix_ns": 1789462573506779779,
          "pid": 1066,
          "rss_bytes": 1528438784,
          "rss_limit_bytes": 20195630284,
          "started_monotonic_ns": 2516227213220,
          "started_unix_ns": 1789462573501901410,
          "swap_delta_bytes": 0,
          "swap_used_bytes": 0
        },
        {
          "errors": [],
          "finished_monotonic_ns": 2517281854829,
          "finished_unix_ns": 1789462574556543143,
          "pid": 1066,
          "rss_bytes": 1528438784,
          "rss_limit_bytes": 20195630284,
          "started_monotonic_ns": 2517277189458,
          "started_unix_ns": 1789462574551877727,
          "swap_delta_bytes": 0,
          "swap_used_bytes": 0
        },
        {
          "errors": [],
          "finished_monotonic_ns": 2518177937535,
          "finished_unix_ns": 1789462575452625890,
          "pid": 1066,
          "rss_bytes": 1528438784,
          "rss_limit_bytes": 20195630284,
          "started_monotonic_ns": 2518173027185,
          "started_unix_ns": 1789462575447715575,
          "swap_delta_bytes": 0,
          "swap_used_bytes": 0
        },
        {
          "errors": [],
          "finished_monotonic_ns": 2518227820216,
          "finished_unix_ns": 1789462575502508607,
          "pid": 1066,
          "rss_bytes": 1528438784,
          "rss_limit_bytes": 20195630284,
          "started_monotonic_ns": 2518223070242,
          "started_unix_ns": 1789462575497758644,
          "swap_delta_bytes": 0,
          "swap_used_bytes": 0
        },
        {
          "errors": [],
          "finished_monotonic_ns": 2519262918042,
          "finished_unix_ns": 1789462576537606182,
          "pid": 1066,
          "rss_bytes": 1528442880,
          "rss_limit_bytes": 20195630284,
          "started_monotonic_ns": 2519257989371,
          "started_unix_ns": 1789462576532677719,
          "swap_delta_bytes": 0,
          "swap_used_bytes": 0
        },
        {
          "errors": [],
          "finished_monotonic_ns": 2520470215350,
          "finished_unix_ns": 1789462577744903508,
          "pid": 1066,
          "rss_bytes": 1528442880,
          "rss_limit_bytes": 20195630284,
          "started_monotonic_ns": 2520465247847,
          "started_unix_ns": 1789462577739936058,
          "swap_delta_bytes": 0,
          "swap_used_bytes": 0
        },
        {
          "errors": [],
          "finished_monotonic_ns": 2521523073105,
          "finished_unix_ns": 1789462578797761414,
          "pid": 1066,
          "rss_bytes": 1528442880,
          "rss_limit_bytes": 20195630284,
          "started_monotonic_ns": 2521518158624,
          "started_unix_ns": 1789462578792846937,
          "swap_delta_bytes": 0,
          "swap_used_bytes": 0
        },
        {
          "errors": [],
          "finished_monotonic_ns": 2522576954002,
          "finished_unix_ns": 1789462579851642348,
          "pid": 1066,
          "rss_bytes": 1528442880,
          "rss_limit_bytes": 20195630284,
          "started_monotonic_ns": 2522571925714,
          "started_unix_ns": 1789462579846614067,
          "swap_delta_bytes": 0,
          "swap_used_bytes": 0
        },
        {
          "errors": [],
          "finished_monotonic_ns": 2523470047754,
          "finished_unix_ns": 1789462580744736050,
          "pid": 1066,
          "rss_bytes": 1528442880,
          "rss_limit_bytes": 20195630284,
          "started_monotonic_ns": 2523465059090,
          "started_unix_ns": 1789462580739747329,
          "swap_delta_bytes": 0,
          "swap_used_bytes": 0
        },
        {
          "errors": [],
          "finished_monotonic_ns": 2523523141088,
          "finished_unix_ns": 1789462580797829092,
          "pid": 1066,
          "rss_bytes": 1528442880,
          "rss_limit_bytes": 20195630284,
          "started_monotonic_ns": 2523518298170,
          "started_unix_ns": 1789462580792986571,
          "swap_delta_bytes": 0,
          "swap_used_bytes": 0
        },
        {
          "errors": [],
          "finished_monotonic_ns": 2524521887933,
          "finished_unix_ns": 1789462581796576364,
          "pid": 1066,
          "rss_bytes": 1528442880,
          "rss_limit_bytes": 20195630284,
          "started_monotonic_ns": 2524517665809,
          "started_unix_ns": 1789462581792354236,
          "swap_delta_bytes": 0,
          "swap_used_bytes": 0
        },
        {
          "errors": [],
          "finished_monotonic_ns": 2525700319792,
          "finished_unix_ns": 1789462582975008066,
          "pid": 1066,
          "rss_bytes": 1528442880,
          "rss_limit_bytes": 20195630284,
          "started_monotonic_ns": 2525695218079,
          "started_unix_ns": 1789462582969906442,
          "swap_delta_bytes": 0,
          "swap_used_bytes": 0
        },
        {
          "errors": [],
          "finished_monotonic_ns": 2526755215633,
          "finished_unix_ns": 1789462584029903991,
          "pid": 1066,
          "rss_bytes": 1528442880,
          "rss_limit_bytes": 20195630284,
          "started_monotonic_ns": 2526749993937,
          "started_unix_ns": 1789462584024682377,
          "swap_delta_bytes": 0,
          "swap_used_bytes": 0
        },
        {
          "errors": [],
          "finished_monotonic_ns": 2527814260069,
          "finished_unix_ns": 1789462585088948356,
          "pid": 1066,
          "rss_bytes": 1528442880,
          "rss_limit_bytes": 20195630284,
          "started_monotonic_ns": 2527809292011,
          "started_unix_ns": 1789462585083980310,
          "swap_delta_bytes": 0,
          "swap_used_bytes": 0
        },
        {
          "errors": [],
          "finished_monotonic_ns": 2528700084541,
          "finished_unix_ns": 1789462585974772784,
          "pid": 1066,
          "rss_bytes": 1528442880,
          "rss_limit_bytes": 20195630284,
          "started_monotonic_ns": 2528695041413,
          "started_unix_ns": 1789462585969729748,
          "swap_delta_bytes": 0,
          "swap_used_bytes": 0
        },
        {
          "errors": [],
          "finished_monotonic_ns": 2528755830804,
          "finished_unix_ns": 1789462586030519203,
          "pid": 1066,
          "rss_bytes": 1528442880,
          "rss_limit_bytes": 20195630284,
          "started_monotonic_ns": 2528751033731,
          "started_unix_ns": 1789462586025722056,
          "swap_delta_bytes": 0,
          "swap_used_bytes": 0
        },
        {
          "errors": [],
          "finished_monotonic_ns": 2529784786233,
          "finished_unix_ns": 1789462587059474525,
          "pid": 1066,
          "rss_bytes": 1529487360,
          "rss_limit_bytes": 20195630284,
          "started_monotonic_ns": 2529779744352,
          "started_unix_ns": 1789462587054432730,
          "swap_delta_bytes": 0,
          "swap_used_bytes": 0
        },
        {
          "errors": [],
          "finished_monotonic_ns": 2531011642889,
          "finished_unix_ns": 1789462588286331181,
          "pid": 1066,
          "rss_bytes": 1529487360,
          "rss_limit_bytes": 20195630284,
          "started_monotonic_ns": 2531006298278,
          "started_unix_ns": 1789462588280986614,
          "swap_delta_bytes": 0,
          "swap_used_bytes": 0
        },
        {
          "errors": [],
          "finished_monotonic_ns": 2532073648463,
          "finished_unix_ns": 1789462589348336869,
          "pid": 1066,
          "rss_bytes": 1529487360,
          "rss_limit_bytes": 20195630284,
          "started_monotonic_ns": 2532068495443,
          "started_unix_ns": 1789462589343183767,
          "swap_delta_bytes": 0,
          "swap_used_bytes": 0
        },
        {
          "errors": [],
          "finished_monotonic_ns": 2533129204697,
          "finished_unix_ns": 1789462590403893058,
          "pid": 1066,
          "rss_bytes": 1529487360,
          "rss_limit_bytes": 20195630284,
          "started_monotonic_ns": 2533124291092,
          "started_unix_ns": 1789462590398979450,
          "swap_delta_bytes": 0,
          "swap_used_bytes": 0
        },
        {
          "errors": [],
          "finished_monotonic_ns": 2534011112329,
          "finished_unix_ns": 1789462591285800657,
          "pid": 1066,
          "rss_bytes": 1529487360,
          "rss_limit_bytes": 20195630284,
          "started_monotonic_ns": 2534006067048,
          "started_unix_ns": 1789462591280755374,
          "swap_delta_bytes": 0,
          "swap_used_bytes": 0
        },
        {
          "errors": [],
          "finished_monotonic_ns": 2534068923866,
          "finished_unix_ns": 1789462591343612199,
          "pid": 1066,
          "rss_bytes": 1529487360,
          "rss_limit_bytes": 20195630284,
          "started_monotonic_ns": 2534064175936,
          "started_unix_ns": 1789462591338864338,
          "swap_delta_bytes": 0,
          "swap_used_bytes": 0
        },
        {
          "errors": [],
          "finished_monotonic_ns": 2535101889133,
          "finished_unix_ns": 1789462592376577423,
          "pid": 1066,
          "rss_bytes": 1530535936,
          "rss_limit_bytes": 20195630284,
          "started_monotonic_ns": 2535097048529,
          "started_unix_ns": 1789462592371736894,
          "swap_delta_bytes": 0,
          "swap_used_bytes": 0
        },
        {
          "errors": [],
          "finished_monotonic_ns": 2536316900299,
          "finished_unix_ns": 1789462593591588581,
          "pid": 1066,
          "rss_bytes": 1530535936,
          "rss_limit_bytes": 20195630284,
          "started_monotonic_ns": 2536311772880,
          "started_unix_ns": 1789462593586461145,
          "swap_delta_bytes": 0,
          "swap_used_bytes": 0
        },
        {
          "errors": [],
          "finished_monotonic_ns": 2537374115412,
          "finished_unix_ns": 1789462594648803738,
          "pid": 1066,
          "rss_bytes": 1530535936,
          "rss_limit_bytes": 20195630284,
          "started_monotonic_ns": 2537369424874,
          "started_unix_ns": 1789462594644113192,
          "swap_delta_bytes": 0,
          "swap_used_bytes": 0
        },
        {
          "errors": [],
          "finished_monotonic_ns": 2538433408336,
          "finished_unix_ns": 1789462595708096622,
          "pid": 1066,
          "rss_bytes": 1530535936,
          "rss_limit_bytes": 20195630284,
          "started_monotonic_ns": 2538428382568,
          "started_unix_ns": 1789462595703070853,
          "swap_delta_bytes": 0,
          "swap_used_bytes": 0
        },
        {
          "errors": [],
          "finished_monotonic_ns": 2539316499541,
          "finished_unix_ns": 1789462596591187819,
          "pid": 1066,
          "rss_bytes": 1530535936,
          "rss_limit_bytes": 20195630284,
          "started_monotonic_ns": 2539311542459,
          "started_unix_ns": 1789462596586230796,
          "swap_delta_bytes": 0,
          "swap_used_bytes": 0
        },
        {
          "errors": [],
          "finished_monotonic_ns": 2539376879674,
          "finished_unix_ns": 1789462596651568054,
          "pid": 1066,
          "rss_bytes": 1530535936,
          "rss_limit_bytes": 20195630284,
          "started_monotonic_ns": 2539372250898,
          "started_unix_ns": 1789462596646939242,
          "swap_delta_bytes": 0,
          "swap_used_bytes": 0
        },
        {
          "errors": [],
          "finished_monotonic_ns": 2540394895036,
          "finished_unix_ns": 1789462597669583466,
          "pid": 1066,
          "rss_bytes": 1531584512,
          "rss_limit_bytes": 20195630284,
          "started_monotonic_ns": 2540389941574,
          "started_unix_ns": 1789462597664629919,
          "swap_delta_bytes": 0,
          "swap_used_bytes": 0
        },
        {
          "errors": [],
          "finished_monotonic_ns": 2541616617650,
          "finished_unix_ns": 1789462598891305851,
          "pid": 1066,
          "rss_bytes": 1531584512,
          "rss_limit_bytes": 20195630284,
          "started_monotonic_ns": 2541611530989,
          "started_unix_ns": 1789462598886219273,
          "swap_delta_bytes": 0,
          "swap_used_bytes": 0
        },
        {
          "errors": [],
          "finished_monotonic_ns": 2542677100317,
          "finished_unix_ns": 1789462599951788547,
          "pid": 1066,
          "rss_bytes": 1531584512,
          "rss_limit_bytes": 20195630284,
          "started_monotonic_ns": 2542671892797,
          "started_unix_ns": 1789462599946581110,
          "swap_delta_bytes": 0,
          "swap_used_bytes": 0
        },
        {
          "errors": [],
          "finished_monotonic_ns": 2543739596704,
          "finished_unix_ns": 1789462601014284990,
          "pid": 1066,
          "rss_bytes": 1531584512,
          "rss_limit_bytes": 20195630284,
          "started_monotonic_ns": 2543734496048,
          "started_unix_ns": 1789462601009184409,
          "swap_delta_bytes": 0,
          "swap_used_bytes": 0
        },
        {
          "errors": [],
          "finished_monotonic_ns": 2544616227639,
          "finished_unix_ns": 1789462601890915625,
          "pid": 1066,
          "rss_bytes": 1531584512,
          "rss_limit_bytes": 20195630284,
          "started_monotonic_ns": 2544611287222,
          "started_unix_ns": 1789462601885975442,
          "swap_delta_bytes": 0,
          "swap_used_bytes": 0
        },
        {
          "errors": [],
          "finished_monotonic_ns": 2544673012717,
          "finished_unix_ns": 1789462601947701072,
          "pid": 1066,
          "rss_bytes": 1531584512,
          "rss_limit_bytes": 20195630284,
          "started_monotonic_ns": 2544668344307,
          "started_unix_ns": 1789462601943032814,
          "swap_delta_bytes": 0,
          "swap_used_bytes": 0
        },
        {
          "errors": [],
          "finished_monotonic_ns": 2545711579053,
          "finished_unix_ns": 1789462602986267382,
          "pid": 1066,
          "rss_bytes": 1531588608,
          "rss_limit_bytes": 20195630284,
          "started_monotonic_ns": 2545706626358,
          "started_unix_ns": 1789462602981314724,
          "swap_delta_bytes": 0,
          "swap_used_bytes": 0
        },
        {
          "errors": [],
          "finished_monotonic_ns": 2546935023884,
          "finished_unix_ns": 1789462604209712235,
          "pid": 1066,
          "rss_bytes": 1531588608,
          "rss_limit_bytes": 20195630284,
          "started_monotonic_ns": 2546928629555,
          "started_unix_ns": 1789462604203317895,
          "swap_delta_bytes": 0,
          "swap_used_bytes": 0
        },
        {
          "errors": [],
          "finished_monotonic_ns": 2547995248400,
          "finished_unix_ns": 1789462605269936749,
          "pid": 1066,
          "rss_bytes": 1531588608,
          "rss_limit_bytes": 20195630284,
          "started_monotonic_ns": 2547990234216,
          "started_unix_ns": 1789462605264922405,
          "swap_delta_bytes": 0,
          "swap_used_bytes": 0
        },
        {
          "errors": [],
          "finished_monotonic_ns": 2549053656800,
          "finished_unix_ns": 1789462606328345028,
          "pid": 1066,
          "rss_bytes": 1531588608,
          "rss_limit_bytes": 20195630284,
          "started_monotonic_ns": 2549048500012,
          "started_unix_ns": 1789462606323188100,
          "swap_delta_bytes": 0,
          "swap_used_bytes": 0
        },
        {
          "errors": [],
          "finished_monotonic_ns": 2549933376184,
          "finished_unix_ns": 1789462607208064493,
          "pid": 1066,
          "rss_bytes": 1531588608,
          "rss_limit_bytes": 20195630284,
          "started_monotonic_ns": 2549928331471,
          "started_unix_ns": 1789462607203019789,
          "swap_delta_bytes": 0,
          "swap_used_bytes": 0
        },
        {
          "errors": [],
          "finished_monotonic_ns": 2550333974939,
          "finished_unix_ns": 1789462607608663288,
          "pid": 1066,
          "rss_bytes": 1531588608,
          "rss_limit_bytes": 20195630284,
          "started_monotonic_ns": 2550329189098,
          "started_unix_ns": 1789462607603877495,
          "swap_delta_bytes": 0,
          "swap_used_bytes": 0
        },
        {
          "errors": [],
          "finished_monotonic_ns": 2551392478717,
          "finished_unix_ns": 1789462608667167034,
          "pid": 1066,
          "rss_bytes": 1531588608,
          "rss_limit_bytes": 20195630284,
          "started_monotonic_ns": 2551387638559,
          "started_unix_ns": 1789462608662326868,
          "swap_delta_bytes": 0,
          "swap_used_bytes": 0
        },
        {
          "errors": [],
          "finished_monotonic_ns": 2552453623225,
          "finished_unix_ns": 1789462609728311469,
          "pid": 1066,
          "rss_bytes": 1531588608,
          "rss_limit_bytes": 20195630284,
          "started_monotonic_ns": 2552448591477,
          "started_unix_ns": 1789462609723279854,
          "swap_delta_bytes": 0,
          "swap_used_bytes": 0
        },
        {
          "errors": [],
          "finished_monotonic_ns": 2553513926267,
          "finished_unix_ns": 1789462610788614640,
          "pid": 1066,
          "rss_bytes": 1531588608,
          "rss_limit_bytes": 20195630284,
          "started_monotonic_ns": 2553508951644,
          "started_unix_ns": 1789462610783639978,
          "swap_delta_bytes": 0,
          "swap_used_bytes": 0
        },
        {
          "errors": [],
          "finished_monotonic_ns": 2554577033092,
          "finished_unix_ns": 1789462611851721393,
          "pid": 1066,
          "rss_bytes": 1531588608,
          "rss_limit_bytes": 20195630284,
          "started_monotonic_ns": 2554571875311,
          "started_unix_ns": 1789462611846563689,
          "swap_delta_bytes": 0,
          "swap_used_bytes": 0
        },
        {
          "errors": [],
          "finished_monotonic_ns": 2555334397309,
          "finished_unix_ns": 1789462612609085604,
          "pid": 1066,
          "rss_bytes": 1531588608,
          "rss_limit_bytes": 20195630284,
          "started_monotonic_ns": 2555329369511,
          "started_unix_ns": 1789462612604057796,
          "swap_delta_bytes": 0,
          "swap_used_bytes": 0
        },
        {
          "errors": [],
          "finished_monotonic_ns": 2556574552282,
          "finished_unix_ns": 1789462613849240595,
          "pid": 1066,
          "rss_bytes": 1531588608,
          "rss_limit_bytes": 20195630284,
          "started_monotonic_ns": 2556569505131,
          "started_unix_ns": 1789462613844193414,
          "swap_delta_bytes": 0,
          "swap_used_bytes": 0
        },
        {
          "errors": [],
          "finished_monotonic_ns": 2557636593040,
          "finished_unix_ns": 1789462614911281383,
          "pid": 1066,
          "rss_bytes": 1531588608,
          "rss_limit_bytes": 20195630284,
          "started_monotonic_ns": 2557631434006,
          "started_unix_ns": 1789462614906122236,
          "swap_delta_bytes": 0,
          "swap_used_bytes": 0
        },
        {
          "errors": [],
          "finished_monotonic_ns": 2558697001775,
          "finished_unix_ns": 1789462615971690088,
          "pid": 1066,
          "rss_bytes": 1531588608,
          "rss_limit_bytes": 20195630284,
          "started_monotonic_ns": 2558691877904,
          "started_unix_ns": 1789462615966566201,
          "swap_delta_bytes": 0,
          "swap_used_bytes": 0
        },
        {
          "errors": [],
          "finished_monotonic_ns": 2559758228146,
          "finished_unix_ns": 1789462617032916352,
          "pid": 1066,
          "rss_bytes": 1531588608,
          "rss_limit_bytes": 20195630284,
          "started_monotonic_ns": 2559753237891,
          "started_unix_ns": 1789462617027926200,
          "swap_delta_bytes": 0,
          "swap_used_bytes": 0
        },
        {
          "errors": [],
          "finished_monotonic_ns": 2560574316618,
          "finished_unix_ns": 1789462617849004892,
          "pid": 1066,
          "rss_bytes": 1531588608,
          "rss_limit_bytes": 20195630284,
          "started_monotonic_ns": 2560569265694,
          "started_unix_ns": 1789462617843953852,
          "swap_delta_bytes": 0,
          "swap_used_bytes": 0
        },
        {
          "errors": [],
          "finished_monotonic_ns": 2560982779660,
          "finished_unix_ns": 1789462618257468008,
          "pid": 1066,
          "rss_bytes": 1531588608,
          "rss_limit_bytes": 20195630284,
          "started_monotonic_ns": 2560978150698,
          "started_unix_ns": 1789462618252838993,
          "swap_delta_bytes": 0,
          "swap_used_bytes": 0
        },
        {
          "errors": [],
          "finished_monotonic_ns": 2561042841770,
          "finished_unix_ns": 1789462618317530189,
          "pid": 1066,
          "rss_bytes": 1531588608,
          "rss_limit_bytes": 20195630284,
          "started_monotonic_ns": 2561038080268,
          "started_unix_ns": 1789462618312768650,
          "swap_delta_bytes": 0,
          "swap_used_bytes": 0
        },
        {
          "errors": [],
          "finished_monotonic_ns": 2562383947756,
          "finished_unix_ns": 1789462619658636158,
          "pid": 1066,
          "rss_bytes": 1531588608,
          "rss_limit_bytes": 20195630284,
          "started_monotonic_ns": 2562379228839,
          "started_unix_ns": 1789462619653917147,
          "swap_delta_bytes": 0,
          "swap_used_bytes": 0
        },
        {
          "errors": [],
          "finished_monotonic_ns": 2563607399667,
          "finished_unix_ns": 1789462620882087974,
          "pid": 1066,
          "rss_bytes": 1531588608,
          "rss_limit_bytes": 20195630284,
          "started_monotonic_ns": 2563602406366,
          "started_unix_ns": 1789462620877094748,
          "swap_delta_bytes": 0,
          "swap_used_bytes": 0
        },
        {
          "errors": [],
          "finished_monotonic_ns": 2564672222873,
          "finished_unix_ns": 1789462621946911218,
          "pid": 1066,
          "rss_bytes": 1531588608,
          "rss_limit_bytes": 20195630284,
          "started_monotonic_ns": 2564667196298,
          "started_unix_ns": 1789462621941884606,
          "swap_delta_bytes": 0,
          "swap_used_bytes": 0
        },
        {
          "errors": [],
          "finished_monotonic_ns": 2565735272995,
          "finished_unix_ns": 1789462623009961332,
          "pid": 1066,
          "rss_bytes": 1531588608,
          "rss_limit_bytes": 20195630284,
          "started_monotonic_ns": 2565730403531,
          "started_unix_ns": 1789462623005091865,
          "swap_delta_bytes": 0,
          "swap_used_bytes": 0
        },
        {
          "errors": [],
          "finished_monotonic_ns": 2566607298644,
          "finished_unix_ns": 1789462623881986878,
          "pid": 1066,
          "rss_bytes": 1531588608,
          "rss_limit_bytes": 20195630284,
          "started_monotonic_ns": 2566602258277,
          "started_unix_ns": 1789462623876946540,
          "swap_delta_bytes": 0,
          "swap_used_bytes": 0
        },
        {
          "errors": [],
          "finished_monotonic_ns": 2567669638314,
          "finished_unix_ns": 1789462624944326515,
          "pid": 1066,
          "rss_bytes": 1531588608,
          "rss_limit_bytes": 20195630284,
          "started_monotonic_ns": 2567664527073,
          "started_unix_ns": 1789462624939215429,
          "swap_delta_bytes": 0,
          "swap_used_bytes": 0
        },
        {
          "errors": [],
          "finished_monotonic_ns": 2568735918111,
          "finished_unix_ns": 1789462626010606410,
          "pid": 1066,
          "rss_bytes": 1531588608,
          "rss_limit_bytes": 20195630284,
          "started_monotonic_ns": 2568731089761,
          "started_unix_ns": 1789462626005778065,
          "swap_delta_bytes": 0,
          "swap_used_bytes": 0
        },
        {
          "errors": [],
          "finished_monotonic_ns": 2569800480638,
          "finished_unix_ns": 1789462627075168945,
          "pid": 1066,
          "rss_bytes": 1531588608,
          "rss_limit_bytes": 20195630284,
          "started_monotonic_ns": 2569795385966,
          "started_unix_ns": 1789462627070074350,
          "swap_delta_bytes": 0,
          "swap_used_bytes": 0
        },
        {
          "errors": [],
          "finished_monotonic_ns": 2570669267410,
          "finished_unix_ns": 1789462627943955740,
          "pid": 1066,
          "rss_bytes": 1531588608,
          "rss_limit_bytes": 20195630284,
          "started_monotonic_ns": 2570664314438,
          "started_unix_ns": 1789462627939002718,
          "swap_delta_bytes": 0,
          "swap_used_bytes": 0
        },
        {
          "errors": [],
          "finished_monotonic_ns": 2570735780831,
          "finished_unix_ns": 1789462628010469111,
          "pid": 1066,
          "rss_bytes": 1531588608,
          "rss_limit_bytes": 20195630284,
          "started_monotonic_ns": 2570730774979,
          "started_unix_ns": 1789462628005463303,
          "swap_delta_bytes": 0,
          "swap_used_bytes": 0
        },
        {
          "errors": [],
          "finished_monotonic_ns": 2572115698342,
          "finished_unix_ns": 1789462629390386686,
          "pid": 1066,
          "rss_bytes": 1531588608,
          "rss_limit_bytes": 20195630284,
          "started_monotonic_ns": 2572110835725,
          "started_unix_ns": 1789462629385524003,
          "swap_delta_bytes": 0,
          "swap_used_bytes": 0
        },
        {
          "errors": [],
          "finished_monotonic_ns": 2573341057739,
          "finished_unix_ns": 1789462630615746005,
          "pid": 1066,
          "rss_bytes": 1531588608,
          "rss_limit_bytes": 20195630284,
          "started_monotonic_ns": 2573335995735,
          "started_unix_ns": 1789462630610684069,
          "swap_delta_bytes": 0,
          "swap_used_bytes": 0
        },
        {
          "errors": [],
          "finished_monotonic_ns": 2574406323301,
          "finished_unix_ns": 1789462631681011571,
          "pid": 1066,
          "rss_bytes": 1531588608,
          "rss_limit_bytes": 20195630284,
          "started_monotonic_ns": 2574401382157,
          "started_unix_ns": 1789462631676070534,
          "swap_delta_bytes": 0,
          "swap_used_bytes": 0
        },
        {
          "errors": [],
          "finished_monotonic_ns": 2575473572682,
          "finished_unix_ns": 1789462632748260689,
          "pid": 1066,
          "rss_bytes": 1531588608,
          "rss_limit_bytes": 20195630284,
          "started_monotonic_ns": 2575468056651,
          "started_unix_ns": 1789462632742744840,
          "swap_delta_bytes": 0,
          "swap_used_bytes": 0
        },
        {
          "errors": [],
          "finished_monotonic_ns": 2576340689020,
          "finished_unix_ns": 1789462633615377328,
          "pid": 1066,
          "rss_bytes": 1531588608,
          "rss_limit_bytes": 20195630284,
          "started_monotonic_ns": 2576335751331,
          "started_unix_ns": 1789462633610439723,
          "swap_delta_bytes": 0,
          "swap_used_bytes": 0
        },
        {
          "errors": [],
          "finished_monotonic_ns": 2576404605455,
          "finished_unix_ns": 1789462633679293841,
          "pid": 1066,
          "rss_bytes": 1531588608,
          "rss_limit_bytes": 20195630284,
          "started_monotonic_ns": 2576399886979,
          "started_unix_ns": 1789462633674575308,
          "swap_delta_bytes": 0,
          "swap_used_bytes": 0
        },
        {
          "errors": [],
          "finished_monotonic_ns": 2577738476243,
          "finished_unix_ns": 1789462635013164581,
          "pid": 1066,
          "rss_bytes": 1531588608,
          "rss_limit_bytes": 20195630284,
          "started_monotonic_ns": 2577733415036,
          "started_unix_ns": 1789462635008103403,
          "swap_delta_bytes": 0,
          "swap_used_bytes": 0
        },
        {
          "errors": [],
          "finished_monotonic_ns": 2578967281287,
          "finished_unix_ns": 1789462636241969615,
          "pid": 1066,
          "rss_bytes": 1531588608,
          "rss_limit_bytes": 20195630284,
          "started_monotonic_ns": 2578962361464,
          "started_unix_ns": 1789462636237049748,
          "swap_delta_bytes": 0,
          "swap_used_bytes": 0
        },
        {
          "errors": [],
          "finished_monotonic_ns": 2580030733443,
          "finished_unix_ns": 1789462637305421673,
          "pid": 1066,
          "rss_bytes": 1531588608,
          "rss_limit_bytes": 20195630284,
          "started_monotonic_ns": 2580026387255,
          "started_unix_ns": 1789462637301075555,
          "swap_delta_bytes": 0,
          "swap_used_bytes": 0
        },
        {
          "errors": [],
          "finished_monotonic_ns": 2581094755770,
          "finished_unix_ns": 1789462638369444016,
          "pid": 1066,
          "rss_bytes": 1531588608,
          "rss_limit_bytes": 20195630284,
          "started_monotonic_ns": 2581089679208,
          "started_unix_ns": 1789462638364367431,
          "swap_delta_bytes": 0,
          "swap_used_bytes": 0
        },
        {
          "errors": [],
          "finished_monotonic_ns": 2581967082607,
          "finished_unix_ns": 1789462639241770734,
          "pid": 1066,
          "rss_bytes": 1531588608,
          "rss_limit_bytes": 20195630284,
          "started_monotonic_ns": 2581962154358,
          "started_unix_ns": 1789462639236842680,
          "swap_delta_bytes": 0,
          "swap_used_bytes": 0
        },
        {
          "errors": [],
          "finished_monotonic_ns": 2582031444231,
          "finished_unix_ns": 1789462639306132614,
          "pid": 1066,
          "rss_bytes": 1531588608,
          "rss_limit_bytes": 20195630284,
          "started_monotonic_ns": 2582026718738,
          "started_unix_ns": 1789462639301407116,
          "swap_delta_bytes": 0,
          "swap_used_bytes": 0
        },
        {
          "errors": [],
          "finished_monotonic_ns": 2583420577821,
          "finished_unix_ns": 1789462640695266091,
          "pid": 1066,
          "rss_bytes": 1531588608,
          "rss_limit_bytes": 20195630284,
          "started_monotonic_ns": 2583415625685,
          "started_unix_ns": 1789462640690314042,
          "swap_delta_bytes": 0,
          "swap_used_bytes": 0
        },
        {
          "errors": [],
          "finished_monotonic_ns": 2584653476778,
          "finished_unix_ns": 1789462641928165050,
          "pid": 1066,
          "rss_bytes": 1531588608,
          "rss_limit_bytes": 20195630284,
          "started_monotonic_ns": 2584648305719,
          "started_unix_ns": 1789462641922994044,
          "swap_delta_bytes": 0,
          "swap_used_bytes": 0
        },
        {
          "errors": [],
          "finished_monotonic_ns": 2585721260865,
          "finished_unix_ns": 1789462642995949227,
          "pid": 1066,
          "rss_bytes": 1531588608,
          "rss_limit_bytes": 20195630284,
          "started_monotonic_ns": 2585716276219,
          "started_unix_ns": 1789462642990964578,
          "swap_delta_bytes": 0,
          "swap_used_bytes": 0
        },
        {
          "errors": [],
          "finished_monotonic_ns": 2586790266529,
          "finished_unix_ns": 1789462644064954863,
          "pid": 1066,
          "rss_bytes": 1531588608,
          "rss_limit_bytes": 20195630284,
          "started_monotonic_ns": 2586785179570,
          "started_unix_ns": 1789462644059867929,
          "swap_delta_bytes": 0,
          "swap_used_bytes": 0
        },
        {
          "errors": [],
          "finished_monotonic_ns": 2587653155885,
          "finished_unix_ns": 1789462644927844211,
          "pid": 1066,
          "rss_bytes": 1531588608,
          "rss_limit_bytes": 20195630284,
          "started_monotonic_ns": 2587648080356,
          "started_unix_ns": 1789462644922768578,
          "swap_delta_bytes": 0,
          "swap_used_bytes": 0
        },
        {
          "errors": [],
          "finished_monotonic_ns": 2588725586557,
          "finished_unix_ns": 1789462646000274803,
          "pid": 1066,
          "rss_bytes": 1531588608,
          "rss_limit_bytes": 20195630284,
          "started_monotonic_ns": 2588720116534,
          "started_unix_ns": 1789462645994804755,
          "swap_delta_bytes": 0,
          "swap_used_bytes": 0
        },
        {
          "errors": [],
          "finished_monotonic_ns": 2589794312549,
          "finished_unix_ns": 1789462647069000844,
          "pid": 1066,
          "rss_bytes": 1531588608,
          "rss_limit_bytes": 20195630284,
          "started_monotonic_ns": 2589789353708,
          "started_unix_ns": 1789462647064042069,
          "swap_delta_bytes": 0,
          "swap_used_bytes": 0
        },
        {
          "errors": [],
          "finished_monotonic_ns": 2590863942308,
          "finished_unix_ns": 1789462648138630561,
          "pid": 1066,
          "rss_bytes": 1531588608,
          "rss_limit_bytes": 20195630284,
          "started_monotonic_ns": 2590858813889,
          "started_unix_ns": 1789462648133502201,
          "swap_delta_bytes": 0,
          "swap_used_bytes": 0
        },
        {
          "errors": [],
          "finished_monotonic_ns": 2591724801089,
          "finished_unix_ns": 1789462648999489469,
          "pid": 1066,
          "rss_bytes": 1531588608,
          "rss_limit_bytes": 20195630284,
          "started_monotonic_ns": 2591719801924,
          "started_unix_ns": 1789462648994490234,
          "swap_delta_bytes": 0,
          "swap_used_bytes": 0
        },
        {
          "errors": [],
          "finished_monotonic_ns": 2591791691850,
          "finished_unix_ns": 1789462649066380208,
          "pid": 1066,
          "rss_bytes": 1531588608,
          "rss_limit_bytes": 20195630284,
          "started_monotonic_ns": 2591786904363,
          "started_unix_ns": 1789462649061592839,
          "swap_delta_bytes": 0,
          "swap_used_bytes": 0
        },
        {
          "errors": [],
          "finished_monotonic_ns": 2593177200419,
          "finished_unix_ns": 1789462650451888659,
          "pid": 1066,
          "rss_bytes": 1531588608,
          "rss_limit_bytes": 20195630284,
          "started_monotonic_ns": 2593172308278,
          "started_unix_ns": 1789462650446996646,
          "swap_delta_bytes": 0,
          "swap_used_bytes": 0
        },
        {
          "errors": [],
          "finished_monotonic_ns": 2594418102581,
          "finished_unix_ns": 1789462651692790978,
          "pid": 1066,
          "rss_bytes": 1531588608,
          "rss_limit_bytes": 20195630284,
          "started_monotonic_ns": 2594413181956,
          "started_unix_ns": 1789462651687870138,
          "swap_delta_bytes": 0,
          "swap_used_bytes": 0
        },
        {
          "errors": [],
          "finished_monotonic_ns": 2595485360449,
          "finished_unix_ns": 1789462652760048859,
          "pid": 1066,
          "rss_bytes": 1531588608,
          "rss_limit_bytes": 20195630284,
          "started_monotonic_ns": 2595480456930,
          "started_unix_ns": 1789462652755145097,
          "swap_delta_bytes": 0,
          "swap_used_bytes": 0
        },
        {
          "errors": [],
          "finished_monotonic_ns": 2596551289093,
          "finished_unix_ns": 1789462653825977173,
          "pid": 1066,
          "rss_bytes": 1531588608,
          "rss_limit_bytes": 20195630284,
          "started_monotonic_ns": 2596546298352,
          "started_unix_ns": 1789462653820986590,
          "swap_delta_bytes": 0,
          "swap_used_bytes": 0
        },
        {
          "errors": [],
          "finished_monotonic_ns": 2597417833177,
          "finished_unix_ns": 1789462654692521575,
          "pid": 1066,
          "rss_bytes": 1531588608,
          "rss_limit_bytes": 20195630284,
          "started_monotonic_ns": 2597412988670,
          "started_unix_ns": 1789462654687677090,
          "swap_delta_bytes": 0,
          "swap_used_bytes": 0
        },
        {
          "errors": [],
          "finished_monotonic_ns": 2597485484626,
          "finished_unix_ns": 1789462654760172990,
          "pid": 1066,
          "rss_bytes": 1531588608,
          "rss_limit_bytes": 20195630284,
          "started_monotonic_ns": 2597480639621,
          "started_unix_ns": 1789462654755328061,
          "swap_delta_bytes": 0,
          "swap_used_bytes": 0
        },
        {
          "errors": [],
          "finished_monotonic_ns": 2598856830982,
          "finished_unix_ns": 1789462656131519383,
          "pid": 1066,
          "rss_bytes": 1531588608,
          "rss_limit_bytes": 20195630284,
          "started_monotonic_ns": 2598852025387,
          "started_unix_ns": 1789462656126713724,
          "swap_delta_bytes": 0,
          "swap_used_bytes": 0
        },
        {
          "errors": [],
          "finished_monotonic_ns": 2600087948582,
          "finished_unix_ns": 1789462657362636783,
          "pid": 1066,
          "rss_bytes": 1531588608,
          "rss_limit_bytes": 20195630284,
          "started_monotonic_ns": 2600082989637,
          "started_unix_ns": 1789462657357678010,
          "swap_delta_bytes": 0,
          "swap_used_bytes": 0
        },
        {
          "errors": [],
          "finished_monotonic_ns": 2601159437609,
          "finished_unix_ns": 1789462658434125884,
          "pid": 1066,
          "rss_bytes": 1531588608,
          "rss_limit_bytes": 20195630284,
          "started_monotonic_ns": 2601154259611,
          "started_unix_ns": 1789462658428947750,
          "swap_delta_bytes": 0,
          "swap_used_bytes": 0
        },
        {
          "errors": [],
          "finished_monotonic_ns": 2602229880559,
          "finished_unix_ns": 1789462659504568936,
          "pid": 1066,
          "rss_bytes": 1531588608,
          "rss_limit_bytes": 20195630284,
          "started_monotonic_ns": 2602224802789,
          "started_unix_ns": 1789462659499490848,
          "swap_delta_bytes": 0,
          "swap_used_bytes": 0
        },
        {
          "errors": [],
          "finished_monotonic_ns": 2603087909095,
          "finished_unix_ns": 1789462660362597218,
          "pid": 1066,
          "rss_bytes": 1531588608,
          "rss_limit_bytes": 20195630284,
          "started_monotonic_ns": 2603082797848,
          "started_unix_ns": 1789462660357486275,
          "swap_delta_bytes": 0,
          "swap_used_bytes": 0
        },
        {
          "errors": [],
          "finished_monotonic_ns": 2603156068379,
          "finished_unix_ns": 1789462660430756624,
          "pid": 1066,
          "rss_bytes": 1531588608,
          "rss_limit_bytes": 20195630284,
          "started_monotonic_ns": 2603151271359,
          "started_unix_ns": 1789462660425959733,
          "swap_delta_bytes": 0,
          "swap_used_bytes": 0
        },
        {
          "errors": [],
          "finished_monotonic_ns": 2604554827648,
          "finished_unix_ns": 1789462661829516007,
          "pid": 1066,
          "rss_bytes": 1531588608,
          "rss_limit_bytes": 20195630284,
          "started_monotonic_ns": 2604549807741,
          "started_unix_ns": 1789462661824496082,
          "swap_delta_bytes": 0,
          "swap_used_bytes": 0
        },
        {
          "errors": [],
          "finished_monotonic_ns": 2605790095303,
          "finished_unix_ns": 1789462663064783624,
          "pid": 1066,
          "rss_bytes": 1531588608,
          "rss_limit_bytes": 20195630284,
          "started_monotonic_ns": 2605785817760,
          "started_unix_ns": 1789462663060506097,
          "swap_delta_bytes": 0,
          "swap_used_bytes": 0
        },
        {
          "errors": [],
          "finished_monotonic_ns": 2606865045972,
          "finished_unix_ns": 1789462664139734184,
          "pid": 1066,
          "rss_bytes": 1531588608,
          "rss_limit_bytes": 20195630284,
          "started_monotonic_ns": 2606859898864,
          "started_unix_ns": 1789462664134587176,
          "swap_delta_bytes": 0,
          "swap_used_bytes": 0
        },
        {
          "errors": [],
          "finished_monotonic_ns": 2607936629950,
          "finished_unix_ns": 1789462665211318280,
          "pid": 1066,
          "rss_bytes": 1531588608,
          "rss_limit_bytes": 20195630284,
          "started_monotonic_ns": 2607931497467,
          "started_unix_ns": 1789462665206185826,
          "swap_delta_bytes": 0,
          "swap_used_bytes": 0
        },
        {
          "errors": [],
          "finished_monotonic_ns": 2608790944033,
          "finished_unix_ns": 1789462666065632300,
          "pid": 1066,
          "rss_bytes": 1531588608,
          "rss_limit_bytes": 20195630284,
          "started_monotonic_ns": 2608785659717,
          "started_unix_ns": 1789462666060348074,
          "swap_delta_bytes": 0,
          "swap_used_bytes": 0
        },
        {
          "errors": [],
          "finished_monotonic_ns": 2609863580118,
          "finished_unix_ns": 1789462667138268315,
          "pid": 1066,
          "rss_bytes": 1531588608,
          "rss_limit_bytes": 20195630284,
          "started_monotonic_ns": 2609858363242,
          "started_unix_ns": 1789462667133051617,
          "swap_delta_bytes": 0,
          "swap_used_bytes": 0
        },
        {
          "errors": [],
          "finished_monotonic_ns": 2610935616338,
          "finished_unix_ns": 1789462668210304548,
          "pid": 1066,
          "rss_bytes": 1531588608,
          "rss_limit_bytes": 20195630284,
          "started_monotonic_ns": 2610930491491,
          "started_unix_ns": 1789462668205179520,
          "swap_delta_bytes": 0,
          "swap_used_bytes": 0
        },
        {
          "errors": [],
          "finished_monotonic_ns": 2612007413166,
          "finished_unix_ns": 1789462669282101491,
          "pid": 1066,
          "rss_bytes": 1531588608,
          "rss_limit_bytes": 20195630284,
          "started_monotonic_ns": 2612002358815,
          "started_unix_ns": 1789462669277047214,
          "swap_delta_bytes": 0,
          "swap_used_bytes": 0
        },
        {
          "errors": [],
          "finished_monotonic_ns": 2612863197788,
          "finished_unix_ns": 1789462670137886031,
          "pid": 1066,
          "rss_bytes": 1531588608,
          "rss_limit_bytes": 20195630284,
          "started_monotonic_ns": 2612858160208,
          "started_unix_ns": 1789462670132848515,
          "swap_delta_bytes": 0,
          "swap_used_bytes": 0
        },
        {
          "errors": [],
          "finished_monotonic_ns": 2613939302914,
          "finished_unix_ns": 1789462671213991279,
          "pid": 1066,
          "rss_bytes": 1531588608,
          "rss_limit_bytes": 20195630284,
          "started_monotonic_ns": 2613934402157,
          "started_unix_ns": 1789462671209090457,
          "swap_delta_bytes": 0,
          "swap_used_bytes": 0
        },
        {
          "errors": [],
          "finished_monotonic_ns": 2615009929560,
          "finished_unix_ns": 1789462672284617887,
          "pid": 1066,
          "rss_bytes": 1531588608,
          "rss_limit_bytes": 20195630284,
          "started_monotonic_ns": 2615004801565,
          "started_unix_ns": 1789462672279489917,
          "swap_delta_bytes": 0,
          "swap_used_bytes": 0
        },
        {
          "errors": [],
          "finished_monotonic_ns": 2616085365008,
          "finished_unix_ns": 1789462673360053360,
          "pid": 1066,
          "rss_bytes": 1531588608,
          "rss_limit_bytes": 20195630284,
          "started_monotonic_ns": 2616080268251,
          "started_unix_ns": 1789462673354956556,
          "swap_delta_bytes": 0,
          "swap_used_bytes": 0
        },
        {
          "errors": [],
          "finished_monotonic_ns": 2616940478042,
          "finished_unix_ns": 1789462674215166343,
          "pid": 1066,
          "rss_bytes": 1531588608,
          "rss_limit_bytes": 20195630284,
          "started_monotonic_ns": 2616934253940,
          "started_unix_ns": 1789462674208942218,
          "swap_delta_bytes": 0,
          "swap_used_bytes": 0
        },
        {
          "errors": [],
          "finished_monotonic_ns": 2618018690138,
          "finished_unix_ns": 1789462675293378456,
          "pid": 1066,
          "rss_bytes": 1531588608,
          "rss_limit_bytes": 20195630284,
          "started_monotonic_ns": 2618013582147,
          "started_unix_ns": 1789462675288270440,
          "swap_delta_bytes": 0,
          "swap_used_bytes": 0
        },
        {
          "errors": [],
          "finished_monotonic_ns": 2619094018160,
          "finished_unix_ns": 1789462676368706347,
          "pid": 1066,
          "rss_bytes": 1531588608,
          "rss_limit_bytes": 20195630284,
          "started_monotonic_ns": 2619088746796,
          "started_unix_ns": 1789462676363435185,
          "swap_delta_bytes": 0,
          "swap_used_bytes": 0
        },
        {
          "errors": [],
          "finished_monotonic_ns": 2620177445650,
          "finished_unix_ns": 1789462677452133920,
          "pid": 1066,
          "rss_bytes": 1531588608,
          "rss_limit_bytes": 20195630284,
          "started_monotonic_ns": 2620172409041,
          "started_unix_ns": 1789462677447097309,
          "swap_delta_bytes": 0,
          "swap_used_bytes": 0
        },
        {
          "errors": [],
          "finished_monotonic_ns": 2621018294225,
          "finished_unix_ns": 1789462678292982519,
          "pid": 1066,
          "rss_bytes": 1531588608,
          "rss_limit_bytes": 20195630284,
          "started_monotonic_ns": 2621013397845,
          "started_unix_ns": 1789462678288086077,
          "swap_delta_bytes": 0,
          "swap_used_bytes": 0
        },
        {
          "errors": [],
          "finished_monotonic_ns": 2622096693226,
          "finished_unix_ns": 1789462679371381532,
          "pid": 1066,
          "rss_bytes": 1531588608,
          "rss_limit_bytes": 20195630284,
          "started_monotonic_ns": 2622091710188,
          "started_unix_ns": 1789462679366398591,
          "swap_delta_bytes": 0,
          "swap_used_bytes": 0
        },
        {
          "errors": [],
          "finished_monotonic_ns": 2623171344806,
          "finished_unix_ns": 1789462680446033031,
          "pid": 1066,
          "rss_bytes": 1531588608,
          "rss_limit_bytes": 20195630284,
          "started_monotonic_ns": 2623166193865,
          "started_unix_ns": 1789462680440882201,
          "swap_delta_bytes": 0,
          "swap_used_bytes": 0
        },
        {
          "errors": [],
          "finished_monotonic_ns": 2624246790376,
          "finished_unix_ns": 1789462681521478704,
          "pid": 1066,
          "rss_bytes": 1531588608,
          "rss_limit_bytes": 20195630284,
          "started_monotonic_ns": 2624241904757,
          "started_unix_ns": 1789462681516593093,
          "swap_delta_bytes": 0,
          "swap_used_bytes": 0
        },
        {
          "errors": [],
          "finished_monotonic_ns": 2625096704112,
          "finished_unix_ns": 1789462682371392432,
          "pid": 1066,
          "rss_bytes": 1531588608,
          "rss_limit_bytes": 20195630284,
          "started_monotonic_ns": 2625091481062,
          "started_unix_ns": 1789462682366169448,
          "swap_delta_bytes": 0,
          "swap_used_bytes": 0
        },
        {
          "errors": [],
          "finished_monotonic_ns": 2625173544774,
          "finished_unix_ns": 1789462682448233149,
          "pid": 1066,
          "rss_bytes": 1531588608,
          "rss_limit_bytes": 20195630284,
          "started_monotonic_ns": 2625168474521,
          "started_unix_ns": 1789462682443162915,
          "swap_delta_bytes": 0,
          "swap_used_bytes": 0
        },
        {
          "errors": [],
          "finished_monotonic_ns": 2626530245695,
          "finished_unix_ns": 1789462683804933915,
          "pid": 1066,
          "rss_bytes": 1531588608,
          "rss_limit_bytes": 20195630284,
          "started_monotonic_ns": 2626525329276,
          "started_unix_ns": 1789462683800017641,
          "swap_delta_bytes": 0,
          "swap_used_bytes": 0
        },
        {
          "errors": [],
          "finished_monotonic_ns": 2626781048243,
          "finished_unix_ns": 1789462684055736570,
          "pid": 1066,
          "rss_bytes": 1531588608,
          "rss_limit_bytes": 20195630284,
          "started_monotonic_ns": 2626776274725,
          "started_unix_ns": 1789462684050963127,
          "swap_delta_bytes": 0,
          "swap_used_bytes": 0
        },
        {
          "errors": [],
          "finished_monotonic_ns": 2627853186979,
          "finished_unix_ns": 1789462685127875205,
          "pid": 1066,
          "rss_bytes": 1531588608,
          "rss_limit_bytes": 20195630284,
          "started_monotonic_ns": 2627848073106,
          "started_unix_ns": 1789462685122761333,
          "swap_delta_bytes": 0,
          "swap_used_bytes": 0
        },
        {
          "errors": [],
          "finished_monotonic_ns": 2628927712943,
          "finished_unix_ns": 1789462686202401276,
          "pid": 1066,
          "rss_bytes": 1531588608,
          "rss_limit_bytes": 20195630284,
          "started_monotonic_ns": 2628922583657,
          "started_unix_ns": 1789462686197271484,
          "swap_delta_bytes": 0,
          "swap_used_bytes": 0
        },
        {
          "errors": [],
          "finished_monotonic_ns": 2630001663525,
          "finished_unix_ns": 1789462687276351867,
          "pid": 1066,
          "rss_bytes": 1531588608,
          "rss_limit_bytes": 20195630284,
          "started_monotonic_ns": 2629996763468,
          "started_unix_ns": 1789462687271451748,
          "swap_delta_bytes": 0,
          "swap_used_bytes": 0
        },
        {
          "errors": [],
          "finished_monotonic_ns": 2630781365995,
          "finished_unix_ns": 1789462688056054342,
          "pid": 1066,
          "rss_bytes": 1531588608,
          "rss_limit_bytes": 20195630284,
          "started_monotonic_ns": 2630776527518,
          "started_unix_ns": 1789462688051215831,
          "swap_delta_bytes": 0,
          "swap_used_bytes": 0
        },
        {
          "errors": [],
          "finished_monotonic_ns": 2631855892693,
          "finished_unix_ns": 1789462689130580918,
          "pid": 1066,
          "rss_bytes": 1531588608,
          "rss_limit_bytes": 20195630284,
          "started_monotonic_ns": 2631850563766,
          "started_unix_ns": 1789462689125252064,
          "swap_delta_bytes": 0,
          "swap_used_bytes": 0
        },
        {
          "errors": [],
          "finished_monotonic_ns": 2632933738742,
          "finished_unix_ns": 1789462690208427098,
          "pid": 1066,
          "rss_bytes": 1531588608,
          "rss_limit_bytes": 20195630284,
          "started_monotonic_ns": 2632928623874,
          "started_unix_ns": 1789462690203312168,
          "swap_delta_bytes": 0,
          "swap_used_bytes": 0
        },
        {
          "errors": [],
          "finished_monotonic_ns": 2634005914241,
          "finished_unix_ns": 1789462691280602626,
          "pid": 1066,
          "rss_bytes": 1531588608,
          "rss_limit_bytes": 20195630284,
          "started_monotonic_ns": 2634000915758,
          "started_unix_ns": 1789462691275604050,
          "swap_delta_bytes": 0,
          "swap_used_bytes": 0
        },
        {
          "errors": [],
          "finished_monotonic_ns": 2634855145670,
          "finished_unix_ns": 1789462692129833925,
          "pid": 1066,
          "rss_bytes": 1531588608,
          "rss_limit_bytes": 20195630284,
          "started_monotonic_ns": 2634850303502,
          "started_unix_ns": 1789462692124991469,
          "swap_delta_bytes": 0,
          "swap_used_bytes": 0
        },
        {
          "errors": [],
          "finished_monotonic_ns": 2634927740244,
          "finished_unix_ns": 1789462692202428642,
          "pid": 1066,
          "rss_bytes": 1531588608,
          "rss_limit_bytes": 20195630284,
          "started_monotonic_ns": 2634923074131,
          "started_unix_ns": 1789462692197762512,
          "swap_delta_bytes": 0,
          "swap_used_bytes": 0
        },
        {
          "errors": [],
          "finished_monotonic_ns": 2636326668850,
          "finished_unix_ns": 1789462693601357214,
          "pid": 1066,
          "rss_bytes": 1531588608,
          "rss_limit_bytes": 20195630284,
          "started_monotonic_ns": 2636321895570,
          "started_unix_ns": 1789462693596583927,
          "swap_delta_bytes": 0,
          "swap_used_bytes": 0
        },
        {
          "errors": [],
          "finished_monotonic_ns": 2637573588786,
          "finished_unix_ns": 1789462694848277145,
          "pid": 1066,
          "rss_bytes": 1531588608,
          "rss_limit_bytes": 20195630284,
          "started_monotonic_ns": 2637569176978,
          "started_unix_ns": 1789462694843865358,
          "swap_delta_bytes": 0,
          "swap_used_bytes": 0
        },
        {
          "errors": [],
          "finished_monotonic_ns": 2638648315624,
          "finished_unix_ns": 1789462695923003937,
          "pid": 1066,
          "rss_bytes": 1531588608,
          "rss_limit_bytes": 20195630284,
          "started_monotonic_ns": 2638643286724,
          "started_unix_ns": 1789462695917975024,
          "swap_delta_bytes": 0,
          "swap_used_bytes": 0
        },
        {
          "errors": [],
          "finished_monotonic_ns": 2639725134491,
          "finished_unix_ns": 1789462696999822836,
          "pid": 1066,
          "rss_bytes": 1531588608,
          "rss_limit_bytes": 20195630284,
          "started_monotonic_ns": 2639720012088,
          "started_unix_ns": 1789462696994700400,
          "swap_delta_bytes": 0,
          "swap_used_bytes": 0
        },
        {
          "errors": [],
          "finished_monotonic_ns": 2640574111834,
          "finished_unix_ns": 1789462697848800079,
          "pid": 1066,
          "rss_bytes": 1531588608,
          "rss_limit_bytes": 20195630284,
          "started_monotonic_ns": 2640568946762,
          "started_unix_ns": 1789462697843635117,
          "swap_delta_bytes": 0,
          "swap_used_bytes": 0
        },
        {
          "errors": [],
          "finished_monotonic_ns": 2640651268194,
          "finished_unix_ns": 1789462697925956484,
          "pid": 1066,
          "rss_bytes": 1531588608,
          "rss_limit_bytes": 20195630284,
          "started_monotonic_ns": 2640646535345,
          "started_unix_ns": 1789462697921223677,
          "swap_delta_bytes": 0,
          "swap_used_bytes": 0
        },
        {
          "errors": [],
          "finished_monotonic_ns": 2642014013674,
          "finished_unix_ns": 1789462699288701964,
          "pid": 1066,
          "rss_bytes": 1531588608,
          "rss_limit_bytes": 20195630284,
          "started_monotonic_ns": 2642009204750,
          "started_unix_ns": 1789462699283893141,
          "swap_delta_bytes": 0,
          "swap_used_bytes": 0
        },
        {
          "errors": [],
          "finished_monotonic_ns": 2643256772656,
          "finished_unix_ns": 1789462700531461026,
          "pid": 1066,
          "rss_bytes": 1531588608,
          "rss_limit_bytes": 20195630284,
          "started_monotonic_ns": 2643251804962,
          "started_unix_ns": 1789462700526493354,
          "swap_delta_bytes": 0,
          "swap_used_bytes": 0
        },
        {
          "errors": [],
          "finished_monotonic_ns": 2644333160171,
          "finished_unix_ns": 1789462701607848503,
          "pid": 1066,
          "rss_bytes": 1531588608,
          "rss_limit_bytes": 20195630284,
          "started_monotonic_ns": 2644328143869,
          "started_unix_ns": 1789462701602832228,
          "swap_delta_bytes": 0,
          "swap_used_bytes": 0
        },
        {
          "errors": [],
          "finished_monotonic_ns": 2645415277876,
          "finished_unix_ns": 1789462702689966228,
          "pid": 1066,
          "rss_bytes": 1531588608,
          "rss_limit_bytes": 20195630284,
          "started_monotonic_ns": 2645410304218,
          "started_unix_ns": 1789462702684992628,
          "swap_delta_bytes": 0,
          "swap_used_bytes": 0
        },
        {
          "errors": [],
          "finished_monotonic_ns": 2646256508175,
          "finished_unix_ns": 1789462703531196512,
          "pid": 1066,
          "rss_bytes": 1531588608,
          "rss_limit_bytes": 20195630284,
          "started_monotonic_ns": 2646251566153,
          "started_unix_ns": 1789462703526254548,
          "swap_delta_bytes": 0,
          "swap_used_bytes": 0
        }
      ],
      "worker_index": 0
    },
    {
      "ready": {
        "mlx_active_bytes": 736786440,
        "mlx_cache_bytes": 7208,
        "mlx_peak_bytes": 736786440,
        "process_peak_rss_bytes": 1014722560,
        "recommended_working_set_bytes": 16106127360,
        "rss_limit_bytes": 20195630284,
        "startup_wall_seconds": 5.890801478999947,
        "swap_delta_limit_bytes": 268435456
      },
      "ready_observation": {
        "errors": [],
        "finished_monotonic_ns": 2724855504592,
        "finished_unix_ns": 1789462782130192688,
        "pid": 1490,
        "rss_bytes": 870211584,
        "rss_limit_bytes": 20195630284,
        "started_monotonic_ns": 2724851051700,
        "started_unix_ns": 1789462782125740043,
        "swap_delta_bytes": 0,
        "swap_used_bytes": 0
      },
      "samples": [
        {
          "errors": [],
          "finished_monotonic_ns": 2718803797591,
          "finished_unix_ns": 1789462776078486055,
          "pid": 1490,
          "rss_bytes": 4800512,
          "rss_limit_bytes": 20195630284,
          "started_monotonic_ns": 2718799579407,
          "started_unix_ns": 1789462776074267824,
          "swap_delta_bytes": 0,
          "swap_used_bytes": 0
        },
        {
          "errors": [],
          "finished_monotonic_ns": 2719063246167,
          "finished_unix_ns": 1789462776337934483,
          "pid": 1490,
          "rss_bytes": 241111040,
          "rss_limit_bytes": 20195630284,
          "started_monotonic_ns": 2719058914826,
          "started_unix_ns": 1789462776333603337,
          "swap_delta_bytes": 0,
          "swap_used_bytes": 0
        },
        {
          "errors": [],
          "finished_monotonic_ns": 2719318204566,
          "finished_unix_ns": 1789462776592892993,
          "pid": 1490,
          "rss_bytes": 304345088,
          "rss_limit_bytes": 20195630284,
          "started_monotonic_ns": 2719313843197,
          "started_unix_ns": 1789462776588531724,
          "swap_delta_bytes": 0,
          "swap_used_bytes": 0
        },
        {
          "errors": [],
          "finished_monotonic_ns": 2719577906211,
          "finished_unix_ns": 1789462776852594547,
          "pid": 1490,
          "rss_bytes": 410894336,
          "rss_limit_bytes": 20195630284,
          "started_monotonic_ns": 2719573663617,
          "started_unix_ns": 1789462776848352096,
          "swap_delta_bytes": 0,
          "swap_used_bytes": 0
        },
        {
          "errors": [],
          "finished_monotonic_ns": 2719852052719,
          "finished_unix_ns": 1789462777126741036,
          "pid": 1490,
          "rss_bytes": 475656192,
          "rss_limit_bytes": 20195630284,
          "started_monotonic_ns": 2719847731085,
          "started_unix_ns": 1789462777122419429,
          "swap_delta_bytes": 0,
          "swap_used_bytes": 0
        },
        {
          "errors": [],
          "finished_monotonic_ns": 2720134901933,
          "finished_unix_ns": 1789462777409590361,
          "pid": 1490,
          "rss_bytes": 495276032,
          "rss_limit_bytes": 20195630284,
          "started_monotonic_ns": 2720126696238,
          "started_unix_ns": 1789462777401384617,
          "swap_delta_bytes": 0,
          "swap_used_bytes": 0
        },
        {
          "errors": [],
          "finished_monotonic_ns": 2720388877996,
          "finished_unix_ns": 1789462777663566452,
          "pid": 1490,
          "rss_bytes": 499003392,
          "rss_limit_bytes": 20195630284,
          "started_monotonic_ns": 2720384592943,
          "started_unix_ns": 1789462777659281561,
          "swap_delta_bytes": 0,
          "swap_used_bytes": 0
        },
        {
          "errors": [],
          "finished_monotonic_ns": 2720643934302,
          "finished_unix_ns": 1789462777918622733,
          "pid": 1490,
          "rss_bytes": 500981760,
          "rss_limit_bytes": 20195630284,
          "started_monotonic_ns": 2720639335534,
          "started_unix_ns": 1789462777914023987,
          "swap_delta_bytes": 0,
          "swap_used_bytes": 0
        },
        {
          "errors": [],
          "finished_monotonic_ns": 2720901237586,
          "finished_unix_ns": 1789462778175926034,
          "pid": 1490,
          "rss_bytes": 502026240,
          "rss_limit_bytes": 20195630284,
          "started_monotonic_ns": 2720896831020,
          "started_unix_ns": 1789462778171519558,
          "swap_delta_bytes": 0,
          "swap_used_bytes": 0
        },
        {
          "errors": [],
          "finished_monotonic_ns": 2721157076242,
          "finished_unix_ns": 1789462778431764515,
          "pid": 1490,
          "rss_bytes": 539447296,
          "rss_limit_bytes": 20195630284,
          "started_monotonic_ns": 2721152599133,
          "started_unix_ns": 1789462778427287572,
          "swap_delta_bytes": 0,
          "swap_used_bytes": 0
        },
        {
          "errors": [],
          "finished_monotonic_ns": 2721451425077,
          "finished_unix_ns": 1789462778726112898,
          "pid": 1490,
          "rss_bytes": 577191936,
          "rss_limit_bytes": 20195630284,
          "started_monotonic_ns": 2721442500653,
          "started_unix_ns": 1789462778717189000,
          "swap_delta_bytes": 0,
          "swap_used_bytes": 0
        },
        {
          "errors": [],
          "finished_monotonic_ns": 2721725227168,
          "finished_unix_ns": 1789462778999915480,
          "pid": 1490,
          "rss_bytes": 738615296,
          "rss_limit_bytes": 20195630284,
          "started_monotonic_ns": 2721720100902,
          "started_unix_ns": 1789462778994789207,
          "swap_delta_bytes": 0,
          "swap_used_bytes": 0
        },
        {
          "errors": [],
          "finished_monotonic_ns": 2722016797515,
          "finished_unix_ns": 1789462779291485751,
          "pid": 1490,
          "rss_bytes": 670007296,
          "rss_limit_bytes": 20195630284,
          "started_monotonic_ns": 2722011829757,
          "started_unix_ns": 1789462779286517698,
          "swap_delta_bytes": 0,
          "swap_used_bytes": 0
        },
        {
          "errors": [],
          "finished_monotonic_ns": 2722303455493,
          "finished_unix_ns": 1789462779578143742,
          "pid": 1490,
          "rss_bytes": 773369856,
          "rss_limit_bytes": 20195630284,
          "started_monotonic_ns": 2722298425981,
          "started_unix_ns": 1789462779573114328,
          "swap_delta_bytes": 0,
          "swap_used_bytes": 0
        },
        {
          "errors": [],
          "finished_monotonic_ns": 2722591756886,
          "finished_unix_ns": 1789462779866444717,
          "pid": 1490,
          "rss_bytes": 695345152,
          "rss_limit_bytes": 20195630284,
          "started_monotonic_ns": 2722586224524,
          "started_unix_ns": 1789462779860912821,
          "swap_delta_bytes": 0,
          "swap_used_bytes": 0
        },
        {
          "errors": [],
          "finished_monotonic_ns": 2722891443119,
          "finished_unix_ns": 1789462780166131045,
          "pid": 1490,
          "rss_bytes": 952979456,
          "rss_limit_bytes": 20195630284,
          "started_monotonic_ns": 2722886326993,
          "started_unix_ns": 1789462780161015092,
          "swap_delta_bytes": 0,
          "swap_used_bytes": 0
        },
        {
          "errors": [],
          "finished_monotonic_ns": 2723188025106,
          "finished_unix_ns": 1789462780462713141,
          "pid": 1490,
          "rss_bytes": 856473600,
          "rss_limit_bytes": 20195630284,
          "started_monotonic_ns": 2723182824725,
          "started_unix_ns": 1789462780457513115,
          "swap_delta_bytes": 0,
          "swap_used_bytes": 0
        },
        {
          "errors": [],
          "finished_monotonic_ns": 2723477267999,
          "finished_unix_ns": 1789462780751956213,
          "pid": 1490,
          "rss_bytes": 964730880,
          "rss_limit_bytes": 20195630284,
          "started_monotonic_ns": 2723472039061,
          "started_unix_ns": 1789462780746727435,
          "swap_delta_bytes": 0,
          "swap_used_bytes": 0
        },
        {
          "errors": [],
          "finished_monotonic_ns": 2723766685562,
          "finished_unix_ns": 1789462781041373312,
          "pid": 1490,
          "rss_bytes": 853307392,
          "rss_limit_bytes": 20195630284,
          "started_monotonic_ns": 2723761600207,
          "started_unix_ns": 1789462781036288605,
          "swap_delta_bytes": 0,
          "swap_used_bytes": 0
        },
        {
          "errors": [],
          "finished_monotonic_ns": 2724053873455,
          "finished_unix_ns": 1789462781328561780,
          "pid": 1490,
          "rss_bytes": 939618304,
          "rss_limit_bytes": 20195630284,
          "started_monotonic_ns": 2724048779579,
          "started_unix_ns": 1789462781323467960,
          "swap_delta_bytes": 0,
          "swap_used_bytes": 0
        },
        {
          "errors": [],
          "finished_monotonic_ns": 2724341540964,
          "finished_unix_ns": 1789462781616229142,
          "pid": 1490,
          "rss_bytes": 993722368,
          "rss_limit_bytes": 20195630284,
          "started_monotonic_ns": 2724336640487,
          "started_unix_ns": 1789462781611328920,
          "swap_delta_bytes": 0,
          "swap_used_bytes": 0
        },
        {
          "errors": [],
          "finished_monotonic_ns": 2724618612845,
          "finished_unix_ns": 1789462781893301132,
          "pid": 1490,
          "rss_bytes": 1000292352,
          "rss_limit_bytes": 20195630284,
          "started_monotonic_ns": 2724613277883,
          "started_unix_ns": 1789462781887966281,
          "swap_delta_bytes": 0,
          "swap_used_bytes": 0
        },
        {
          "errors": [],
          "finished_monotonic_ns": 2724855504592,
          "finished_unix_ns": 1789462782130192688,
          "pid": 1490,
          "rss_bytes": 870211584,
          "rss_limit_bytes": 20195630284,
          "started_monotonic_ns": 2724851051700,
          "started_unix_ns": 1789462782125740043,
          "swap_delta_bytes": 0,
          "swap_used_bytes": 0
        },
        {
          "errors": [],
          "finished_monotonic_ns": 2726008099143,
          "finished_unix_ns": 1789462783282787522,
          "pid": 1490,
          "rss_bytes": 870211584,
          "rss_limit_bytes": 20195630284,
          "started_monotonic_ns": 2726003665821,
          "started_unix_ns": 1789462783278354259,
          "swap_delta_bytes": 0,
          "swap_used_bytes": 0
        },
        {
          "errors": [],
          "finished_monotonic_ns": 2727063505515,
          "finished_unix_ns": 1789462784338193649,
          "pid": 1490,
          "rss_bytes": 870211584,
          "rss_limit_bytes": 20195630284,
          "started_monotonic_ns": 2727059040242,
          "started_unix_ns": 1789462784333728392,
          "swap_delta_bytes": 0,
          "swap_used_bytes": 0
        },
        {
          "errors": [],
          "finished_monotonic_ns": 2728118895429,
          "finished_unix_ns": 1789462785393583821,
          "pid": 1490,
          "rss_bytes": 870211584,
          "rss_limit_bytes": 20195630284,
          "started_monotonic_ns": 2728114378539,
          "started_unix_ns": 1789462785389067032,
          "swap_delta_bytes": 0,
          "swap_used_bytes": 0
        },
        {
          "errors": [],
          "finished_monotonic_ns": 2729009259579,
          "finished_unix_ns": 1789462786283947804,
          "pid": 1490,
          "rss_bytes": 870211584,
          "rss_limit_bytes": 20195630284,
          "started_monotonic_ns": 2729005166976,
          "started_unix_ns": 1789462786279855341,
          "swap_delta_bytes": 0,
          "swap_used_bytes": 0
        },
        {
          "errors": [],
          "finished_monotonic_ns": 2730247995947,
          "finished_unix_ns": 1789462787522684237,
          "pid": 1490,
          "rss_bytes": 870211584,
          "rss_limit_bytes": 20195630284,
          "started_monotonic_ns": 2730243633459,
          "started_unix_ns": 1789462787518321485,
          "swap_delta_bytes": 0,
          "swap_used_bytes": 0
        },
        {
          "errors": [],
          "finished_monotonic_ns": 2731312717001,
          "finished_unix_ns": 1789462788587405316,
          "pid": 1490,
          "rss_bytes": 870211584,
          "rss_limit_bytes": 20195630284,
          "started_monotonic_ns": 2731308387521,
          "started_unix_ns": 1789462788583075985,
          "swap_delta_bytes": 0,
          "swap_used_bytes": 0
        },
        {
          "errors": [],
          "finished_monotonic_ns": 2732369860318,
          "finished_unix_ns": 1789462789644537264,
          "pid": 1490,
          "rss_bytes": 870211584,
          "rss_limit_bytes": 20195630284,
          "started_monotonic_ns": 2732365319864,
          "started_unix_ns": 1789462789640008260,
          "swap_delta_bytes": 0,
          "swap_used_bytes": 0
        },
        {
          "errors": [],
          "finished_monotonic_ns": 2733425922765,
          "finished_unix_ns": 1789462790700611196,
          "pid": 1490,
          "rss_bytes": 870211584,
          "rss_limit_bytes": 20195630284,
          "started_monotonic_ns": 2733421529408,
          "started_unix_ns": 1789462790696217703,
          "swap_delta_bytes": 0,
          "swap_used_bytes": 0
        },
        {
          "errors": [],
          "finished_monotonic_ns": 2734247834475,
          "finished_unix_ns": 1789462791522522830,
          "pid": 1490,
          "rss_bytes": 870211584,
          "rss_limit_bytes": 20195630284,
          "started_monotonic_ns": 2734243383500,
          "started_unix_ns": 1789462791518072023,
          "swap_delta_bytes": 0,
          "swap_used_bytes": 0
        },
        {
          "errors": [],
          "finished_monotonic_ns": 2735462667884,
          "finished_unix_ns": 1789462792737356058,
          "pid": 1490,
          "rss_bytes": 870211584,
          "rss_limit_bytes": 20195630284,
          "started_monotonic_ns": 2735458274055,
          "started_unix_ns": 1789462792732962516,
          "swap_delta_bytes": 0,
          "swap_used_bytes": 0
        },
        {
          "errors": [],
          "finished_monotonic_ns": 2736519346246,
          "finished_unix_ns": 1789462793794034571,
          "pid": 1490,
          "rss_bytes": 870211584,
          "rss_limit_bytes": 20195630284,
          "started_monotonic_ns": 2736514782380,
          "started_unix_ns": 1789462793789470851,
          "swap_delta_bytes": 0,
          "swap_used_bytes": 0
        },
        {
          "errors": [],
          "finished_monotonic_ns": 2737575483135,
          "finished_unix_ns": 1789462794850171573,
          "pid": 1490,
          "rss_bytes": 870211584,
          "rss_limit_bytes": 20195630284,
          "started_monotonic_ns": 2737570955449,
          "started_unix_ns": 1789462794845643921,
          "swap_delta_bytes": 0,
          "swap_used_bytes": 0
        },
        {
          "errors": [],
          "finished_monotonic_ns": 2738632395929,
          "finished_unix_ns": 1789462795907084358,
          "pid": 1490,
          "rss_bytes": 870211584,
          "rss_limit_bytes": 20195630284,
          "started_monotonic_ns": 2738627862593,
          "started_unix_ns": 1789462795902551007,
          "swap_delta_bytes": 0,
          "swap_used_bytes": 0
        },
        {
          "errors": [],
          "finished_monotonic_ns": 2739462544196,
          "finished_unix_ns": 1789462796737232557,
          "pid": 1490,
          "rss_bytes": 870211584,
          "rss_limit_bytes": 20195630284,
          "started_monotonic_ns": 2739458119269,
          "started_unix_ns": 1789462796732807627,
          "swap_delta_bytes": 0,
          "swap_used_bytes": 0
        },
        {
          "errors": [],
          "finished_monotonic_ns": 2739843995886,
          "finished_unix_ns": 1789462797118684259,
          "pid": 1490,
          "rss_bytes": 870211584,
          "rss_limit_bytes": 20195630284,
          "started_monotonic_ns": 2739839853872,
          "started_unix_ns": 1789462797114542334,
          "swap_delta_bytes": 0,
          "swap_used_bytes": 0
        },
        {
          "errors": [],
          "finished_monotonic_ns": 2739904397044,
          "finished_unix_ns": 1789462797179085549,
          "pid": 1490,
          "rss_bytes": 870211584,
          "rss_limit_bytes": 20195630284,
          "started_monotonic_ns": 2739900219943,
          "started_unix_ns": 1789462797174908386,
          "swap_delta_bytes": 0,
          "swap_used_bytes": 0
        },
        {
          "errors": [],
          "finished_monotonic_ns": 2741380712580,
          "finished_unix_ns": 1789462798655400936,
          "pid": 1490,
          "rss_bytes": 1462329344,
          "rss_limit_bytes": 20195630284,
          "started_monotonic_ns": 2741375925799,
          "started_unix_ns": 1789462798650614129,
          "swap_delta_bytes": 0,
          "swap_used_bytes": 0
        },
        {
          "errors": [],
          "finished_monotonic_ns": 2741648221148,
          "finished_unix_ns": 1789462798922909423,
          "pid": 1490,
          "rss_bytes": 1462329344,
          "rss_limit_bytes": 20195630284,
          "started_monotonic_ns": 2741643592407,
          "started_unix_ns": 1789462798918280345,
          "swap_delta_bytes": 0,
          "swap_used_bytes": 0
        },
        {
          "errors": [],
          "finished_monotonic_ns": 2742730836849,
          "finished_unix_ns": 1789462800005525113,
          "pid": 1490,
          "rss_bytes": 1462329344,
          "rss_limit_bytes": 20195630284,
          "started_monotonic_ns": 2742725743009,
          "started_unix_ns": 1789462800000431368,
          "swap_delta_bytes": 0,
          "swap_used_bytes": 0
        },
        {
          "errors": [],
          "finished_monotonic_ns": 2743822111849,
          "finished_unix_ns": 1789462801096799880,
          "pid": 1490,
          "rss_bytes": 1462329344,
          "rss_limit_bytes": 20195630284,
          "started_monotonic_ns": 2743816910557,
          "started_unix_ns": 1789462801091598857,
          "swap_delta_bytes": 0,
          "swap_used_bytes": 0
        },
        {
          "errors": [],
          "finished_monotonic_ns": 2744908177322,
          "finished_unix_ns": 1789462802182865667,
          "pid": 1490,
          "rss_bytes": 1462329344,
          "rss_limit_bytes": 20195630284,
          "started_monotonic_ns": 2744902917951,
          "started_unix_ns": 1789462802177606281,
          "swap_delta_bytes": 0,
          "swap_used_bytes": 0
        },
        {
          "errors": [],
          "finished_monotonic_ns": 2745648872150,
          "finished_unix_ns": 1789462802923560514,
          "pid": 1490,
          "rss_bytes": 1462329344,
          "rss_limit_bytes": 20195630284,
          "started_monotonic_ns": 2745643801912,
          "started_unix_ns": 1789462802918490256,
          "swap_delta_bytes": 0,
          "swap_used_bytes": 0
        },
        {
          "errors": [],
          "finished_monotonic_ns": 2745738699778,
          "finished_unix_ns": 1789462803013388123,
          "pid": 1490,
          "rss_bytes": 1462329344,
          "rss_limit_bytes": 20195630284,
          "started_monotonic_ns": 2745733747453,
          "started_unix_ns": 1789462803008435701,
          "swap_delta_bytes": 0,
          "swap_used_bytes": 0
        },
        {
          "errors": [],
          "finished_monotonic_ns": 2746875970305,
          "finished_unix_ns": 1789462804150658639,
          "pid": 1490,
          "rss_bytes": 1528471552,
          "rss_limit_bytes": 20195630284,
          "started_monotonic_ns": 2746871037487,
          "started_unix_ns": 1789462804145725853,
          "swap_delta_bytes": 0,
          "swap_used_bytes": 0
        },
        {
          "errors": [],
          "finished_monotonic_ns": 2747160449240,
          "finished_unix_ns": 1789462804435137542,
          "pid": 1490,
          "rss_bytes": 1528471552,
          "rss_limit_bytes": 20195630284,
          "started_monotonic_ns": 2747156134936,
          "started_unix_ns": 1789462804430823333,
          "swap_delta_bytes": 0,
          "swap_used_bytes": 0
        },
        {
          "errors": [],
          "finished_monotonic_ns": 2748251939909,
          "finished_unix_ns": 1789462805526628285,
          "pid": 1490,
          "rss_bytes": 1528471552,
          "rss_limit_bytes": 20195630284,
          "started_monotonic_ns": 2748247000664,
          "started_unix_ns": 1789462805521689064,
          "swap_delta_bytes": 0,
          "swap_used_bytes": 0
        },
        {
          "errors": [],
          "finished_monotonic_ns": 2749336532994,
          "finished_unix_ns": 1789462806611221420,
          "pid": 1490,
          "rss_bytes": 1528471552,
          "rss_limit_bytes": 20195630284,
          "started_monotonic_ns": 2749331286582,
          "started_unix_ns": 1789462806605974482,
          "swap_delta_bytes": 0,
          "swap_used_bytes": 0
        },
        {
          "errors": [],
          "finished_monotonic_ns": 2750422568444,
          "finished_unix_ns": 1789462807697256500,
          "pid": 1490,
          "rss_bytes": 1528471552,
          "rss_limit_bytes": 20195630284,
          "started_monotonic_ns": 2750417654800,
          "started_unix_ns": 1789462807692343133,
          "swap_delta_bytes": 0,
          "swap_used_bytes": 0
        },
        {
          "errors": [],
          "finished_monotonic_ns": 2751161457554,
          "finished_unix_ns": 1789462808436145764,
          "pid": 1490,
          "rss_bytes": 1528471552,
          "rss_limit_bytes": 20195630284,
          "started_monotonic_ns": 2751156317539,
          "started_unix_ns": 1789462808431005854,
          "swap_delta_bytes": 0,
          "swap_used_bytes": 0
        },
        {
          "errors": [],
          "finished_monotonic_ns": 2751247494741,
          "finished_unix_ns": 1789462808522183077,
          "pid": 1490,
          "rss_bytes": 1528471552,
          "rss_limit_bytes": 20195630284,
          "started_monotonic_ns": 2751242742828,
          "started_unix_ns": 1789462808517431189,
          "swap_delta_bytes": 0,
          "swap_used_bytes": 0
        },
        {
          "errors": [],
          "finished_monotonic_ns": 2752319860309,
          "finished_unix_ns": 1789462809594548620,
          "pid": 1490,
          "rss_bytes": 1529626624,
          "rss_limit_bytes": 20195630284,
          "started_monotonic_ns": 2752314956868,
          "started_unix_ns": 1789462809589645190,
          "swap_delta_bytes": 0,
          "swap_used_bytes": 0
        },
        {
          "errors": [],
          "finished_monotonic_ns": 2752605831710,
          "finished_unix_ns": 1789462809880520113,
          "pid": 1490,
          "rss_bytes": 1529626624,
          "rss_limit_bytes": 20195630284,
          "started_monotonic_ns": 2752601205923,
          "started_unix_ns": 1789462809875894232,
          "swap_delta_bytes": 0,
          "swap_used_bytes": 0
        },
        {
          "errors": [],
          "finished_monotonic_ns": 2753691390623,
          "finished_unix_ns": 1789462810966078848,
          "pid": 1490,
          "rss_bytes": 1529626624,
          "rss_limit_bytes": 20195630284,
          "started_monotonic_ns": 2753686095372,
          "started_unix_ns": 1789462810960783697,
          "swap_delta_bytes": 0,
          "swap_used_bytes": 0
        },
        {
          "errors": [],
          "finished_monotonic_ns": 2754779753566,
          "finished_unix_ns": 1789462812054441870,
          "pid": 1490,
          "rss_bytes": 1529626624,
          "rss_limit_bytes": 20195630284,
          "started_monotonic_ns": 2754774840252,
          "started_unix_ns": 1789462812049528543,
          "swap_delta_bytes": 0,
          "swap_used_bytes": 0
        },
        {
          "errors": [],
          "finished_monotonic_ns": 2755872300421,
          "finished_unix_ns": 1789462813146988794,
          "pid": 1490,
          "rss_bytes": 1529626624,
          "rss_limit_bytes": 20195630284,
          "started_monotonic_ns": 2755867276238,
          "started_unix_ns": 1789462813141964570,
          "swap_delta_bytes": 0,
          "swap_used_bytes": 0
        },
        {
          "errors": [],
          "finished_monotonic_ns": 2756606432708,
          "finished_unix_ns": 1789462813881121059,
          "pid": 1490,
          "rss_bytes": 1529626624,
          "rss_limit_bytes": 20195630284,
          "started_monotonic_ns": 2756601407331,
          "started_unix_ns": 1789462813876095553,
          "swap_delta_bytes": 0,
          "swap_used_bytes": 0
        },
        {
          "errors": [],
          "finished_monotonic_ns": 2756692239566,
          "finished_unix_ns": 1789462813966927819,
          "pid": 1490,
          "rss_bytes": 1529626624,
          "rss_limit_bytes": 20195630284,
          "started_monotonic_ns": 2756687472997,
          "started_unix_ns": 1789462813962161337,
          "swap_delta_bytes": 0,
          "swap_used_bytes": 0
        },
        {
          "errors": [],
          "finished_monotonic_ns": 2757840682888,
          "finished_unix_ns": 1789462815115371266,
          "pid": 1490,
          "rss_bytes": 1530687488,
          "rss_limit_bytes": 20195630284,
          "started_monotonic_ns": 2757835750564,
          "started_unix_ns": 1789462815110438916,
          "swap_delta_bytes": 0,
          "swap_used_bytes": 0
        },
        {
          "errors": [],
          "finished_monotonic_ns": 2758119977678,
          "finished_unix_ns": 1789462815394665988,
          "pid": 1490,
          "rss_bytes": 1530687488,
          "rss_limit_bytes": 20195630284,
          "started_monotonic_ns": 2758115157886,
          "started_unix_ns": 1789462815389846250,
          "swap_delta_bytes": 0,
          "swap_used_bytes": 0
        },
        {
          "errors": [],
          "finished_monotonic_ns": 2759207559252,
          "finished_unix_ns": 1789462816482247608,
          "pid": 1490,
          "rss_bytes": 1530687488,
          "rss_limit_bytes": 20195630284,
          "started_monotonic_ns": 2759202604746,
          "started_unix_ns": 1789462816477293088,
          "swap_delta_bytes": 0,
          "swap_used_bytes": 0
        },
        {
          "errors": [],
          "finished_monotonic_ns": 2760297264290,
          "finished_unix_ns": 1789462817571952598,
          "pid": 1490,
          "rss_bytes": 1530687488,
          "rss_limit_bytes": 20195630284,
          "started_monotonic_ns": 2760292343847,
          "started_unix_ns": 1789462817567032188,
          "swap_delta_bytes": 0,
          "swap_used_bytes": 0
        },
        {
          "errors": [],
          "finished_monotonic_ns": 2761384259303,
          "finished_unix_ns": 1789462818658947658,
          "pid": 1490,
          "rss_bytes": 1530687488,
          "rss_limit_bytes": 20195630284,
          "started_monotonic_ns": 2761379252681,
          "started_unix_ns": 1789462818653941076,
          "swap_delta_bytes": 0,
          "swap_used_bytes": 0
        },
        {
          "errors": [],
          "finished_monotonic_ns": 2762120277016,
          "finished_unix_ns": 1789462819394965393,
          "pid": 1490,
          "rss_bytes": 1530687488,
          "rss_limit_bytes": 20195630284,
          "started_monotonic_ns": 2762115346714,
          "started_unix_ns": 1789462819390035028,
          "swap_delta_bytes": 0,
          "swap_used_bytes": 0
        },
        {
          "errors": [],
          "finished_monotonic_ns": 2762208653232,
          "finished_unix_ns": 1789462819483341549,
          "pid": 1490,
          "rss_bytes": 1530687488,
          "rss_limit_bytes": 20195630284,
          "started_monotonic_ns": 2762204105456,
          "started_unix_ns": 1789462819478793869,
          "swap_delta_bytes": 0,
          "swap_used_bytes": 0
        },
        {
          "errors": [],
          "finished_monotonic_ns": 2763325749972,
          "finished_unix_ns": 1789462820600438348,
          "pid": 1490,
          "rss_bytes": 1530691584,
          "rss_limit_bytes": 20195630284,
          "started_monotonic_ns": 2763320795324,
          "started_unix_ns": 1789462820595483727,
          "swap_delta_bytes": 0,
          "swap_used_bytes": 0
        },
        {
          "errors": [],
          "finished_monotonic_ns": 2763612212920,
          "finished_unix_ns": 1789462820886901307,
          "pid": 1490,
          "rss_bytes": 1530691584,
          "rss_limit_bytes": 20195630284,
          "started_monotonic_ns": 2763607468958,
          "started_unix_ns": 1789462820882157268,
          "swap_delta_bytes": 0,
          "swap_used_bytes": 0
        },
        {
          "errors": [],
          "finished_monotonic_ns": 2764703288325,
          "finished_unix_ns": 1789462821977976707,
          "pid": 1490,
          "rss_bytes": 1530691584,
          "rss_limit_bytes": 20195630284,
          "started_monotonic_ns": 2764698234766,
          "started_unix_ns": 1789462821972923066,
          "swap_delta_bytes": 0,
          "swap_used_bytes": 0
        },
        {
          "errors": [],
          "finished_monotonic_ns": 2765793708508,
          "finished_unix_ns": 1789462823068396825,
          "pid": 1490,
          "rss_bytes": 1530691584,
          "rss_limit_bytes": 20195630284,
          "started_monotonic_ns": 2765788694523,
          "started_unix_ns": 1789462823063382830,
          "swap_delta_bytes": 0,
          "swap_used_bytes": 0
        },
        {
          "errors": [],
          "finished_monotonic_ns": 2766888147846,
          "finished_unix_ns": 1789462824162836053,
          "pid": 1490,
          "rss_bytes": 1530691584,
          "rss_limit_bytes": 20195630284,
          "started_monotonic_ns": 2766883028550,
          "started_unix_ns": 1789462824157716887,
          "swap_delta_bytes": 0,
          "swap_used_bytes": 0
        },
        {
          "errors": [],
          "finished_monotonic_ns": 2767612861311,
          "finished_unix_ns": 1789462824887549504,
          "pid": 1490,
          "rss_bytes": 1530691584,
          "rss_limit_bytes": 20195630284,
          "started_monotonic_ns": 2767607765592,
          "started_unix_ns": 1789462824882453789,
          "swap_delta_bytes": 0,
          "swap_used_bytes": 0
        },
        {
          "errors": [],
          "finished_monotonic_ns": 2767700567983,
          "finished_unix_ns": 1789462824975256420,
          "pid": 1490,
          "rss_bytes": 1530691584,
          "rss_limit_bytes": 20195630284,
          "started_monotonic_ns": 2767695980831,
          "started_unix_ns": 1789462824970669148,
          "swap_delta_bytes": 0,
          "swap_used_bytes": 0
        },
        {
          "errors": [],
          "finished_monotonic_ns": 2768813183151,
          "finished_unix_ns": 1789462826087871496,
          "pid": 1490,
          "rss_bytes": 1530691584,
          "rss_limit_bytes": 20195630284,
          "started_monotonic_ns": 2768808329017,
          "started_unix_ns": 1789462826083017380,
          "swap_delta_bytes": 0,
          "swap_used_bytes": 0
        },
        {
          "errors": [],
          "finished_monotonic_ns": 2769105121312,
          "finished_unix_ns": 1789462826379809649,
          "pid": 1490,
          "rss_bytes": 1530691584,
          "rss_limit_bytes": 20195630284,
          "started_monotonic_ns": 2769100459115,
          "started_unix_ns": 1789462826375147346,
          "swap_delta_bytes": 0,
          "swap_used_bytes": 0
        },
        {
          "errors": [],
          "finished_monotonic_ns": 2770199282940,
          "finished_unix_ns": 1789462827473971256,
          "pid": 1490,
          "rss_bytes": 1530691584,
          "rss_limit_bytes": 20195630284,
          "started_monotonic_ns": 2770194494053,
          "started_unix_ns": 1789462827469182330,
          "swap_delta_bytes": 0,
          "swap_used_bytes": 0
        },
        {
          "errors": [],
          "finished_monotonic_ns": 2771292214493,
          "finished_unix_ns": 1789462828566902732,
          "pid": 1490,
          "rss_bytes": 1530691584,
          "rss_limit_bytes": 20195630284,
          "started_monotonic_ns": 2771287092225,
          "started_unix_ns": 1789462828561780527,
          "swap_delta_bytes": 0,
          "swap_used_bytes": 0
        },
        {
          "errors": [],
          "finished_monotonic_ns": 2772384075576,
          "finished_unix_ns": 1789462829658763883,
          "pid": 1490,
          "rss_bytes": 1530691584,
          "rss_limit_bytes": 20195630284,
          "started_monotonic_ns": 2772378985532,
          "started_unix_ns": 1789462829653673905,
          "swap_delta_bytes": 0,
          "swap_used_bytes": 0
        },
        {
          "errors": [],
          "finished_monotonic_ns": 2773105549685,
          "finished_unix_ns": 1789462830380237954,
          "pid": 1490,
          "rss_bytes": 1530691584,
          "rss_limit_bytes": 20195630284,
          "started_monotonic_ns": 2773100690147,
          "started_unix_ns": 1789462830375378460,
          "swap_delta_bytes": 0,
          "swap_used_bytes": 0
        },
        {
          "errors": [],
          "finished_monotonic_ns": 2773198925871,
          "finished_unix_ns": 1789462830473614295,
          "pid": 1490,
          "rss_bytes": 1530691584,
          "rss_limit_bytes": 20195630284,
          "started_monotonic_ns": 2773193929636,
          "started_unix_ns": 1789462830468606900,
          "swap_delta_bytes": 0,
          "swap_used_bytes": 0
        },
        {
          "errors": [],
          "finished_monotonic_ns": 2774322263617,
          "finished_unix_ns": 1789462831596952037,
          "pid": 1490,
          "rss_bytes": 1530691584,
          "rss_limit_bytes": 20195630284,
          "started_monotonic_ns": 2774317427641,
          "started_unix_ns": 1789462831592115991,
          "swap_delta_bytes": 0,
          "swap_used_bytes": 0
        },
        {
          "errors": [],
          "finished_monotonic_ns": 2774606465571,
          "finished_unix_ns": 1789462831881153959,
          "pid": 1490,
          "rss_bytes": 1530691584,
          "rss_limit_bytes": 20195630284,
          "started_monotonic_ns": 2774601774201,
          "started_unix_ns": 1789462831876462456,
          "swap_delta_bytes": 0,
          "swap_used_bytes": 0
        },
        {
          "errors": [],
          "finished_monotonic_ns": 2775699422653,
          "finished_unix_ns": 1789462832974110862,
          "pid": 1490,
          "rss_bytes": 1530691584,
          "rss_limit_bytes": 20195630284,
          "started_monotonic_ns": 2775694179053,
          "started_unix_ns": 1789462832968867462,
          "swap_delta_bytes": 0,
          "swap_used_bytes": 0
        },
        {
          "errors": [],
          "finished_monotonic_ns": 2776792242358,
          "finished_unix_ns": 1789462834066930633,
          "pid": 1490,
          "rss_bytes": 1530691584,
          "rss_limit_bytes": 20195630284,
          "started_monotonic_ns": 2776787220096,
          "started_unix_ns": 1789462834061908362,
          "swap_delta_bytes": 0,
          "swap_used_bytes": 0
        },
        {
          "errors": [],
          "finished_monotonic_ns": 2777887840735,
          "finished_unix_ns": 1789462835162528884,
          "pid": 1490,
          "rss_bytes": 1530691584,
          "rss_limit_bytes": 20195630284,
          "started_monotonic_ns": 2777882710773,
          "started_unix_ns": 1789462835157398771,
          "swap_delta_bytes": 0,
          "swap_used_bytes": 0
        },
        {
          "errors": [],
          "finished_monotonic_ns": 2778607146710,
          "finished_unix_ns": 1789462835881835101,
          "pid": 1490,
          "rss_bytes": 1530691584,
          "rss_limit_bytes": 20195630284,
          "started_monotonic_ns": 2778602023956,
          "started_unix_ns": 1789462835876712405,
          "swap_delta_bytes": 0,
          "swap_used_bytes": 0
        },
        {
          "errors": [],
          "finished_monotonic_ns": 2778702250795,
          "finished_unix_ns": 1789462835976939140,
          "pid": 1490,
          "rss_bytes": 1530691584,
          "rss_limit_bytes": 20195630284,
          "started_monotonic_ns": 2778697097636,
          "started_unix_ns": 1789462835971785964,
          "swap_delta_bytes": 0,
          "swap_used_bytes": 0
        },
        {
          "errors": [],
          "finished_monotonic_ns": 2779734921479,
          "finished_unix_ns": 1789462837009609832,
          "pid": 1490,
          "rss_bytes": 1531736064,
          "rss_limit_bytes": 20195630284,
          "started_monotonic_ns": 2779730573286,
          "started_unix_ns": 1789462837005261710,
          "swap_delta_bytes": 0,
          "swap_used_bytes": 0
        },
        {
          "errors": [],
          "finished_monotonic_ns": 2780960184982,
          "finished_unix_ns": 1789462838234873293,
          "pid": 1490,
          "rss_bytes": 1531736064,
          "rss_limit_bytes": 20195630284,
          "started_monotonic_ns": 2780954932372,
          "started_unix_ns": 1789462838229620723,
          "swap_delta_bytes": 0,
          "swap_used_bytes": 0
        },
        {
          "errors": [],
          "finished_monotonic_ns": 2782054145128,
          "finished_unix_ns": 1789462839328833423,
          "pid": 1490,
          "rss_bytes": 1531736064,
          "rss_limit_bytes": 20195630284,
          "started_monotonic_ns": 2782048982398,
          "started_unix_ns": 1789462839323670835,
          "swap_delta_bytes": 0,
          "swap_used_bytes": 0
        },
        {
          "errors": [],
          "finished_monotonic_ns": 2783150220048,
          "finished_unix_ns": 1789462840424908377,
          "pid": 1490,
          "rss_bytes": 1531736064,
          "rss_limit_bytes": 20195630284,
          "started_monotonic_ns": 2783144875946,
          "started_unix_ns": 1789462840419564298,
          "swap_delta_bytes": 0,
          "swap_used_bytes": 0
        },
        {
          "errors": [],
          "finished_monotonic_ns": 2783960183004,
          "finished_unix_ns": 1789462841234871265,
          "pid": 1490,
          "rss_bytes": 1531736064,
          "rss_limit_bytes": 20195630284,
          "started_monotonic_ns": 2783954836518,
          "started_unix_ns": 1789462841229524853,
          "swap_delta_bytes": 0,
          "swap_used_bytes": 0
        },
        {
          "errors": [],
          "finished_monotonic_ns": 2784060095389,
          "finished_unix_ns": 1789462841334783725,
          "pid": 1490,
          "rss_bytes": 1531736064,
          "rss_limit_bytes": 20195630284,
          "started_monotonic_ns": 2784055225592,
          "started_unix_ns": 1789462841329913994,
          "swap_delta_bytes": 0,
          "swap_used_bytes": 0
        },
        {
          "errors": [],
          "finished_monotonic_ns": 2785182312624,
          "finished_unix_ns": 1789462842457000972,
          "pid": 1490,
          "rss_bytes": 1532784640,
          "rss_limit_bytes": 20195630284,
          "started_monotonic_ns": 2785177282759,
          "started_unix_ns": 1789462842451971074,
          "swap_delta_bytes": 0,
          "swap_used_bytes": 0
        },
        {
          "errors": [],
          "finished_monotonic_ns": 2785475806854,
          "finished_unix_ns": 1789462842750495175,
          "pid": 1490,
          "rss_bytes": 1532784640,
          "rss_limit_bytes": 20195630284,
          "started_monotonic_ns": 2785470973927,
          "started_unix_ns": 1789462842745662318,
          "swap_delta_bytes": 0,
          "swap_used_bytes": 0
        },
        {
          "errors": [],
          "finished_monotonic_ns": 2786569920918,
          "finished_unix_ns": 1789462843844609217,
          "pid": 1490,
          "rss_bytes": 1532784640,
          "rss_limit_bytes": 20195630284,
          "started_monotonic_ns": 2786564748246,
          "started_unix_ns": 1789462843839436575,
          "swap_delta_bytes": 0,
          "swap_used_bytes": 0
        },
        {
          "errors": [],
          "finished_monotonic_ns": 2787665949466,
          "finished_unix_ns": 1789462844940637775,
          "pid": 1490,
          "rss_bytes": 1532784640,
          "rss_limit_bytes": 20195630284,
          "started_monotonic_ns": 2787661089316,
          "started_unix_ns": 1789462844935777635,
          "swap_delta_bytes": 0,
          "swap_used_bytes": 0
        },
        {
          "errors": [],
          "finished_monotonic_ns": 2788761901925,
          "finished_unix_ns": 1789462846036590274,
          "pid": 1490,
          "rss_bytes": 1532784640,
          "rss_limit_bytes": 20195630284,
          "started_monotonic_ns": 2788756703398,
          "started_unix_ns": 1789462846031391719,
          "swap_delta_bytes": 0,
          "swap_used_bytes": 0
        },
        {
          "errors": [],
          "finished_monotonic_ns": 2789476185561,
          "finished_unix_ns": 1789462846750873850,
          "pid": 1490,
          "rss_bytes": 1532784640,
          "rss_limit_bytes": 20195630284,
          "started_monotonic_ns": 2789471226274,
          "started_unix_ns": 1789462846745914582,
          "swap_delta_bytes": 0,
          "swap_used_bytes": 0
        },
        {
          "errors": [],
          "finished_monotonic_ns": 2790571831090,
          "finished_unix_ns": 1789462847846519308,
          "pid": 1490,
          "rss_bytes": 1532784640,
          "rss_limit_bytes": 20195630284,
          "started_monotonic_ns": 2790566833574,
          "started_unix_ns": 1789462847841521820,
          "swap_delta_bytes": 0,
          "swap_used_bytes": 0
        },
        {
          "errors": [],
          "finished_monotonic_ns": 2791666167267,
          "finished_unix_ns": 1789462848940855538,
          "pid": 1490,
          "rss_bytes": 1532784640,
          "rss_limit_bytes": 20195630284,
          "started_monotonic_ns": 2791660991520,
          "started_unix_ns": 1789462848935679734,
          "swap_delta_bytes": 0,
          "swap_used_bytes": 0
        },
        {
          "errors": [],
          "finished_monotonic_ns": 2792761767262,
          "finished_unix_ns": 1789462850036455539,
          "pid": 1490,
          "rss_bytes": 1532784640,
          "rss_limit_bytes": 20195630284,
          "started_monotonic_ns": 2792756583759,
          "started_unix_ns": 1789462850031271902,
          "swap_delta_bytes": 0,
          "swap_used_bytes": 0
        },
        {
          "errors": [],
          "finished_monotonic_ns": 2793571698075,
          "finished_unix_ns": 1789462850846386419,
          "pid": 1490,
          "rss_bytes": 1532784640,
          "rss_limit_bytes": 20195630284,
          "started_monotonic_ns": 2793566587186,
          "started_unix_ns": 1789462850841275095,
          "swap_delta_bytes": 0,
          "swap_used_bytes": 0
        },
        {
          "errors": [],
          "finished_monotonic_ns": 2794671195848,
          "finished_unix_ns": 1789462851945884061,
          "pid": 1490,
          "rss_bytes": 1532784640,
          "rss_limit_bytes": 20195630284,
          "started_monotonic_ns": 2794666257046,
          "started_unix_ns": 1789462851940945425,
          "swap_delta_bytes": 0,
          "swap_used_bytes": 0
        },
        {
          "errors": [],
          "finished_monotonic_ns": 2795768374990,
          "finished_unix_ns": 1789462853043063263,
          "pid": 1490,
          "rss_bytes": 1532784640,
          "rss_limit_bytes": 20195630284,
          "started_monotonic_ns": 2795763215704,
          "started_unix_ns": 1789462853037904027,
          "swap_delta_bytes": 0,
          "swap_used_bytes": 0
        },
        {
          "errors": [],
          "finished_monotonic_ns": 2796868726445,
          "finished_unix_ns": 1789462854143414760,
          "pid": 1490,
          "rss_bytes": 1532784640,
          "rss_limit_bytes": 20195630284,
          "started_monotonic_ns": 2796863733698,
          "started_unix_ns": 1789462854138422009,
          "swap_delta_bytes": 0,
          "swap_used_bytes": 0
        },
        {
          "errors": [],
          "finished_monotonic_ns": 2797670791739,
          "finished_unix_ns": 1789462854945480091,
          "pid": 1490,
          "rss_bytes": 1532784640,
          "rss_limit_bytes": 20195630284,
          "started_monotonic_ns": 2797666027460,
          "started_unix_ns": 1789462854940715866,
          "swap_delta_bytes": 0,
          "swap_used_bytes": 0
        },
        {
          "errors": [],
          "finished_monotonic_ns": 2798767306934,
          "finished_unix_ns": 1789462856041995182,
          "pid": 1490,
          "rss_bytes": 1532784640,
          "rss_limit_bytes": 20195630284,
          "started_monotonic_ns": 2798762435593,
          "started_unix_ns": 1789462856037123980,
          "swap_delta_bytes": 0,
          "swap_used_bytes": 0
        },
        {
          "errors": [],
          "finished_monotonic_ns": 2799862093594,
          "finished_unix_ns": 1789462857136781872,
          "pid": 1490,
          "rss_bytes": 1532784640,
          "rss_limit_bytes": 20195630284,
          "started_monotonic_ns": 2799857164081,
          "started_unix_ns": 1789462857131852414,
          "swap_delta_bytes": 0,
          "swap_used_bytes": 0
        },
        {
          "errors": [],
          "finished_monotonic_ns": 2800957628719,
          "finished_unix_ns": 1789462858232316963,
          "pid": 1490,
          "rss_bytes": 1532784640,
          "rss_limit_bytes": 20195630284,
          "started_monotonic_ns": 2800952550161,
          "started_unix_ns": 1789462858227238512,
          "swap_delta_bytes": 0,
          "swap_used_bytes": 0
        },
        {
          "errors": [],
          "finished_monotonic_ns": 2801767404073,
          "finished_unix_ns": 1789462859042092349,
          "pid": 1490,
          "rss_bytes": 1532784640,
          "rss_limit_bytes": 20195630284,
          "started_monotonic_ns": 2801762239829,
          "started_unix_ns": 1789462859036928212,
          "swap_delta_bytes": 0,
          "swap_used_bytes": 0
        },
        {
          "errors": [],
          "finished_monotonic_ns": 2801861546162,
          "finished_unix_ns": 1789462859136234508,
          "pid": 1490,
          "rss_bytes": 1532784640,
          "rss_limit_bytes": 20195630284,
          "started_monotonic_ns": 2801856859035,
          "started_unix_ns": 1789462859131547422,
          "swap_delta_bytes": 0,
          "swap_used_bytes": 0
        },
        {
          "errors": [],
          "finished_monotonic_ns": 2802981738087,
          "finished_unix_ns": 1789462860256426469,
          "pid": 1490,
          "rss_bytes": 1532788736,
          "rss_limit_bytes": 20195630284,
          "started_monotonic_ns": 2802976780463,
          "started_unix_ns": 1789462860251468848,
          "swap_delta_bytes": 0,
          "swap_used_bytes": 0
        },
        {
          "errors": [],
          "finished_monotonic_ns": 2803276574214,
          "finished_unix_ns": 1789462860551262496,
          "pid": 1490,
          "rss_bytes": 1532788736,
          "rss_limit_bytes": 20195630284,
          "started_monotonic_ns": 2803271815811,
          "started_unix_ns": 1789462860546504032,
          "swap_delta_bytes": 0,
          "swap_used_bytes": 0
        },
        {
          "errors": [],
          "finished_monotonic_ns": 2804371044563,
          "finished_unix_ns": 1789462861645732791,
          "pid": 1490,
          "rss_bytes": 1532788736,
          "rss_limit_bytes": 20195630284,
          "started_monotonic_ns": 2804366147037,
          "started_unix_ns": 1789462861640835293,
          "swap_delta_bytes": 0,
          "swap_used_bytes": 0
        },
        {
          "errors": [],
          "finished_monotonic_ns": 2805467948053,
          "finished_unix_ns": 1789462862742636418,
          "pid": 1490,
          "rss_bytes": 1532788736,
          "rss_limit_bytes": 20195630284,
          "started_monotonic_ns": 2805463038594,
          "started_unix_ns": 1789462862737726817,
          "swap_delta_bytes": 0,
          "swap_used_bytes": 0
        },
        {
          "errors": [],
          "finished_monotonic_ns": 2806570669715,
          "finished_unix_ns": 1789462863845357811,
          "pid": 1490,
          "rss_bytes": 1532788736,
          "rss_limit_bytes": 20195630284,
          "started_monotonic_ns": 2806565672268,
          "started_unix_ns": 1789462863840360586,
          "swap_delta_bytes": 0,
          "swap_used_bytes": 0
        },
        {
          "errors": [],
          "finished_monotonic_ns": 2807276576345,
          "finished_unix_ns": 1789462864551264682,
          "pid": 1490,
          "rss_bytes": 1532788736,
          "rss_limit_bytes": 20195630284,
          "started_monotonic_ns": 2807271878573,
          "started_unix_ns": 1789462864546566840,
          "swap_delta_bytes": 0,
          "swap_used_bytes": 0
        },
        {
          "errors": [],
          "finished_monotonic_ns": 2807580121364,
          "finished_unix_ns": 1789462864854809741,
          "pid": 1490,
          "rss_bytes": 1532788736,
          "rss_limit_bytes": 20195630284,
          "started_monotonic_ns": 2807575391164,
          "started_unix_ns": 1789462864850079502,
          "swap_delta_bytes": 0,
          "swap_used_bytes": 0
        },
        {
          "errors": [],
          "finished_monotonic_ns": 2807879969807,
          "finished_unix_ns": 1789462865154658090,
          "pid": 1490,
          "rss_bytes": 1532788736,
          "rss_limit_bytes": 20195630284,
          "started_monotonic_ns": 2807875262205,
          "started_unix_ns": 1789462865149950603,
          "swap_delta_bytes": 0,
          "swap_used_bytes": 0
        },
        {
          "errors": [],
          "finished_monotonic_ns": 2808976481037,
          "finished_unix_ns": 1789462866251169436,
          "pid": 1490,
          "rss_bytes": 1532788736,
          "rss_limit_bytes": 20195630284,
          "started_monotonic_ns": 2808971657630,
          "started_unix_ns": 1789462866246345971,
          "swap_delta_bytes": 0,
          "swap_used_bytes": 0
        },
        {
          "errors": [],
          "finished_monotonic_ns": 2810078679008,
          "finished_unix_ns": 1789462867353367254,
          "pid": 1490,
          "rss_bytes": 1532788736,
          "rss_limit_bytes": 20195630284,
          "started_monotonic_ns": 2810073379029,
          "started_unix_ns": 1789462867348067394,
          "swap_delta_bytes": 0,
          "swap_used_bytes": 0
        },
        {
          "errors": [],
          "finished_monotonic_ns": 2811178003930,
          "finished_unix_ns": 1789462868452692220,
          "pid": 1490,
          "rss_bytes": 1532788736,
          "rss_limit_bytes": 20195630284,
          "started_monotonic_ns": 2811172992350,
          "started_unix_ns": 1789462868447680673,
          "swap_delta_bytes": 0,
          "swap_used_bytes": 0
        },
        {
          "errors": [],
          "finished_monotonic_ns": 2812277738306,
          "finished_unix_ns": 1789462869552426591,
          "pid": 1490,
          "rss_bytes": 1532788736,
          "rss_limit_bytes": 20195630284,
          "started_monotonic_ns": 2812272586348,
          "started_unix_ns": 1789462869547274658,
          "swap_delta_bytes": 0,
          "swap_used_bytes": 0
        },
        {
          "errors": [],
          "finished_monotonic_ns": 2812880537909,
          "finished_unix_ns": 1789462870155225910,
          "pid": 1490,
          "rss_bytes": 1532788736,
          "rss_limit_bytes": 20195630284,
          "started_monotonic_ns": 2812875537504,
          "started_unix_ns": 1789462870150225826,
          "swap_delta_bytes": 0,
          "swap_used_bytes": 0
        },
        {
          "errors": [],
          "finished_monotonic_ns": 2813192468071,
          "finished_unix_ns": 1789462870467156350,
          "pid": 1490,
          "rss_bytes": 1532788736,
          "rss_limit_bytes": 20195630284,
          "started_monotonic_ns": 2813187750983,
          "started_unix_ns": 1789462870462439311,
          "swap_delta_bytes": 0,
          "swap_used_bytes": 0
        },
        {
          "errors": [],
          "finished_monotonic_ns": 2814291971579,
          "finished_unix_ns": 1789462871566659883,
          "pid": 1490,
          "rss_bytes": 1532788736,
          "rss_limit_bytes": 20195630284,
          "started_monotonic_ns": 2814287136526,
          "started_unix_ns": 1789462871561824831,
          "swap_delta_bytes": 0,
          "swap_used_bytes": 0
        },
        {
          "errors": [],
          "finished_monotonic_ns": 2815393187783,
          "finished_unix_ns": 1789462872667875795,
          "pid": 1490,
          "rss_bytes": 1532788736,
          "rss_limit_bytes": 20195630284,
          "started_monotonic_ns": 2815387814376,
          "started_unix_ns": 1789462872662502721,
          "swap_delta_bytes": 0,
          "swap_used_bytes": 0
        },
        {
          "errors": [],
          "finished_monotonic_ns": 2816501959522,
          "finished_unix_ns": 1789462873776647855,
          "pid": 1490,
          "rss_bytes": 1532788736,
          "rss_limit_bytes": 20195630284,
          "started_monotonic_ns": 2816497074010,
          "started_unix_ns": 1789462873771762251,
          "swap_delta_bytes": 0,
          "swap_used_bytes": 0
        },
        {
          "errors": [],
          "finished_monotonic_ns": 2817601473071,
          "finished_unix_ns": 1789462874876161365,
          "pid": 1490,
          "rss_bytes": 1532788736,
          "rss_limit_bytes": 20195630284,
          "started_monotonic_ns": 2817596331621,
          "started_unix_ns": 1789462874871020023,
          "swap_delta_bytes": 0,
          "swap_used_bytes": 0
        },
        {
          "errors": [],
          "finished_monotonic_ns": 2818192710371,
          "finished_unix_ns": 1789462875467398601,
          "pid": 1490,
          "rss_bytes": 1532788736,
          "rss_limit_bytes": 20195630284,
          "started_monotonic_ns": 2818187854752,
          "started_unix_ns": 1789462875462543169,
          "swap_delta_bytes": 0,
          "swap_used_bytes": 0
        },
        {
          "errors": [],
          "finished_monotonic_ns": 2818495808899,
          "finished_unix_ns": 1789462875770497312,
          "pid": 1490,
          "rss_bytes": 1532788736,
          "rss_limit_bytes": 20195630284,
          "started_monotonic_ns": 2818490894201,
          "started_unix_ns": 1789462875765582542,
          "swap_delta_bytes": 0,
          "swap_used_bytes": 0
        },
        {
          "errors": [],
          "finished_monotonic_ns": 2818803713292,
          "finished_unix_ns": 1789462876078401651,
          "pid": 1490,
          "rss_bytes": 1532788736,
          "rss_limit_bytes": 20195630284,
          "started_monotonic_ns": 2818798928706,
          "started_unix_ns": 1789462876073616997,
          "swap_delta_bytes": 0,
          "swap_used_bytes": 0
        },
        {
          "errors": [],
          "finished_monotonic_ns": 2818903404970,
          "finished_unix_ns": 1789462876178093330,
          "pid": 1490,
          "rss_bytes": 1532788736,
          "rss_limit_bytes": 20195630284,
          "started_monotonic_ns": 2818898511844,
          "started_unix_ns": 1789462876173200234,
          "swap_delta_bytes": 0,
          "swap_used_bytes": 0
        },
        {
          "errors": [],
          "finished_monotonic_ns": 2820392085727,
          "finished_unix_ns": 1789462877666774099,
          "pid": 1490,
          "rss_bytes": 1532788736,
          "rss_limit_bytes": 20195630284,
          "started_monotonic_ns": 2820387128144,
          "started_unix_ns": 1789462877661816395,
          "swap_delta_bytes": 0,
          "swap_used_bytes": 0
        },
        {
          "errors": [],
          "finished_monotonic_ns": 2820693843572,
          "finished_unix_ns": 1789462877968531831,
          "pid": 1490,
          "rss_bytes": 1532788736,
          "rss_limit_bytes": 20195630284,
          "started_monotonic_ns": 2820689137367,
          "started_unix_ns": 1789462877963825830,
          "swap_delta_bytes": 0,
          "swap_used_bytes": 0
        },
        {
          "errors": [],
          "finished_monotonic_ns": 2821802300992,
          "finished_unix_ns": 1789462879076989323,
          "pid": 1490,
          "rss_bytes": 1532788736,
          "rss_limit_bytes": 20195630284,
          "started_monotonic_ns": 2821797089295,
          "started_unix_ns": 1789462879071777733,
          "swap_delta_bytes": 0,
          "swap_used_bytes": 0
        },
        {
          "errors": [],
          "finished_monotonic_ns": 2822909262154,
          "finished_unix_ns": 1789462880183950504,
          "pid": 1490,
          "rss_bytes": 1532788736,
          "rss_limit_bytes": 20195630284,
          "started_monotonic_ns": 2822904347355,
          "started_unix_ns": 1789462880179035799,
          "swap_delta_bytes": 0,
          "swap_used_bytes": 0
        },
        {
          "errors": [],
          "finished_monotonic_ns": 2824009932869,
          "finished_unix_ns": 1789462881284621101,
          "pid": 1490,
          "rss_bytes": 1532788736,
          "rss_limit_bytes": 20195630284,
          "started_monotonic_ns": 2824005102035,
          "started_unix_ns": 1789462881279790388,
          "swap_delta_bytes": 0,
          "swap_used_bytes": 0
        },
        {
          "errors": [],
          "finished_monotonic_ns": 2824694503281,
          "finished_unix_ns": 1789462881969191542,
          "pid": 1490,
          "rss_bytes": 1532788736,
          "rss_limit_bytes": 20195630284,
          "started_monotonic_ns": 2824689357940,
          "started_unix_ns": 1789462881964046361,
          "swap_delta_bytes": 0,
          "swap_used_bytes": 0
        },
        {
          "errors": [],
          "finished_monotonic_ns": 2824797721191,
          "finished_unix_ns": 1789462882072409565,
          "pid": 1490,
          "rss_bytes": 1532788736,
          "rss_limit_bytes": 20195630284,
          "started_monotonic_ns": 2824792829367,
          "started_unix_ns": 1789462882067517713,
          "swap_delta_bytes": 0,
          "swap_used_bytes": 0
        },
        {
          "errors": [],
          "finished_monotonic_ns": 2826226052252,
          "finished_unix_ns": 1789462883500740651,
          "pid": 1490,
          "rss_bytes": 1532788736,
          "rss_limit_bytes": 20195630284,
          "started_monotonic_ns": 2826221100543,
          "started_unix_ns": 1789462883495788919,
          "swap_delta_bytes": 0,
          "swap_used_bytes": 0
        },
        {
          "errors": [],
          "finished_monotonic_ns": 2826527465161,
          "finished_unix_ns": 1789462883802153574,
          "pid": 1490,
          "rss_bytes": 1532788736,
          "rss_limit_bytes": 20195630284,
          "started_monotonic_ns": 2826522503514,
          "started_unix_ns": 1789462883797191845,
          "swap_delta_bytes": 0,
          "swap_used_bytes": 0
        },
        {
          "errors": [],
          "finished_monotonic_ns": 2827631546784,
          "finished_unix_ns": 1789462884906235160,
          "pid": 1490,
          "rss_bytes": 1532788736,
          "rss_limit_bytes": 20195630284,
          "started_monotonic_ns": 2827626606127,
          "started_unix_ns": 1789462884901294500,
          "swap_delta_bytes": 0,
          "swap_used_bytes": 0
        },
        {
          "errors": [],
          "finished_monotonic_ns": 2828735648720,
          "finished_unix_ns": 1789462886010337119,
          "pid": 1490,
          "rss_bytes": 1532788736,
          "rss_limit_bytes": 20195630284,
          "started_monotonic_ns": 2828730363680,
          "started_unix_ns": 1789462886005051977,
          "swap_delta_bytes": 0,
          "swap_used_bytes": 0
        },
        {
          "errors": [],
          "finished_monotonic_ns": 2829839975234,
          "finished_unix_ns": 1789462887114663558,
          "pid": 1490,
          "rss_bytes": 1532788736,
          "rss_limit_bytes": 20195630284,
          "started_monotonic_ns": 2829835058345,
          "started_unix_ns": 1789462887109746663,
          "swap_delta_bytes": 0,
          "swap_used_bytes": 0
        },
        {
          "errors": [],
          "finished_monotonic_ns": 2830527593693,
          "finished_unix_ns": 1789462887802282038,
          "pid": 1490,
          "rss_bytes": 1532788736,
          "rss_limit_bytes": 20195630284,
          "started_monotonic_ns": 2830522673775,
          "started_unix_ns": 1789462887797362107,
          "swap_delta_bytes": 0,
          "swap_used_bytes": 0
        },
        {
          "errors": [],
          "finished_monotonic_ns": 2830636282767,
          "finished_unix_ns": 1789462887910971110,
          "pid": 1490,
          "rss_bytes": 1532788736,
          "rss_limit_bytes": 20195630284,
          "started_monotonic_ns": 2830631364772,
          "started_unix_ns": 1789462887906053108,
          "swap_delta_bytes": 0,
          "swap_used_bytes": 0
        },
        {
          "errors": [],
          "finished_monotonic_ns": 2832084362930,
          "finished_unix_ns": 1789462889359051269,
          "pid": 1490,
          "rss_bytes": 1533833216,
          "rss_limit_bytes": 20195630284,
          "started_monotonic_ns": 2832079440260,
          "started_unix_ns": 1789462889354128587,
          "swap_delta_bytes": 0,
          "swap_used_bytes": 0
        },
        {
          "errors": [],
          "finished_monotonic_ns": 2832387425666,
          "finished_unix_ns": 1789462889662113980,
          "pid": 1490,
          "rss_bytes": 1533833216,
          "rss_limit_bytes": 20195630284,
          "started_monotonic_ns": 2832382201403,
          "started_unix_ns": 1789462889656889700,
          "swap_delta_bytes": 0,
          "swap_used_bytes": 0
        },
        {
          "errors": [],
          "finished_monotonic_ns": 2833490931952,
          "finished_unix_ns": 1789462890765620205,
          "pid": 1490,
          "rss_bytes": 1533833216,
          "rss_limit_bytes": 20195630284,
          "started_monotonic_ns": 2833486080487,
          "started_unix_ns": 1789462890760768838,
          "swap_delta_bytes": 0,
          "swap_used_bytes": 0
        },
        {
          "errors": [],
          "finished_monotonic_ns": 2834596427949,
          "finished_unix_ns": 1789462891871116262,
          "pid": 1490,
          "rss_bytes": 1533833216,
          "rss_limit_bytes": 20195630284,
          "started_monotonic_ns": 2834591251012,
          "started_unix_ns": 1789462891865939342,
          "swap_delta_bytes": 0,
          "swap_used_bytes": 0
        },
        {
          "errors": [],
          "finished_monotonic_ns": 2835702410384,
          "finished_unix_ns": 1789462892977098540,
          "pid": 1490,
          "rss_bytes": 1533833216,
          "rss_limit_bytes": 20195630284,
          "started_monotonic_ns": 2835697392659,
          "started_unix_ns": 1789462892972080947,
          "swap_delta_bytes": 0,
          "swap_used_bytes": 0
        },
        {
          "errors": [],
          "finished_monotonic_ns": 2836387661791,
          "finished_unix_ns": 1789462893662349988,
          "pid": 1490,
          "rss_bytes": 1533833216,
          "rss_limit_bytes": 20195630284,
          "started_monotonic_ns": 2836382394112,
          "started_unix_ns": 1789462893657082428,
          "swap_delta_bytes": 0,
          "swap_used_bytes": 0
        },
        {
          "errors": [],
          "finished_monotonic_ns": 2836490985676,
          "finished_unix_ns": 1789462893765674089,
          "pid": 1490,
          "rss_bytes": 1533833216,
          "rss_limit_bytes": 20195630284,
          "started_monotonic_ns": 2836486239908,
          "started_unix_ns": 1789462893760928323,
          "swap_delta_bytes": 0,
          "swap_used_bytes": 0
        },
        {
          "errors": [],
          "finished_monotonic_ns": 2837975344585,
          "finished_unix_ns": 1789462895250032974,
          "pid": 1490,
          "rss_bytes": 1534881792,
          "rss_limit_bytes": 20195630284,
          "started_monotonic_ns": 2837970238077,
          "started_unix_ns": 1789462895244926417,
          "swap_delta_bytes": 0,
          "swap_used_bytes": 0
        },
        {
          "errors": [],
          "finished_monotonic_ns": 2838284748987,
          "finished_unix_ns": 1789462895559437338,
          "pid": 1490,
          "rss_bytes": 1534881792,
          "rss_limit_bytes": 20195630284,
          "started_monotonic_ns": 2838279964740,
          "started_unix_ns": 1789462895554652985,
          "swap_delta_bytes": 0,
          "swap_used_bytes": 0
        },
        {
          "errors": [],
          "finished_monotonic_ns": 2839387041136,
          "finished_unix_ns": 1789462896661729443,
          "pid": 1490,
          "rss_bytes": 1534881792,
          "rss_limit_bytes": 20195630284,
          "started_monotonic_ns": 2839382044895,
          "started_unix_ns": 1789462896656733224,
          "swap_delta_bytes": 0,
          "swap_used_bytes": 0
        },
        {
          "errors": [],
          "finished_monotonic_ns": 2840490803305,
          "finished_unix_ns": 1789462897765491650,
          "pid": 1490,
          "rss_bytes": 1534881792,
          "rss_limit_bytes": 20195630284,
          "started_monotonic_ns": 2840486032438,
          "started_unix_ns": 1789462897760720782,
          "swap_delta_bytes": 0,
          "swap_used_bytes": 0
        },
        {
          "errors": [],
          "finished_monotonic_ns": 2841596119068,
          "finished_unix_ns": 1789462898870807401,
          "pid": 1490,
          "rss_bytes": 1534881792,
          "rss_limit_bytes": 20195630284,
          "started_monotonic_ns": 2841591061688,
          "started_unix_ns": 1789462898865750012,
          "swap_delta_bytes": 0,
          "swap_used_bytes": 0
        },
        {
          "errors": [],
          "finished_monotonic_ns": 2842285275862,
          "finished_unix_ns": 1789462899559964263,
          "pid": 1490,
          "rss_bytes": 1534881792,
          "rss_limit_bytes": 20195630284,
          "started_monotonic_ns": 2842280209276,
          "started_unix_ns": 1789462899554897706,
          "swap_delta_bytes": 0,
          "swap_used_bytes": 0
        },
        {
          "errors": [],
          "finished_monotonic_ns": 2842390270124,
          "finished_unix_ns": 1789462899664958509,
          "pid": 1490,
          "rss_bytes": 1534881792,
          "rss_limit_bytes": 20195630284,
          "started_monotonic_ns": 2842385491592,
          "started_unix_ns": 1789462899660180036,
          "swap_delta_bytes": 0,
          "swap_used_bytes": 0
        },
        {
          "errors": [],
          "finished_monotonic_ns": 2843836853528,
          "finished_unix_ns": 1789462901111541924,
          "pid": 1490,
          "rss_bytes": 1534885888,
          "rss_limit_bytes": 20195630284,
          "started_monotonic_ns": 2843831814133,
          "started_unix_ns": 1789462901106502449,
          "swap_delta_bytes": 0,
          "swap_used_bytes": 0
        },
        {
          "errors": [],
          "finished_monotonic_ns": 2844141639064,
          "finished_unix_ns": 1789462901416327235,
          "pid": 1490,
          "rss_bytes": 1534885888,
          "rss_limit_bytes": 20195630284,
          "started_monotonic_ns": 2844136876588,
          "started_unix_ns": 1789462901411565015,
          "swap_delta_bytes": 0,
          "swap_used_bytes": 0
        },
        {
          "errors": [],
          "finished_monotonic_ns": 2845245498351,
          "finished_unix_ns": 1789462902520186641,
          "pid": 1490,
          "rss_bytes": 1534885888,
          "rss_limit_bytes": 20195630284,
          "started_monotonic_ns": 2845240504258,
          "started_unix_ns": 1789462902515192643,
          "swap_delta_bytes": 0,
          "swap_used_bytes": 0
        },
        {
          "errors": [],
          "finished_monotonic_ns": 2846349680401,
          "finished_unix_ns": 1789462903624368834,
          "pid": 1490,
          "rss_bytes": 1534885888,
          "rss_limit_bytes": 20195630284,
          "started_monotonic_ns": 2846344822217,
          "started_unix_ns": 1789462903619510519,
          "swap_delta_bytes": 0,
          "swap_used_bytes": 0
        },
        {
          "errors": [],
          "finished_monotonic_ns": 2847459203712,
          "finished_unix_ns": 1789462904733891994,
          "pid": 1490,
          "rss_bytes": 1534885888,
          "rss_limit_bytes": 20195630284,
          "started_monotonic_ns": 2847454254944,
          "started_unix_ns": 1789462904728943182,
          "swap_delta_bytes": 0,
          "swap_used_bytes": 0
        },
        {
          "errors": [],
          "finished_monotonic_ns": 2848142035504,
          "finished_unix_ns": 1789462905416723816,
          "pid": 1490,
          "rss_bytes": 1534885888,
          "rss_limit_bytes": 20195630284,
          "started_monotonic_ns": 2848137088696,
          "started_unix_ns": 1789462905411777001,
          "swap_delta_bytes": 0,
          "swap_used_bytes": 0
        },
        {
          "errors": [],
          "finished_monotonic_ns": 2848248777321,
          "finished_unix_ns": 1789462905523465642,
          "pid": 1490,
          "rss_bytes": 1534885888,
          "rss_limit_bytes": 20195630284,
          "started_monotonic_ns": 2848243977455,
          "started_unix_ns": 1789462905518665879,
          "swap_delta_bytes": 0,
          "swap_used_bytes": 0
        },
        {
          "errors": [],
          "finished_monotonic_ns": 2849717034126,
          "finished_unix_ns": 1789462906991722506,
          "pid": 1490,
          "rss_bytes": 1535930368,
          "rss_limit_bytes": 20195630284,
          "started_monotonic_ns": 2849712054651,
          "started_unix_ns": 1789462906986743012,
          "swap_delta_bytes": 0,
          "swap_used_bytes": 0
        },
        {
          "errors": [],
          "finished_monotonic_ns": 2850043478798,
          "finished_unix_ns": 1789462907318167107,
          "pid": 1490,
          "rss_bytes": 1535930368,
          "rss_limit_bytes": 20195630284,
          "started_monotonic_ns": 2850038554509,
          "started_unix_ns": 1789462907313242983,
          "swap_delta_bytes": 0,
          "swap_used_bytes": 0
        },
        {
          "errors": [],
          "finished_monotonic_ns": 2851153878477,
          "finished_unix_ns": 1789462908428566858,
          "pid": 1490,
          "rss_bytes": 1535930368,
          "rss_limit_bytes": 20195630284,
          "started_monotonic_ns": 2851148782361,
          "started_unix_ns": 1789462908423470802,
          "swap_delta_bytes": 0,
          "swap_used_bytes": 0
        },
        {
          "errors": [],
          "finished_monotonic_ns": 2852265309548,
          "finished_unix_ns": 1789462909539997854,
          "pid": 1490,
          "rss_bytes": 1535930368,
          "rss_limit_bytes": 20195630284,
          "started_monotonic_ns": 2852260274678,
          "started_unix_ns": 1789462909534963109,
          "swap_delta_bytes": 0,
          "swap_used_bytes": 0
        },
        {
          "errors": [],
          "finished_monotonic_ns": 2853372420049,
          "finished_unix_ns": 1789462910647108337,
          "pid": 1490,
          "rss_bytes": 1535930368,
          "rss_limit_bytes": 20195630284,
          "started_monotonic_ns": 2853367312884,
          "started_unix_ns": 1789462910642001211,
          "swap_delta_bytes": 0,
          "swap_used_bytes": 0
        },
        {
          "errors": [],
          "finished_monotonic_ns": 2854043680461,
          "finished_unix_ns": 1789462911318368657,
          "pid": 1490,
          "rss_bytes": 1535930368,
          "rss_limit_bytes": 20195630284,
          "started_monotonic_ns": 2854038774620,
          "started_unix_ns": 1789462911313462932,
          "swap_delta_bytes": 0,
          "swap_used_bytes": 0
        },
        {
          "errors": [],
          "finished_monotonic_ns": 2855152751124,
          "finished_unix_ns": 1789462912427439396,
          "pid": 1490,
          "rss_bytes": 1535930368,
          "rss_limit_bytes": 20195630284,
          "started_monotonic_ns": 2855147674858,
          "started_unix_ns": 1789462912422362899,
          "swap_delta_bytes": 0,
          "swap_used_bytes": 0
        },
        {
          "errors": [],
          "finished_monotonic_ns": 2856264878907,
          "finished_unix_ns": 1789462913539567192,
          "pid": 1490,
          "rss_bytes": 1535930368,
          "rss_limit_bytes": 20195630284,
          "started_monotonic_ns": 2856259756227,
          "started_unix_ns": 1789462913534444552,
          "swap_delta_bytes": 0,
          "swap_used_bytes": 0
        },
        {
          "errors": [],
          "finished_monotonic_ns": 2857373780167,
          "finished_unix_ns": 1789462914648468510,
          "pid": 1490,
          "rss_bytes": 1535930368,
          "rss_limit_bytes": 20195630284,
          "started_monotonic_ns": 2857369007639,
          "started_unix_ns": 1789462914643696031,
          "swap_delta_bytes": 0,
          "swap_used_bytes": 0
        },
        {
          "errors": [],
          "finished_monotonic_ns": 2858152454066,
          "finished_unix_ns": 1789462915427142425,
          "pid": 1490,
          "rss_bytes": 1535930368,
          "rss_limit_bytes": 20195630284,
          "started_monotonic_ns": 2858147442250,
          "started_unix_ns": 1789462915422130660,
          "swap_delta_bytes": 0,
          "swap_used_bytes": 0
        },
        {
          "errors": [],
          "finished_monotonic_ns": 2859259476260,
          "finished_unix_ns": 1789462916534164536,
          "pid": 1490,
          "rss_bytes": 1535930368,
          "rss_limit_bytes": 20195630284,
          "started_monotonic_ns": 2859254382180,
          "started_unix_ns": 1789462916529070552,
          "swap_delta_bytes": 0,
          "swap_used_bytes": 0
        },
        {
          "errors": [],
          "finished_monotonic_ns": 2860365891939,
          "finished_unix_ns": 1789462917640580175,
          "pid": 1490,
          "rss_bytes": 1535930368,
          "rss_limit_bytes": 20195630284,
          "started_monotonic_ns": 2860360787504,
          "started_unix_ns": 1789462917635475789,
          "swap_delta_bytes": 0,
          "swap_used_bytes": 0
        },
        {
          "errors": [],
          "finished_monotonic_ns": 2861472433764,
          "finished_unix_ns": 1789462918747122088,
          "pid": 1490,
          "rss_bytes": 1535930368,
          "rss_limit_bytes": 20195630284,
          "started_monotonic_ns": 2861467240697,
          "started_unix_ns": 1789462918741929052,
          "swap_delta_bytes": 0,
          "swap_used_bytes": 0
        },
        {
          "errors": [],
          "finished_monotonic_ns": 2862259304959,
          "finished_unix_ns": 1789462919533993223,
          "pid": 1490,
          "rss_bytes": 1535930368,
          "rss_limit_bytes": 20195630284,
          "started_monotonic_ns": 2862254272429,
          "started_unix_ns": 1789462919528960804,
          "swap_delta_bytes": 0,
          "swap_used_bytes": 0
        },
        {
          "errors": [],
          "finished_monotonic_ns": 2862369449734,
          "finished_unix_ns": 1789462919644138120,
          "pid": 1490,
          "rss_bytes": 1535930368,
          "rss_limit_bytes": 20195630284,
          "started_monotonic_ns": 2862364535812,
          "started_unix_ns": 1789462919639224106,
          "swap_delta_bytes": 0,
          "swap_used_bytes": 0
        },
        {
          "errors": [],
          "finished_monotonic_ns": 2863827750958,
          "finished_unix_ns": 1789462921102439398,
          "pid": 1490,
          "rss_bytes": 1535934464,
          "rss_limit_bytes": 20195630284,
          "started_monotonic_ns": 2863823466155,
          "started_unix_ns": 1789462921098154523,
          "swap_delta_bytes": 0,
          "swap_used_bytes": 0
        },
        {
          "errors": [],
          "finished_monotonic_ns": 2864099354038,
          "finished_unix_ns": 1789462921374042312,
          "pid": 1490,
          "rss_bytes": 1535934464,
          "rss_limit_bytes": 20195630284,
          "started_monotonic_ns": 2864094469464,
          "started_unix_ns": 1789462921369157779,
          "swap_delta_bytes": 0,
          "swap_used_bytes": 0
        },
        {
          "errors": [],
          "finished_monotonic_ns": 2865211468465,
          "finished_unix_ns": 1789462922486156815,
          "pid": 1490,
          "rss_bytes": 1535934464,
          "rss_limit_bytes": 20195630284,
          "started_monotonic_ns": 2865206493393,
          "started_unix_ns": 1789462922481181695,
          "swap_delta_bytes": 0,
          "swap_used_bytes": 0
        },
        {
          "errors": [],
          "finished_monotonic_ns": 2866324747680,
          "finished_unix_ns": 1789462923599435959,
          "pid": 1490,
          "rss_bytes": 1535934464,
          "rss_limit_bytes": 20195630284,
          "started_monotonic_ns": 2866319758085,
          "started_unix_ns": 1789462923594446478,
          "swap_delta_bytes": 0,
          "swap_used_bytes": 0
        },
        {
          "errors": [],
          "finished_monotonic_ns": 2867435280256,
          "finished_unix_ns": 1789462924709968534,
          "pid": 1490,
          "rss_bytes": 1535934464,
          "rss_limit_bytes": 20195630284,
          "started_monotonic_ns": 2867430306495,
          "started_unix_ns": 1789462924704994781,
          "swap_delta_bytes": 0,
          "swap_used_bytes": 0
        },
        {
          "errors": [],
          "finished_monotonic_ns": 2868099707364,
          "finished_unix_ns": 1789462925374395662,
          "pid": 1490,
          "rss_bytes": 1535934464,
          "rss_limit_bytes": 20195630284,
          "started_monotonic_ns": 2868094719505,
          "started_unix_ns": 1789462925369407933,
          "swap_delta_bytes": 0,
          "swap_used_bytes": 0
        },
        {
          "errors": [],
          "finished_monotonic_ns": 2869214306060,
          "finished_unix_ns": 1789462926488994345,
          "pid": 1490,
          "rss_bytes": 1535934464,
          "rss_limit_bytes": 20195630284,
          "started_monotonic_ns": 2869209045098,
          "started_unix_ns": 1789462926483733407,
          "swap_delta_bytes": 0,
          "swap_used_bytes": 0
        },
        {
          "errors": [],
          "finished_monotonic_ns": 2870324213090,
          "finished_unix_ns": 1789462927598901474,
          "pid": 1490,
          "rss_bytes": 1535934464,
          "rss_limit_bytes": 20195630284,
          "started_monotonic_ns": 2870319421889,
          "started_unix_ns": 1789462927594110198,
          "swap_delta_bytes": 0,
          "swap_used_bytes": 0
        },
        {
          "errors": [],
          "finished_monotonic_ns": 2871431103363,
          "finished_unix_ns": 1789462928705791572,
          "pid": 1490,
          "rss_bytes": 1535934464,
          "rss_limit_bytes": 20195630284,
          "started_monotonic_ns": 2871426218885,
          "started_unix_ns": 1789462928700907188,
          "swap_delta_bytes": 0,
          "swap_used_bytes": 0
        },
        {
          "errors": [],
          "finished_monotonic_ns": 2872214078970,
          "finished_unix_ns": 1789462929488767056,
          "pid": 1490,
          "rss_bytes": 1535934464,
          "rss_limit_bytes": 20195630284,
          "started_monotonic_ns": 2872208801066,
          "started_unix_ns": 1789462929483489320,
          "swap_delta_bytes": 0,
          "swap_used_bytes": 0
        },
        {
          "errors": [],
          "finished_monotonic_ns": 2873328478368,
          "finished_unix_ns": 1789462930603166774,
          "pid": 1490,
          "rss_bytes": 1535934464,
          "rss_limit_bytes": 20195630284,
          "started_monotonic_ns": 2873323559164,
          "started_unix_ns": 1789462930598247471,
          "swap_delta_bytes": 0,
          "swap_used_bytes": 0
        },
        {
          "errors": [],
          "finished_monotonic_ns": 2874436915050,
          "finished_unix_ns": 1789462931711603371,
          "pid": 1490,
          "rss_bytes": 1535934464,
          "rss_limit_bytes": 20195630284,
          "started_monotonic_ns": 2874431860804,
          "started_unix_ns": 1789462931706548945,
          "swap_delta_bytes": 0,
          "swap_used_bytes": 0
        },
        {
          "errors": [],
          "finished_monotonic_ns": 2875548788054,
          "finished_unix_ns": 1789462932823476420,
          "pid": 1490,
          "rss_bytes": 1535934464,
          "rss_limit_bytes": 20195630284,
          "started_monotonic_ns": 2875543311706,
          "started_unix_ns": 1789462932817999984,
          "swap_delta_bytes": 0,
          "swap_used_bytes": 0
        },
        {
          "errors": [],
          "finished_monotonic_ns": 2876328234823,
          "finished_unix_ns": 1789462933602923124,
          "pid": 1490,
          "rss_bytes": 1535934464,
          "rss_limit_bytes": 20195630284,
          "started_monotonic_ns": 2876323328418,
          "started_unix_ns": 1789462933598016728,
          "swap_delta_bytes": 0,
          "swap_used_bytes": 0
        },
        {
          "errors": [],
          "finished_monotonic_ns": 2877440216780,
          "finished_unix_ns": 1789462934714905158,
          "pid": 1490,
          "rss_bytes": 1535934464,
          "rss_limit_bytes": 20195630284,
          "started_monotonic_ns": 2877435219078,
          "started_unix_ns": 1789462934709907335,
          "swap_delta_bytes": 0,
          "swap_used_bytes": 0
        },
        {
          "errors": [],
          "finished_monotonic_ns": 2878553275471,
          "finished_unix_ns": 1789462935827963869,
          "pid": 1490,
          "rss_bytes": 1535934464,
          "rss_limit_bytes": 20195630284,
          "started_monotonic_ns": 2878548116968,
          "started_unix_ns": 1789462935822805275,
          "swap_delta_bytes": 0,
          "swap_used_bytes": 0
        },
        {
          "errors": [],
          "finished_monotonic_ns": 2879664384209,
          "finished_unix_ns": 1789462936939072549,
          "pid": 1490,
          "rss_bytes": 1535934464,
          "rss_limit_bytes": 20195630284,
          "started_monotonic_ns": 2879659511560,
          "started_unix_ns": 1789462936934199957,
          "swap_delta_bytes": 0,
          "swap_used_bytes": 0
        },
        {
          "errors": [],
          "finished_monotonic_ns": 2880439940495,
          "finished_unix_ns": 1789462937714628863,
          "pid": 1490,
          "rss_bytes": 1535934464,
          "rss_limit_bytes": 20195630284,
          "started_monotonic_ns": 2880434984092,
          "started_unix_ns": 1789462937709672167,
          "swap_delta_bytes": 0,
          "swap_used_bytes": 0
        },
        {
          "errors": [],
          "finished_monotonic_ns": 2880554227958,
          "finished_unix_ns": 1789462937828916367,
          "pid": 1490,
          "rss_bytes": 1535934464,
          "rss_limit_bytes": 20195630284,
          "started_monotonic_ns": 2880549491975,
          "started_unix_ns": 1789462937824180375,
          "swap_delta_bytes": 0,
          "swap_used_bytes": 0
        },
        {
          "errors": [],
          "finished_monotonic_ns": 2882020395821,
          "finished_unix_ns": 1789462939295084147,
          "pid": 1490,
          "rss_bytes": 1536978944,
          "rss_limit_bytes": 20195630284,
          "started_monotonic_ns": 2882015539246,
          "started_unix_ns": 1789462939290227684,
          "swap_delta_bytes": 0,
          "swap_used_bytes": 0
        },
        {
          "errors": [],
          "finished_monotonic_ns": 2882336803142,
          "finished_unix_ns": 1789462939611491518,
          "pid": 1490,
          "rss_bytes": 1536978944,
          "rss_limit_bytes": 20195630284,
          "started_monotonic_ns": 2882331968888,
          "started_unix_ns": 1789462939606657197,
          "swap_delta_bytes": 0,
          "swap_used_bytes": 0
        },
        {
          "errors": [],
          "finished_monotonic_ns": 2883450422611,
          "finished_unix_ns": 1789462940725110978,
          "pid": 1490,
          "rss_bytes": 1536978944,
          "rss_limit_bytes": 20195630284,
          "started_monotonic_ns": 2883445205086,
          "started_unix_ns": 1789462940719893149,
          "swap_delta_bytes": 0,
          "swap_used_bytes": 0
        },
        {
          "errors": [],
          "finished_monotonic_ns": 2884565593754,
          "finished_unix_ns": 1789462941840282040,
          "pid": 1490,
          "rss_bytes": 1536978944,
          "rss_limit_bytes": 20195630284,
          "started_monotonic_ns": 2884560254587,
          "started_unix_ns": 1789462941834943012,
          "swap_delta_bytes": 0,
          "swap_used_bytes": 0
        },
        {
          "errors": [],
          "finished_monotonic_ns": 2885684474055,
          "finished_unix_ns": 1789462942959162387,
          "pid": 1490,
          "rss_bytes": 1536978944,
          "rss_limit_bytes": 20195630284,
          "started_monotonic_ns": 2885679211968,
          "started_unix_ns": 1789462942953900318,
          "swap_delta_bytes": 0,
          "swap_used_bytes": 0
        },
        {
          "errors": [],
          "finished_monotonic_ns": 2886337046376,
          "finished_unix_ns": 1789462943611734735,
          "pid": 1490,
          "rss_bytes": 1536978944,
          "rss_limit_bytes": 20195630284,
          "started_monotonic_ns": 2886332197176,
          "started_unix_ns": 1789462943606885511,
          "swap_delta_bytes": 0,
          "swap_used_bytes": 0
        },
        {
          "errors": [],
          "finished_monotonic_ns": 2886449751755,
          "finished_unix_ns": 1789462943724440149,
          "pid": 1490,
          "rss_bytes": 1536978944,
          "rss_limit_bytes": 20195630284,
          "started_monotonic_ns": 2886444972201,
          "started_unix_ns": 1789462943719660669,
          "swap_delta_bytes": 0,
          "swap_used_bytes": 0
        },
        {
          "errors": [],
          "finished_monotonic_ns": 2887976761916,
          "finished_unix_ns": 1789462945251450329,
          "pid": 1490,
          "rss_bytes": 1538027520,
          "rss_limit_bytes": 20195630284,
          "started_monotonic_ns": 2887971909631,
          "started_unix_ns": 1789462945246597982,
          "swap_delta_bytes": 0,
          "swap_used_bytes": 0
        },
        {
          "errors": [],
          "finished_monotonic_ns": 2888306128160,
          "finished_unix_ns": 1789462945580816465,
          "pid": 1490,
          "rss_bytes": 1538027520,
          "rss_limit_bytes": 20195630284,
          "started_monotonic_ns": 2888301217027,
          "started_unix_ns": 1789462945575905325,
          "swap_delta_bytes": 0,
          "swap_used_bytes": 0
        },
        {
          "errors": [],
          "finished_monotonic_ns": 2889424012771,
          "finished_unix_ns": 1789462946698701069,
          "pid": 1490,
          "rss_bytes": 1538027520,
          "rss_limit_bytes": 20195630284,
          "started_monotonic_ns": 2889419173957,
          "started_unix_ns": 1789462946693862324,
          "swap_delta_bytes": 0,
          "swap_used_bytes": 0
        },
        {
          "errors": [],
          "finished_monotonic_ns": 2890535603693,
          "finished_unix_ns": 1789462947810291907,
          "pid": 1490,
          "rss_bytes": 1538027520,
          "rss_limit_bytes": 20195630284,
          "started_monotonic_ns": 2890530519369,
          "started_unix_ns": 1789462947805207729,
          "swap_delta_bytes": 0,
          "swap_used_bytes": 0
        },
        {
          "errors": [],
          "finished_monotonic_ns": 2891650282008,
          "finished_unix_ns": 1789462948924970260,
          "pid": 1490,
          "rss_bytes": 1538027520,
          "rss_limit_bytes": 20195630284,
          "started_monotonic_ns": 2891645324692,
          "started_unix_ns": 1789462948920013119,
          "swap_delta_bytes": 0,
          "swap_used_bytes": 0
        },
        {
          "errors": [],
          "finished_monotonic_ns": 2892306485439,
          "finished_unix_ns": 1789462949581173767,
          "pid": 1490,
          "rss_bytes": 1538027520,
          "rss_limit_bytes": 20195630284,
          "started_monotonic_ns": 2892301410299,
          "started_unix_ns": 1789462949576098412,
          "swap_delta_bytes": 0,
          "swap_used_bytes": 0
        },
        {
          "errors": [],
          "finished_monotonic_ns": 2892421023166,
          "finished_unix_ns": 1789462949695711111,
          "pid": 1490,
          "rss_bytes": 1538027520,
          "rss_limit_bytes": 20195630284,
          "started_monotonic_ns": 2892416268150,
          "started_unix_ns": 1789462949690956587,
          "swap_delta_bytes": 0,
          "swap_used_bytes": 0
        },
        {
          "errors": [],
          "finished_monotonic_ns": 2893886777182,
          "finished_unix_ns": 1789462951161465613,
          "pid": 1490,
          "rss_bytes": 1538031616,
          "rss_limit_bytes": 20195630284,
          "started_monotonic_ns": 2893881898319,
          "started_unix_ns": 1789462951156586672,
          "swap_delta_bytes": 0,
          "swap_used_bytes": 0
        },
        {
          "errors": [],
          "finished_monotonic_ns": 2894216499845,
          "finished_unix_ns": 1789462951491188227,
          "pid": 1490,
          "rss_bytes": 1538031616,
          "rss_limit_bytes": 20195630284,
          "started_monotonic_ns": 2894211718591,
          "started_unix_ns": 1789462951486406911,
          "swap_delta_bytes": 0,
          "swap_used_bytes": 0
        },
        {
          "errors": [],
          "finished_monotonic_ns": 2895335274768,
          "finished_unix_ns": 1789462952609963098,
          "pid": 1490,
          "rss_bytes": 1538031616,
          "rss_limit_bytes": 20195630284,
          "started_monotonic_ns": 2895330208476,
          "started_unix_ns": 1789462952604896855,
          "swap_delta_bytes": 0,
          "swap_used_bytes": 0
        },
        {
          "errors": [],
          "finished_monotonic_ns": 2896455178570,
          "finished_unix_ns": 1789462953729866992,
          "pid": 1490,
          "rss_bytes": 1538031616,
          "rss_limit_bytes": 20195630284,
          "started_monotonic_ns": 2896450200442,
          "started_unix_ns": 1789462953724888762,
          "swap_delta_bytes": 0,
          "swap_used_bytes": 0
        },
        {
          "errors": [],
          "finished_monotonic_ns": 2897572743500,
          "finished_unix_ns": 1789462954847431833,
          "pid": 1490,
          "rss_bytes": 1538031616,
          "rss_limit_bytes": 20195630284,
          "started_monotonic_ns": 2897567739135,
          "started_unix_ns": 1789462954842427464,
          "swap_delta_bytes": 0,
          "swap_used_bytes": 0
        },
        {
          "errors": [],
          "finished_monotonic_ns": 2898217181454,
          "finished_unix_ns": 1789462955491869811,
          "pid": 1490,
          "rss_bytes": 1538031616,
          "rss_limit_bytes": 20195630284,
          "started_monotonic_ns": 2898211971647,
          "started_unix_ns": 1789462955486660054,
          "swap_delta_bytes": 0,
          "swap_used_bytes": 0
        },
        {
          "errors": [],
          "finished_monotonic_ns": 2898561457575,
          "finished_unix_ns": 1789462955836145964,
          "pid": 1490,
          "rss_bytes": 1538031616,
          "rss_limit_bytes": 20195630284,
          "started_monotonic_ns": 2898556411613,
          "started_unix_ns": 1789462955831099911,
          "swap_delta_bytes": 0,
          "swap_used_bytes": 0
        },
        {
          "errors": [],
          "finished_monotonic_ns": 2898906626933,
          "finished_unix_ns": 1789462956181315203,
          "pid": 1490,
          "rss_bytes": 1538031616,
          "rss_limit_bytes": 20195630284,
          "started_monotonic_ns": 2898901798717,
          "started_unix_ns": 1789462956176486980,
          "swap_delta_bytes": 0,
          "swap_used_bytes": 0
        },
        {
          "errors": [],
          "finished_monotonic_ns": 2900024953188,
          "finished_unix_ns": 1789462957299641477,
          "pid": 1490,
          "rss_bytes": 1538031616,
          "rss_limit_bytes": 20195630284,
          "started_monotonic_ns": 2900020124368,
          "started_unix_ns": 1789462957294812670,
          "swap_delta_bytes": 0,
          "swap_used_bytes": 0
        },
        {
          "errors": [],
          "finished_monotonic_ns": 2901140425290,
          "finished_unix_ns": 1789462958415113641,
          "pid": 1490,
          "rss_bytes": 1538031616,
          "rss_limit_bytes": 20195630284,
          "started_monotonic_ns": 2901135501715,
          "started_unix_ns": 1789462958410190102,
          "swap_delta_bytes": 0,
          "swap_used_bytes": 0
        },
        {
          "errors": [],
          "finished_monotonic_ns": 2902257561902,
          "finished_unix_ns": 1789462959532250192,
          "pid": 1490,
          "rss_bytes": 1538031616,
          "rss_limit_bytes": 20195630284,
          "started_monotonic_ns": 2902252684732,
          "started_unix_ns": 1789462959527373069,
          "swap_delta_bytes": 0,
          "swap_used_bytes": 0
        },
        {
          "errors": [],
          "finished_monotonic_ns": 2903373537688,
          "finished_unix_ns": 1789462960648226078,
          "pid": 1490,
          "rss_bytes": 1538031616,
          "rss_limit_bytes": 20195630284,
          "started_monotonic_ns": 2903368371677,
          "started_unix_ns": 1789462960643060044,
          "swap_delta_bytes": 0,
          "swap_used_bytes": 0
        },
        {
          "errors": [],
          "finished_monotonic_ns": 2903906830474,
          "finished_unix_ns": 1789462961181518887,
          "pid": 1490,
          "rss_bytes": 1538031616,
          "rss_limit_bytes": 20195630284,
          "started_monotonic_ns": 2903901986598,
          "started_unix_ns": 1789462961176674845,
          "swap_delta_bytes": 0,
          "swap_used_bytes": 0
        },
        {
          "errors": [],
          "finished_monotonic_ns": 2904248962586,
          "finished_unix_ns": 1789462961523650964,
          "pid": 1490,
          "rss_bytes": 1538031616,
          "rss_limit_bytes": 20195630284,
          "started_monotonic_ns": 2904244124201,
          "started_unix_ns": 1789462961518812519,
          "swap_delta_bytes": 0,
          "swap_used_bytes": 0
        },
        {
          "errors": [],
          "finished_monotonic_ns": 2905368095955,
          "finished_unix_ns": 1789462962642783927,
          "pid": 1490,
          "rss_bytes": 1538031616,
          "rss_limit_bytes": 20195630284,
          "started_monotonic_ns": 2905363184066,
          "started_unix_ns": 1789462962637872277,
          "swap_delta_bytes": 0,
          "swap_used_bytes": 0
        },
        {
          "errors": [],
          "finished_monotonic_ns": 2906482980800,
          "finished_unix_ns": 1789462963757669047,
          "pid": 1490,
          "rss_bytes": 1538031616,
          "rss_limit_bytes": 20195630284,
          "started_monotonic_ns": 2906477963292,
          "started_unix_ns": 1789462963752651613,
          "swap_delta_bytes": 0,
          "swap_used_bytes": 0
        },
        {
          "errors": [],
          "finished_monotonic_ns": 2907602251248,
          "finished_unix_ns": 1789462964876939557,
          "pid": 1490,
          "rss_bytes": 1538031616,
          "rss_limit_bytes": 20195630284,
          "started_monotonic_ns": 2907597346958,
          "started_unix_ns": 1789462964872035267,
          "swap_delta_bytes": 0,
          "swap_used_bytes": 0
        },
        {
          "errors": [],
          "finished_monotonic_ns": 2908718964206,
          "finished_unix_ns": 1789462965993652450,
          "pid": 1490,
          "rss_bytes": 1538031616,
          "rss_limit_bytes": 20195630284,
          "started_monotonic_ns": 2908713957817,
          "started_unix_ns": 1789462965988646184,
          "swap_delta_bytes": 0,
          "swap_used_bytes": 0
        },
        {
          "errors": [],
          "finished_monotonic_ns": 2909249220023,
          "finished_unix_ns": 1789462966523908338,
          "pid": 1490,
          "rss_bytes": 1538031616,
          "rss_limit_bytes": 20195630284,
          "started_monotonic_ns": 2909244287070,
          "started_unix_ns": 1789462966518975364,
          "swap_delta_bytes": 0,
          "swap_used_bytes": 0
        },
        {
          "errors": [],
          "finished_monotonic_ns": 2909594788412,
          "finished_unix_ns": 1789462966869476619,
          "pid": 1490,
          "rss_bytes": 1538031616,
          "rss_limit_bytes": 20195630284,
          "started_monotonic_ns": 2909590021384,
          "started_unix_ns": 1789462966864709681,
          "swap_delta_bytes": 0,
          "swap_used_bytes": 0
        },
        {
          "errors": [],
          "finished_monotonic_ns": 2909945103232,
          "finished_unix_ns": 1789462967219791525,
          "pid": 1490,
          "rss_bytes": 1538031616,
          "rss_limit_bytes": 20195630284,
          "started_monotonic_ns": 2909940336189,
          "started_unix_ns": 1789462967215024560,
          "swap_delta_bytes": 0,
          "swap_used_bytes": 0
        },
        {
          "errors": [],
          "finished_monotonic_ns": 2910060947998,
          "finished_unix_ns": 1789462967335636405,
          "pid": 1490,
          "rss_bytes": 1538031616,
          "rss_limit_bytes": 20195630284,
          "started_monotonic_ns": 2910056295680,
          "started_unix_ns": 1789462967330984101,
          "swap_delta_bytes": 0,
          "swap_used_bytes": 0
        },
        {
          "errors": [],
          "finished_monotonic_ns": 2911094268898,
          "finished_unix_ns": 1789462968368957313,
          "pid": 1490,
          "rss_bytes": 1538031616,
          "rss_limit_bytes": 20195630284,
          "started_monotonic_ns": 2911089157463,
          "started_unix_ns": 1789462968363845620,
          "swap_delta_bytes": 0,
          "swap_used_bytes": 0
        },
        {
          "errors": [],
          "finished_monotonic_ns": 2911446769663,
          "finished_unix_ns": 1789462968721458074,
          "pid": 1490,
          "rss_bytes": 1538031616,
          "rss_limit_bytes": 20195630284,
          "started_monotonic_ns": 2911441883505,
          "started_unix_ns": 1789462968716571749,
          "swap_delta_bytes": 0,
          "swap_used_bytes": 0
        },
        {
          "errors": [],
          "finished_monotonic_ns": 2912565876784,
          "finished_unix_ns": 1789462969840565099,
          "pid": 1490,
          "rss_bytes": 1538031616,
          "rss_limit_bytes": 20195630284,
          "started_monotonic_ns": 2912560805671,
          "started_unix_ns": 1789462969835494032,
          "swap_delta_bytes": 0,
          "swap_used_bytes": 0
        },
        {
          "errors": [],
          "finished_monotonic_ns": 2913687995148,
          "finished_unix_ns": 1789462970962683464,
          "pid": 1490,
          "rss_bytes": 1538031616,
          "rss_limit_bytes": 20195630284,
          "started_monotonic_ns": 2913682876544,
          "started_unix_ns": 1789462970957564840,
          "swap_delta_bytes": 0,
          "swap_used_bytes": 0
        },
        {
          "errors": [],
          "finished_monotonic_ns": 2914809633170,
          "finished_unix_ns": 1789462972084321428,
          "pid": 1490,
          "rss_bytes": 1538031616,
          "rss_limit_bytes": 20195630284,
          "started_monotonic_ns": 2914804553657,
          "started_unix_ns": 1789462972079241991,
          "swap_delta_bytes": 0,
          "swap_used_bytes": 0
        },
        {
          "errors": [],
          "finished_monotonic_ns": 2915446972857,
          "finished_unix_ns": 1789462972721660909,
          "pid": 1490,
          "rss_bytes": 1538031616,
          "rss_limit_bytes": 20195630284,
          "started_monotonic_ns": 2915442083747,
          "started_unix_ns": 1789462972716772060,
          "swap_delta_bytes": 0,
          "swap_used_bytes": 0
        },
        {
          "errors": [],
          "finished_monotonic_ns": 2915565769234,
          "finished_unix_ns": 1789462972840457630,
          "pid": 1490,
          "rss_bytes": 1538031616,
          "rss_limit_bytes": 20195630284,
          "started_monotonic_ns": 2915560998513,
          "started_unix_ns": 1789462972835686978,
          "swap_delta_bytes": 0,
          "swap_used_bytes": 0
        },
        {
          "errors": [],
          "finished_monotonic_ns": 2916620256656,
          "finished_unix_ns": 1789462973894944944,
          "pid": 1490,
          "rss_bytes": 1538031616,
          "rss_limit_bytes": 20195630284,
          "started_monotonic_ns": 2916615365845,
          "started_unix_ns": 1789462973890053850,
          "swap_delta_bytes": 0,
          "swap_used_bytes": 0
        },
        {
          "errors": [],
          "finished_monotonic_ns": 2916977127888,
          "finished_unix_ns": 1789462974251816144,
          "pid": 1490,
          "rss_bytes": 1538031616,
          "rss_limit_bytes": 20195630284,
          "started_monotonic_ns": 2916972430800,
          "started_unix_ns": 1789462974247119071,
          "swap_delta_bytes": 0,
          "swap_used_bytes": 0
        },
        {
          "errors": [],
          "finished_monotonic_ns": 2918099873744,
          "finished_unix_ns": 1789462975374562115,
          "pid": 1490,
          "rss_bytes": 1538031616,
          "rss_limit_bytes": 20195630284,
          "started_monotonic_ns": 2918094912815,
          "started_unix_ns": 1789462975369601136,
          "swap_delta_bytes": 0,
          "swap_used_bytes": 0
        },
        {
          "errors": [],
          "finished_monotonic_ns": 2919226110680,
          "finished_unix_ns": 1789462976500798686,
          "pid": 1490,
          "rss_bytes": 1538031616,
          "rss_limit_bytes": 20195630284,
          "started_monotonic_ns": 2919220997498,
          "started_unix_ns": 1789462976495685865,
          "swap_delta_bytes": 0,
          "swap_used_bytes": 0
        },
        {
          "errors": [],
          "finished_monotonic_ns": 2920351720091,
          "finished_unix_ns": 1789462977626408348,
          "pid": 1490,
          "rss_bytes": 1538031616,
          "rss_limit_bytes": 20195630284,
          "started_monotonic_ns": 2920346678404,
          "started_unix_ns": 1789462977621366768,
          "swap_delta_bytes": 0,
          "swap_used_bytes": 0
        },
        {
          "errors": [],
          "finished_monotonic_ns": 2920977845754,
          "finished_unix_ns": 1789462978252534132,
          "pid": 1490,
          "rss_bytes": 1538031616,
          "rss_limit_bytes": 20195630284,
          "started_monotonic_ns": 2920972836472,
          "started_unix_ns": 1789462978247524812,
          "swap_delta_bytes": 0,
          "swap_used_bytes": 0
        },
        {
          "errors": [],
          "finished_monotonic_ns": 2921099807506,
          "finished_unix_ns": 1789462978374495864,
          "pid": 1490,
          "rss_bytes": 1538031616,
          "rss_limit_bytes": 20195630284,
          "started_monotonic_ns": 2921094901360,
          "started_unix_ns": 1789462978369589671,
          "swap_delta_bytes": 0,
          "swap_used_bytes": 0
        },
        {
          "errors": [],
          "finished_monotonic_ns": 2922113406444,
          "finished_unix_ns": 1789462979388094790,
          "pid": 1490,
          "rss_bytes": 1539076096,
          "rss_limit_bytes": 20195630284,
          "started_monotonic_ns": 2922108444341,
          "started_unix_ns": 1789462979383132783,
          "swap_delta_bytes": 0,
          "swap_used_bytes": 0
        },
        {
          "errors": [],
          "finished_monotonic_ns": 2922469988674,
          "finished_unix_ns": 1789462979744676943,
          "pid": 1490,
          "rss_bytes": 1539076096,
          "rss_limit_bytes": 20195630284,
          "started_monotonic_ns": 2922465249870,
          "started_unix_ns": 1789462979739938200,
          "swap_delta_bytes": 0,
          "swap_used_bytes": 0
        },
        {
          "errors": [],
          "finished_monotonic_ns": 2923591942483,
          "finished_unix_ns": 1789462980866630812,
          "pid": 1490,
          "rss_bytes": 1539076096,
          "rss_limit_bytes": 20195630284,
          "started_monotonic_ns": 2923586918715,
          "started_unix_ns": 1789462980861606975,
          "swap_delta_bytes": 0,
          "swap_used_bytes": 0
        },
        {
          "errors": [],
          "finished_monotonic_ns": 2924711496838,
          "finished_unix_ns": 1789462981986185142,
          "pid": 1490,
          "rss_bytes": 1539076096,
          "rss_limit_bytes": 20195630284,
          "started_monotonic_ns": 2924706627197,
          "started_unix_ns": 1789462981981315514,
          "swap_delta_bytes": 0,
          "swap_used_bytes": 0
        },
        {
          "errors": [],
          "finished_monotonic_ns": 2925835009973,
          "finished_unix_ns": 1789462983109698321,
          "pid": 1490,
          "rss_bytes": 1539076096,
          "rss_limit_bytes": 20195630284,
          "started_monotonic_ns": 2925829890514,
          "started_unix_ns": 1789462983104578641,
          "swap_delta_bytes": 0,
          "swap_used_bytes": 0
        },
        {
          "errors": [],
          "finished_monotonic_ns": 2926470350632,
          "finished_unix_ns": 1789462983745038921,
          "pid": 1490,
          "rss_bytes": 1539076096,
          "rss_limit_bytes": 20195630284,
          "started_monotonic_ns": 2926465488581,
          "started_unix_ns": 1789462983740176777,
          "swap_delta_bytes": 0,
          "swap_used_bytes": 0
        },
        {
          "errors": [],
          "finished_monotonic_ns": 2926596881987,
          "finished_unix_ns": 1789462983871570345,
          "pid": 1490,
          "rss_bytes": 1539076096,
          "rss_limit_bytes": 20195630284,
          "started_monotonic_ns": 2926591847505,
          "started_unix_ns": 1789462983866535811,
          "swap_delta_bytes": 0,
          "swap_used_bytes": 0
        },
        {
          "errors": [],
          "finished_monotonic_ns": 2927598932620,
          "finished_unix_ns": 1789462984873621006,
          "pid": 1490,
          "rss_bytes": 1540124672,
          "rss_limit_bytes": 20195630284,
          "started_monotonic_ns": 2927593874313,
          "started_unix_ns": 1789462984868562664,
          "swap_delta_bytes": 0,
          "swap_used_bytes": 0
        },
        {
          "errors": [],
          "finished_monotonic_ns": 2927962749647,
          "finished_unix_ns": 1789462985237438005,
          "pid": 1490,
          "rss_bytes": 1540124672,
          "rss_limit_bytes": 20195630284,
          "started_monotonic_ns": 2927957914592,
          "started_unix_ns": 1789462985232602876,
          "swap_delta_bytes": 0,
          "swap_used_bytes": 0
        },
        {
          "errors": [],
          "finished_monotonic_ns": 2929090296592,
          "finished_unix_ns": 1789462986364984850,
          "pid": 1490,
          "rss_bytes": 1540124672,
          "rss_limit_bytes": 20195630284,
          "started_monotonic_ns": 2929085379537,
          "started_unix_ns": 1789462986360067829,
          "swap_delta_bytes": 0,
          "swap_used_bytes": 0
        },
        {
          "errors": [],
          "finished_monotonic_ns": 2930217051391,
          "finished_unix_ns": 1789462987491739712,
          "pid": 1490,
          "rss_bytes": 1540124672,
          "rss_limit_bytes": 20195630284,
          "started_monotonic_ns": 2930212025867,
          "started_unix_ns": 1789462987486714165,
          "swap_delta_bytes": 0,
          "swap_used_bytes": 0
        },
        {
          "errors": [],
          "finished_monotonic_ns": 2931350915365,
          "finished_unix_ns": 1789462988625603634,
          "pid": 1490,
          "rss_bytes": 1540124672,
          "rss_limit_bytes": 20195630284,
          "started_monotonic_ns": 2931345920142,
          "started_unix_ns": 1789462988620608466,
          "swap_delta_bytes": 0,
          "swap_used_bytes": 0
        },
        {
          "errors": [],
          "finished_monotonic_ns": 2931963481355,
          "finished_unix_ns": 1789462989238169654,
          "pid": 1490,
          "rss_bytes": 1540124672,
          "rss_limit_bytes": 20195630284,
          "started_monotonic_ns": 2931958182885,
          "started_unix_ns": 1789462989232871177,
          "swap_delta_bytes": 0,
          "swap_used_bytes": 0
        },
        {
          "errors": [],
          "finished_monotonic_ns": 2932044748921,
          "finished_unix_ns": 1789462989319437306,
          "pid": 1490,
          "rss_bytes": 1540124672,
          "rss_limit_bytes": 20195630284,
          "started_monotonic_ns": 2932040445215,
          "started_unix_ns": 1789462989315133702,
          "swap_delta_bytes": 0,
          "swap_used_bytes": 0
        },
        {
          "errors": [],
          "finished_monotonic_ns": 2933053907616,
          "finished_unix_ns": 1789462990328595902,
          "pid": 1490,
          "rss_bytes": 1540128768,
          "rss_limit_bytes": 20195630284,
          "started_monotonic_ns": 2933048788455,
          "started_unix_ns": 1789462990323476822,
          "swap_delta_bytes": 0,
          "swap_used_bytes": 0
        },
        {
          "errors": [],
          "finished_monotonic_ns": 2933418525987,
          "finished_unix_ns": 1789462990693214223,
          "pid": 1490,
          "rss_bytes": 1540128768,
          "rss_limit_bytes": 20195630284,
          "started_monotonic_ns": 2933413738937,
          "started_unix_ns": 1789462990688427334,
          "swap_delta_bytes": 0,
          "swap_used_bytes": 0
        },
        {
          "errors": [],
          "finished_monotonic_ns": 2934546646008,
          "finished_unix_ns": 1789462991821334322,
          "pid": 1490,
          "rss_bytes": 1540128768,
          "rss_limit_bytes": 20195630284,
          "started_monotonic_ns": 2934541741326,
          "started_unix_ns": 1789462991816429632,
          "swap_delta_bytes": 0,
          "swap_used_bytes": 0
        },
        {
          "errors": [],
          "finished_monotonic_ns": 2935676108783,
          "finished_unix_ns": 1789462992950797136,
          "pid": 1490,
          "rss_bytes": 1540128768,
          "rss_limit_bytes": 20195630284,
          "started_monotonic_ns": 2935670384494,
          "started_unix_ns": 1789462992945072886,
          "swap_delta_bytes": 0,
          "swap_used_bytes": 0
        },
        {
          "errors": [],
          "finished_monotonic_ns": 2936811741740,
          "finished_unix_ns": 1789462994086430032,
          "pid": 1490,
          "rss_bytes": 1540128768,
          "rss_limit_bytes": 20195630284,
          "started_monotonic_ns": 2936806854740,
          "started_unix_ns": 1789462994081543071,
          "swap_delta_bytes": 0,
          "swap_used_bytes": 0
        },
        {
          "errors": [],
          "finished_monotonic_ns": 2937419072199,
          "finished_unix_ns": 1789462994693760508,
          "pid": 1490,
          "rss_bytes": 1540128768,
          "rss_limit_bytes": 20195630284,
          "started_monotonic_ns": 2937413969987,
          "started_unix_ns": 1789462994688658386,
          "swap_delta_bytes": 0,
          "swap_used_bytes": 0
        },
        {
          "errors": [],
          "finished_monotonic_ns": 2937546903196,
          "finished_unix_ns": 1789462994821591584,
          "pid": 1490,
          "rss_bytes": 1540128768,
          "rss_limit_bytes": 20195630284,
          "started_monotonic_ns": 2937542083990,
          "started_unix_ns": 1789462994816772078,
          "swap_delta_bytes": 0,
          "swap_used_bytes": 0
        },
        {
          "errors": [],
          "finished_monotonic_ns": 2938580174071,
          "finished_unix_ns": 1789462995854862392,
          "pid": 1490,
          "rss_bytes": 1540128768,
          "rss_limit_bytes": 20195630284,
          "started_monotonic_ns": 2938575386185,
          "started_unix_ns": 1789462995850074507,
          "swap_delta_bytes": 0,
          "swap_used_bytes": 0
        },
        {
          "errors": [],
          "finished_monotonic_ns": 2938941807104,
          "finished_unix_ns": 1789462996216495306,
          "pid": 1490,
          "rss_bytes": 1540128768,
          "rss_limit_bytes": 20195630284,
          "started_monotonic_ns": 2938936994632,
          "started_unix_ns": 1789462996211683048,
          "swap_delta_bytes": 0,
          "swap_used_bytes": 0
        },
        {
          "errors": [],
          "finished_monotonic_ns": 2940072717271,
          "finished_unix_ns": 1789462997347405580,
          "pid": 1490,
          "rss_bytes": 1540128768,
          "rss_limit_bytes": 20195630284,
          "started_monotonic_ns": 2940067625184,
          "started_unix_ns": 1789462997342313500,
          "swap_delta_bytes": 0,
          "swap_used_bytes": 0
        },
        {
          "errors": [],
          "finished_monotonic_ns": 2941202934750,
          "finished_unix_ns": 1789462998477623135,
          "pid": 1490,
          "rss_bytes": 1540128768,
          "rss_limit_bytes": 20195630284,
          "started_monotonic_ns": 2941197798873,
          "started_unix_ns": 1789462998472487190,
          "swap_delta_bytes": 0,
          "swap_used_bytes": 0
        },
        {
          "errors": [],
          "finished_monotonic_ns": 2942335434215,
          "finished_unix_ns": 1789462999610122506,
          "pid": 1490,
          "rss_bytes": 1540128768,
          "rss_limit_bytes": 20195630284,
          "started_monotonic_ns": 2942330339265,
          "started_unix_ns": 1789462999605027621,
          "swap_delta_bytes": 0,
          "swap_used_bytes": 0
        },
        {
          "errors": [],
          "finished_monotonic_ns": 2942942241232,
          "finished_unix_ns": 1789463000216929263,
          "pid": 1490,
          "rss_bytes": 1540128768,
          "rss_limit_bytes": 20195630284,
          "started_monotonic_ns": 2942937230676,
          "started_unix_ns": 1789463000211919123,
          "swap_delta_bytes": 0,
          "swap_used_bytes": 0
        },
        {
          "errors": [],
          "finished_monotonic_ns": 2943063994634,
          "finished_unix_ns": 1789463000338682935,
          "pid": 1490,
          "rss_bytes": 1540128768,
          "rss_limit_bytes": 20195630284,
          "started_monotonic_ns": 2943059299125,
          "started_unix_ns": 1789463000333987563,
          "swap_delta_bytes": 0,
          "swap_used_bytes": 0
        },
        {
          "errors": [],
          "finished_monotonic_ns": 2944090633143,
          "finished_unix_ns": 1789463001365321435,
          "pid": 1490,
          "rss_bytes": 1540128768,
          "rss_limit_bytes": 20195630284,
          "started_monotonic_ns": 2944085807736,
          "started_unix_ns": 1789463001360496097,
          "swap_delta_bytes": 0,
          "swap_used_bytes": 0
        },
        {
          "errors": [],
          "finished_monotonic_ns": 2944452030162,
          "finished_unix_ns": 1789463001726718457,
          "pid": 1490,
          "rss_bytes": 1540128768,
          "rss_limit_bytes": 20195630284,
          "started_monotonic_ns": 2944447179308,
          "started_unix_ns": 1789463001721867604,
          "swap_delta_bytes": 0,
          "swap_used_bytes": 0
        },
        {
          "errors": [],
          "finished_monotonic_ns": 2945575303802,
          "finished_unix_ns": 1789463002849992123,
          "pid": 1490,
          "rss_bytes": 1540128768,
          "rss_limit_bytes": 20195630284,
          "started_monotonic_ns": 2945570470475,
          "started_unix_ns": 1789463002845158470,
          "swap_delta_bytes": 0,
          "swap_used_bytes": 0
        },
        {
          "errors": [],
          "finished_monotonic_ns": 2946701613613,
          "finished_unix_ns": 1789463003976301956,
          "pid": 1490,
          "rss_bytes": 1540128768,
          "rss_limit_bytes": 20195630284,
          "started_monotonic_ns": 2946696646685,
          "started_unix_ns": 1789463003971335084,
          "swap_delta_bytes": 0,
          "swap_used_bytes": 0
        },
        {
          "errors": [],
          "finished_monotonic_ns": 2947830287321,
          "finished_unix_ns": 1789463005104975357,
          "pid": 1490,
          "rss_bytes": 1540128768,
          "rss_limit_bytes": 20195630284,
          "started_monotonic_ns": 2947825282987,
          "started_unix_ns": 1789463005099971407,
          "swap_delta_bytes": 0,
          "swap_used_bytes": 0
        },
        {
          "errors": [],
          "finished_monotonic_ns": 2948452636976,
          "finished_unix_ns": 1789463005727325228,
          "pid": 1490,
          "rss_bytes": 1540128768,
          "rss_limit_bytes": 20195630284,
          "started_monotonic_ns": 2948447388699,
          "started_unix_ns": 1789463005722077042,
          "swap_delta_bytes": 0,
          "swap_used_bytes": 0
        },
        {
          "errors": [],
          "finished_monotonic_ns": 2948579866182,
          "finished_unix_ns": 1789463005854554551,
          "pid": 1490,
          "rss_bytes": 1540128768,
          "rss_limit_bytes": 20195630284,
          "started_monotonic_ns": 2948575087026,
          "started_unix_ns": 1789463005849775447,
          "swap_delta_bytes": 0,
          "swap_used_bytes": 0
        },
        {
          "errors": [],
          "finished_monotonic_ns": 2949556976452,
          "finished_unix_ns": 1789463006831664786,
          "pid": 1490,
          "rss_bytes": 1540128768,
          "rss_limit_bytes": 20195630284,
          "started_monotonic_ns": 2949552556102,
          "started_unix_ns": 1789463006827244576,
          "swap_delta_bytes": 0,
          "swap_used_bytes": 0
        },
        {
          "errors": [],
          "finished_monotonic_ns": 2949926968655,
          "finished_unix_ns": 1789463007201656908,
          "pid": 1490,
          "rss_bytes": 1540128768,
          "rss_limit_bytes": 20195630284,
          "started_monotonic_ns": 2949922167682,
          "started_unix_ns": 1789463007196856016,
          "swap_delta_bytes": 0,
          "swap_used_bytes": 0
        },
        {
          "errors": [],
          "finished_monotonic_ns": 2951055304414,
          "finished_unix_ns": 1789463008329992739,
          "pid": 1490,
          "rss_bytes": 1540128768,
          "rss_limit_bytes": 20195630284,
          "started_monotonic_ns": 2951050265637,
          "started_unix_ns": 1789463008324953940,
          "swap_delta_bytes": 0,
          "swap_used_bytes": 0
        },
        {
          "errors": [],
          "finished_monotonic_ns": 2952182700147,
          "finished_unix_ns": 1789463009457388420,
          "pid": 1490,
          "rss_bytes": 1540128768,
          "rss_limit_bytes": 20195630284,
          "started_monotonic_ns": 2952177723533,
          "started_unix_ns": 1789463009452411863,
          "swap_delta_bytes": 0,
          "swap_used_bytes": 0
        },
        {
          "errors": [],
          "finished_monotonic_ns": 2953315768368,
          "finished_unix_ns": 1789463010590456706,
          "pid": 1490,
          "rss_bytes": 1540128768,
          "rss_limit_bytes": 20195630284,
          "started_monotonic_ns": 2953310634707,
          "started_unix_ns": 1789463010585323032,
          "swap_delta_bytes": 0,
          "swap_used_bytes": 0
        },
        {
          "errors": [],
          "finished_monotonic_ns": 2953927410397,
          "finished_unix_ns": 1789463011202098770,
          "pid": 1490,
          "rss_bytes": 1540128768,
          "rss_limit_bytes": 20195630284,
          "started_monotonic_ns": 2953922339325,
          "started_unix_ns": 1789463011197027651,
          "swap_delta_bytes": 0,
          "swap_used_bytes": 0
        },
        {
          "errors": [],
          "finished_monotonic_ns": 2954052519046,
          "finished_unix_ns": 1789463011327207453,
          "pid": 1490,
          "rss_bytes": 1540128768,
          "rss_limit_bytes": 20195630284,
          "started_monotonic_ns": 2954047790801,
          "started_unix_ns": 1789463011322479262,
          "swap_delta_bytes": 0,
          "swap_used_bytes": 0
        },
        {
          "errors": [],
          "finished_monotonic_ns": 2955139406789,
          "finished_unix_ns": 1789463012414095078,
          "pid": 1490,
          "rss_bytes": 1540128768,
          "rss_limit_bytes": 20195630284,
          "started_monotonic_ns": 2955134088879,
          "started_unix_ns": 1789463012408777187,
          "swap_delta_bytes": 0,
          "swap_used_bytes": 0
        },
        {
          "errors": [],
          "finished_monotonic_ns": 2955523161666,
          "finished_unix_ns": 1789463012797849969,
          "pid": 1490,
          "rss_bytes": 1540128768,
          "rss_limit_bytes": 20195630284,
          "started_monotonic_ns": 2955518173653,
          "started_unix_ns": 1789463012792862034,
          "swap_delta_bytes": 0,
          "swap_used_bytes": 0
        },
        {
          "errors": [],
          "finished_monotonic_ns": 2956654614001,
          "finished_unix_ns": 1789463013929302264,
          "pid": 1490,
          "rss_bytes": 1540128768,
          "rss_limit_bytes": 20195630284,
          "started_monotonic_ns": 2956649524035,
          "started_unix_ns": 1789463013924212437,
          "swap_delta_bytes": 0,
          "swap_used_bytes": 0
        },
        {
          "errors": [],
          "finished_monotonic_ns": 2957787791173,
          "finished_unix_ns": 1789463015062479403,
          "pid": 1490,
          "rss_bytes": 1540128768,
          "rss_limit_bytes": 20195630284,
          "started_monotonic_ns": 2957782752787,
          "started_unix_ns": 1789463015057441047,
          "swap_delta_bytes": 0,
          "swap_used_bytes": 0
        },
        {
          "errors": [],
          "finished_monotonic_ns": 2958918596066,
          "finished_unix_ns": 1789463016193284387,
          "pid": 1490,
          "rss_bytes": 1540128768,
          "rss_limit_bytes": 20195630284,
          "started_monotonic_ns": 2958913368892,
          "started_unix_ns": 1789463016188057232,
          "swap_delta_bytes": 0,
          "swap_used_bytes": 0
        },
        {
          "errors": [],
          "finished_monotonic_ns": 2959523416582,
          "finished_unix_ns": 1789463016798104941,
          "pid": 1490,
          "rss_bytes": 1540128768,
          "rss_limit_bytes": 20195630284,
          "started_monotonic_ns": 2959518422153,
          "started_unix_ns": 1789463016793110541,
          "swap_delta_bytes": 0,
          "swap_used_bytes": 0
        },
        {
          "errors": [],
          "finished_monotonic_ns": 2959654849188,
          "finished_unix_ns": 1789463016929537565,
          "pid": 1490,
          "rss_bytes": 1540128768,
          "rss_limit_bytes": 20195630284,
          "started_monotonic_ns": 2959650117812,
          "started_unix_ns": 1789463016924806199,
          "swap_delta_bytes": 0,
          "swap_used_bytes": 0
        },
        {
          "errors": [],
          "finished_monotonic_ns": 2960701215987,
          "finished_unix_ns": 1789463017975904425,
          "pid": 1490,
          "rss_bytes": 1540128768,
          "rss_limit_bytes": 20195630284,
          "started_monotonic_ns": 2960696302108,
          "started_unix_ns": 1789463017970990332,
          "swap_delta_bytes": 0,
          "swap_used_bytes": 0
        },
        {
          "errors": [],
          "finished_monotonic_ns": 2961074077332,
          "finished_unix_ns": 1789463018348765325,
          "pid": 1490,
          "rss_bytes": 1540128768,
          "rss_limit_bytes": 20195630284,
          "started_monotonic_ns": 2961069212671,
          "started_unix_ns": 1789463018343901011,
          "swap_delta_bytes": 0,
          "swap_used_bytes": 0
        },
        {
          "errors": [],
          "finished_monotonic_ns": 2962209278611,
          "finished_unix_ns": 1789463019483966893,
          "pid": 1490,
          "rss_bytes": 1540128768,
          "rss_limit_bytes": 20195630284,
          "started_monotonic_ns": 2962204387422,
          "started_unix_ns": 1789463019479075789,
          "swap_delta_bytes": 0,
          "swap_used_bytes": 0
        },
        {
          "errors": [],
          "finished_monotonic_ns": 2963343112624,
          "finished_unix_ns": 1789463020617800774,
          "pid": 1490,
          "rss_bytes": 1540128768,
          "rss_limit_bytes": 20195630284,
          "started_monotonic_ns": 2963338039691,
          "started_unix_ns": 1789463020612728048,
          "swap_delta_bytes": 0,
          "swap_used_bytes": 0
        },
        {
          "errors": [],
          "finished_monotonic_ns": 2964479750742,
          "finished_unix_ns": 1789463021754439064,
          "pid": 1490,
          "rss_bytes": 1540128768,
          "rss_limit_bytes": 20195630284,
          "started_monotonic_ns": 2964474773648,
          "started_unix_ns": 1789463021749461998,
          "swap_delta_bytes": 0,
          "swap_used_bytes": 0
        },
        {
          "errors": [],
          "finished_monotonic_ns": 2965075128789,
          "finished_unix_ns": 1789463022349816989,
          "pid": 1490,
          "rss_bytes": 1540128768,
          "rss_limit_bytes": 20195630284,
          "started_monotonic_ns": 2965069386975,
          "started_unix_ns": 1789463022344075157,
          "swap_delta_bytes": 0,
          "swap_used_bytes": 0
        }
      ],
      "worker_index": 1
    },
    {
      "ready": {
        "mlx_active_bytes": 736786440,
        "mlx_cache_bytes": 7208,
        "mlx_peak_bytes": 736786440,
        "process_peak_rss_bytes": 1015287808,
        "recommended_working_set_bytes": 16106127360,
        "rss_limit_bytes": 20195630284,
        "startup_wall_seconds": 5.657278761999805,
        "swap_delta_limit_bytes": 268435456
      },
      "ready_observation": {
        "errors": [],
        "finished_monotonic_ns": 3044216800874,
        "finished_unix_ns": 1789463101491489350,
        "pid": 1953,
        "rss_bytes": 871444480,
        "rss_limit_bytes": 20195630284,
        "started_monotonic_ns": 3044212664874,
        "started_unix_ns": 1789463101487353329,
        "swap_delta_bytes": 0,
        "swap_used_bytes": 0
      },
      "samples": [
        {
          "errors": [],
          "finished_monotonic_ns": 3038313838846,
          "finished_unix_ns": 1789463095588527306,
          "pid": 1953,
          "rss_bytes": 4751360,
          "rss_limit_bytes": 20195630284,
          "started_monotonic_ns": 3038309634467,
          "started_unix_ns": 1789463095584322890,
          "swap_delta_bytes": 0,
          "swap_used_bytes": 0
        },
        {
          "errors": [],
          "finished_monotonic_ns": 3038599216260,
          "finished_unix_ns": 1789463095873904468,
          "pid": 1953,
          "rss_bytes": 241438720,
          "rss_limit_bytes": 20195630284,
          "started_monotonic_ns": 3038595047474,
          "started_unix_ns": 1789463095869735988,
          "swap_delta_bytes": 0,
          "swap_used_bytes": 0
        },
        {
          "errors": [],
          "finished_monotonic_ns": 3038887251879,
          "finished_unix_ns": 1789463096161940315,
          "pid": 1953,
          "rss_bytes": 305631232,
          "rss_limit_bytes": 20195630284,
          "started_monotonic_ns": 3038882989702,
          "started_unix_ns": 1789463096157678229,
          "swap_delta_bytes": 0,
          "swap_used_bytes": 0
        },
        {
          "errors": [],
          "finished_monotonic_ns": 3039179226476,
          "finished_unix_ns": 1789463096453914876,
          "pid": 1953,
          "rss_bytes": 445104128,
          "rss_limit_bytes": 20195630284,
          "started_monotonic_ns": 3039174782214,
          "started_unix_ns": 1789463096449470728,
          "swap_delta_bytes": 0,
          "swap_used_bytes": 0
        },
        {
          "errors": [],
          "finished_monotonic_ns": 3039466703081,
          "finished_unix_ns": 1789463096741391464,
          "pid": 1953,
          "rss_bytes": 481640448,
          "rss_limit_bytes": 20195630284,
          "started_monotonic_ns": 3039462407466,
          "started_unix_ns": 1789463096737095825,
          "swap_delta_bytes": 0,
          "swap_used_bytes": 0
        },
        {
          "errors": [],
          "finished_monotonic_ns": 3039743658768,
          "finished_unix_ns": 1789463097018347070,
          "pid": 1953,
          "rss_bytes": 497049600,
          "rss_limit_bytes": 20195630284,
          "started_monotonic_ns": 3039739268678,
          "started_unix_ns": 1789463097013957134,
          "swap_delta_bytes": 0,
          "swap_used_bytes": 0
        },
        {
          "errors": [],
          "finished_monotonic_ns": 3040039109249,
          "finished_unix_ns": 1789463097313797550,
          "pid": 1953,
          "rss_bytes": 500637696,
          "rss_limit_bytes": 20195630284,
          "started_monotonic_ns": 3040034838558,
          "started_unix_ns": 1789463097309526856,
          "swap_delta_bytes": 0,
          "swap_used_bytes": 0
        },
        {
          "errors": [],
          "finished_monotonic_ns": 3040325085136,
          "finished_unix_ns": 1789463097599773504,
          "pid": 1953,
          "rss_bytes": 502366208,
          "rss_limit_bytes": 20195630284,
          "started_monotonic_ns": 3040320669928,
          "started_unix_ns": 1789463097595358139,
          "swap_delta_bytes": 0,
          "swap_used_bytes": 0
        },
        {
          "errors": [],
          "finished_monotonic_ns": 3040609984886,
          "finished_unix_ns": 1789463097884673200,
          "pid": 1953,
          "rss_bytes": 516587520,
          "rss_limit_bytes": 20195630284,
          "started_monotonic_ns": 3040605647294,
          "started_unix_ns": 1789463097880335829,
          "swap_delta_bytes": 0,
          "swap_used_bytes": 0
        },
        {
          "errors": [],
          "finished_monotonic_ns": 3040875403293,
          "finished_unix_ns": 1789463098150091170,
          "pid": 1953,
          "rss_bytes": 539275264,
          "rss_limit_bytes": 20195630284,
          "started_monotonic_ns": 3040870472530,
          "started_unix_ns": 1789463098145160822,
          "swap_delta_bytes": 0,
          "swap_used_bytes": 0
        },
        {
          "errors": [],
          "finished_monotonic_ns": 3041159318980,
          "finished_unix_ns": 1789463098434007205,
          "pid": 1953,
          "rss_bytes": 698621952,
          "rss_limit_bytes": 20195630284,
          "started_monotonic_ns": 3041154102075,
          "started_unix_ns": 1789463098428790020,
          "swap_delta_bytes": 0,
          "swap_used_bytes": 0
        },
        {
          "errors": [],
          "finished_monotonic_ns": 3041456798755,
          "finished_unix_ns": 1789463098731487155,
          "pid": 1953,
          "rss_bytes": 796422144,
          "rss_limit_bytes": 20195630284,
          "started_monotonic_ns": 3041450854995,
          "started_unix_ns": 1789463098725543321,
          "swap_delta_bytes": 0,
          "swap_used_bytes": 0
        },
        {
          "errors": [],
          "finished_monotonic_ns": 3041743478375,
          "finished_unix_ns": 1789463099018166470,
          "pid": 1953,
          "rss_bytes": 762101760,
          "rss_limit_bytes": 20195630284,
          "started_monotonic_ns": 3041737754651,
          "started_unix_ns": 1789463099012443057,
          "swap_delta_bytes": 0,
          "swap_used_bytes": 0
        },
        {
          "errors": [],
          "finished_monotonic_ns": 3042029302342,
          "finished_unix_ns": 1789463099303990646,
          "pid": 1953,
          "rss_bytes": 703062016,
          "rss_limit_bytes": 20195630284,
          "started_monotonic_ns": 3042024289754,
          "started_unix_ns": 1789463099298978046,
          "swap_delta_bytes": 0,
          "swap_used_bytes": 0
        },
        {
          "errors": [],
          "finished_monotonic_ns": 3042312806649,
          "finished_unix_ns": 1789463099587494971,
          "pid": 1953,
          "rss_bytes": 960000000,
          "rss_limit_bytes": 20195630284,
          "started_monotonic_ns": 3042307479267,
          "started_unix_ns": 1789463099582167509,
          "swap_delta_bytes": 0,
          "swap_used_bytes": 0
        },
        {
          "errors": [],
          "finished_monotonic_ns": 3042597693175,
          "finished_unix_ns": 1789463099872381576,
          "pid": 1953,
          "rss_bytes": 862629888,
          "rss_limit_bytes": 20195630284,
          "started_monotonic_ns": 3042592328906,
          "started_unix_ns": 1789463099867017139,
          "swap_delta_bytes": 0,
          "swap_used_bytes": 0
        },
        {
          "errors": [],
          "finished_monotonic_ns": 3042883582906,
          "finished_unix_ns": 1789463100158271232,
          "pid": 1953,
          "rss_bytes": 850374656,
          "rss_limit_bytes": 20195630284,
          "started_monotonic_ns": 3042877862081,
          "started_unix_ns": 1789463100152550312,
          "swap_delta_bytes": 0,
          "swap_used_bytes": 0
        },
        {
          "errors": [],
          "finished_monotonic_ns": 3043173759622,
          "finished_unix_ns": 1789463100448447990,
          "pid": 1953,
          "rss_bytes": 883154944,
          "rss_limit_bytes": 20195630284,
          "started_monotonic_ns": 3043168259525,
          "started_unix_ns": 1789463100442947849,
          "swap_delta_bytes": 0,
          "swap_used_bytes": 0
        },
        {
          "errors": [],
          "finished_monotonic_ns": 3043463043967,
          "finished_unix_ns": 1789463100737732234,
          "pid": 1953,
          "rss_bytes": 980844544,
          "rss_limit_bytes": 20195630284,
          "started_monotonic_ns": 3043457349039,
          "started_unix_ns": 1789463100732037454,
          "swap_delta_bytes": 0,
          "swap_used_bytes": 0
        },
        {
          "errors": [],
          "finished_monotonic_ns": 3043748881787,
          "finished_unix_ns": 1789463101023570143,
          "pid": 1953,
          "rss_bytes": 994295808,
          "rss_limit_bytes": 20195630284,
          "started_monotonic_ns": 3043743661969,
          "started_unix_ns": 1789463101018350237,
          "swap_delta_bytes": 0,
          "swap_used_bytes": 0
        },
        {
          "errors": [],
          "finished_monotonic_ns": 3044034300161,
          "finished_unix_ns": 1789463101308988511,
          "pid": 1953,
          "rss_bytes": 949022720,
          "rss_limit_bytes": 20195630284,
          "started_monotonic_ns": 3044028986874,
          "started_unix_ns": 1789463101303675098,
          "swap_delta_bytes": 0,
          "swap_used_bytes": 0
        },
        {
          "errors": [],
          "finished_monotonic_ns": 3044216800874,
          "finished_unix_ns": 1789463101491489350,
          "pid": 1953,
          "rss_bytes": 871444480,
          "rss_limit_bytes": 20195630284,
          "started_monotonic_ns": 3044212664874,
          "started_unix_ns": 1789463101487353329,
          "swap_delta_bytes": 0,
          "swap_used_bytes": 0
        },
        {
          "errors": [],
          "finished_monotonic_ns": 3045454684001,
          "finished_unix_ns": 1789463102729372197,
          "pid": 1953,
          "rss_bytes": 871444480,
          "rss_limit_bytes": 20195630284,
          "started_monotonic_ns": 3045449767488,
          "started_unix_ns": 1789463102724455914,
          "swap_delta_bytes": 0,
          "swap_used_bytes": 0
        },
        {
          "errors": [],
          "finished_monotonic_ns": 3046556249048,
          "finished_unix_ns": 1789463103830937356,
          "pid": 1953,
          "rss_bytes": 871444480,
          "rss_limit_bytes": 20195630284,
          "started_monotonic_ns": 3046551670825,
          "started_unix_ns": 1789463103826359305,
          "swap_delta_bytes": 0,
          "swap_used_bytes": 0
        },
        {
          "errors": [],
          "finished_monotonic_ns": 3047642083445,
          "finished_unix_ns": 1789463104916771813,
          "pid": 1953,
          "rss_bytes": 871444480,
          "rss_limit_bytes": 20195630284,
          "started_monotonic_ns": 3047637706161,
          "started_unix_ns": 1789463104912394682,
          "swap_delta_bytes": 0,
          "swap_used_bytes": 0
        },
        {
          "errors": [],
          "finished_monotonic_ns": 3048455390045,
          "finished_unix_ns": 1789463105730078397,
          "pid": 1953,
          "rss_bytes": 871444480,
          "rss_limit_bytes": 20195630284,
          "started_monotonic_ns": 3048450983388,
          "started_unix_ns": 1789463105725671529,
          "swap_delta_bytes": 0,
          "swap_used_bytes": 0
        },
        {
          "errors": [],
          "finished_monotonic_ns": 3048740239188,
          "finished_unix_ns": 1789463106014927544,
          "pid": 1953,
          "rss_bytes": 871444480,
          "rss_limit_bytes": 20195630284,
          "started_monotonic_ns": 3048735848584,
          "started_unix_ns": 1789463106010537118,
          "swap_delta_bytes": 0,
          "swap_used_bytes": 0
        },
        {
          "errors": [],
          "finished_monotonic_ns": 3049828498567,
          "finished_unix_ns": 1789463107103186904,
          "pid": 1953,
          "rss_bytes": 871444480,
          "rss_limit_bytes": 20195630284,
          "started_monotonic_ns": 3049824164196,
          "started_unix_ns": 1789463107098852618,
          "swap_delta_bytes": 0,
          "swap_used_bytes": 0
        },
        {
          "errors": [],
          "finished_monotonic_ns": 3050914234725,
          "finished_unix_ns": 1789463108188922754,
          "pid": 1953,
          "rss_bytes": 871444480,
          "rss_limit_bytes": 20195630284,
          "started_monotonic_ns": 3050908766676,
          "started_unix_ns": 1789463108183455075,
          "swap_delta_bytes": 0,
          "swap_used_bytes": 0
        },
        {
          "errors": [],
          "finished_monotonic_ns": 3052000506688,
          "finished_unix_ns": 1789463109275195196,
          "pid": 1953,
          "rss_bytes": 871444480,
          "rss_limit_bytes": 20195630284,
          "started_monotonic_ns": 3051996234517,
          "started_unix_ns": 1789463109270922654,
          "swap_delta_bytes": 0,
          "swap_used_bytes": 0
        },
        {
          "errors": [],
          "finished_monotonic_ns": 3053085039174,
          "finished_unix_ns": 1789463110359727503,
          "pid": 1953,
          "rss_bytes": 871444480,
          "rss_limit_bytes": 20195630284,
          "started_monotonic_ns": 3053080658153,
          "started_unix_ns": 1789463110355346655,
          "swap_delta_bytes": 0,
          "swap_used_bytes": 0
        },
        {
          "errors": [],
          "finished_monotonic_ns": 3053740440807,
          "finished_unix_ns": 1789463111015128923,
          "pid": 1953,
          "rss_bytes": 871444480,
          "rss_limit_bytes": 20195630284,
          "started_monotonic_ns": 3053736099822,
          "started_unix_ns": 1789463111010788291,
          "swap_delta_bytes": 0,
          "swap_used_bytes": 0
        },
        {
          "errors": [],
          "finished_monotonic_ns": 3054023180965,
          "finished_unix_ns": 1789463111297869413,
          "pid": 1953,
          "rss_bytes": 871444480,
          "rss_limit_bytes": 20195630284,
          "started_monotonic_ns": 3054019079185,
          "started_unix_ns": 1789463111293767566,
          "swap_delta_bytes": 0,
          "swap_used_bytes": 0
        },
        {
          "errors": [],
          "finished_monotonic_ns": 3055108208394,
          "finished_unix_ns": 1789463112382896766,
          "pid": 1953,
          "rss_bytes": 871444480,
          "rss_limit_bytes": 20195630284,
          "started_monotonic_ns": 3055103783446,
          "started_unix_ns": 1789463112378471848,
          "swap_delta_bytes": 0,
          "swap_used_bytes": 0
        },
        {
          "errors": [],
          "finished_monotonic_ns": 3056194595003,
          "finished_unix_ns": 1789463113469283259,
          "pid": 1953,
          "rss_bytes": 871444480,
          "rss_limit_bytes": 20195630284,
          "started_monotonic_ns": 3056190146373,
          "started_unix_ns": 1789463113464834735,
          "swap_delta_bytes": 0,
          "swap_used_bytes": 0
        },
        {
          "errors": [],
          "finished_monotonic_ns": 3057285608868,
          "finished_unix_ns": 1789463114560297193,
          "pid": 1953,
          "rss_bytes": 871444480,
          "rss_limit_bytes": 20195630284,
          "started_monotonic_ns": 3057281484322,
          "started_unix_ns": 1789463114556172719,
          "swap_delta_bytes": 0,
          "swap_used_bytes": 0
        },
        {
          "errors": [],
          "finished_monotonic_ns": 3058368891249,
          "finished_unix_ns": 1789463115643579726,
          "pid": 1953,
          "rss_bytes": 871444480,
          "rss_limit_bytes": 20195630284,
          "started_monotonic_ns": 3058364583977,
          "started_unix_ns": 1789463115639272419,
          "swap_delta_bytes": 0,
          "swap_used_bytes": 0
        },
        {
          "errors": [],
          "finished_monotonic_ns": 3059023720976,
          "finished_unix_ns": 1789463116298409430,
          "pid": 1953,
          "rss_bytes": 871444480,
          "rss_limit_bytes": 20195630284,
          "started_monotonic_ns": 3059019282807,
          "started_unix_ns": 1789463116293971326,
          "swap_delta_bytes": 0,
          "swap_used_bytes": 0
        },
        {
          "errors": [],
          "finished_monotonic_ns": 3059299985939,
          "finished_unix_ns": 1789463116574674376,
          "pid": 1953,
          "rss_bytes": 871444480,
          "rss_limit_bytes": 20195630284,
          "started_monotonic_ns": 3059295817630,
          "started_unix_ns": 1789463116570506078,
          "swap_delta_bytes": 0,
          "swap_used_bytes": 0
        },
        {
          "errors": [],
          "finished_monotonic_ns": 3059583045399,
          "finished_unix_ns": 1789463116857733600,
          "pid": 1953,
          "rss_bytes": 871444480,
          "rss_limit_bytes": 20195630284,
          "started_monotonic_ns": 3059578738818,
          "started_unix_ns": 1789463116853426981,
          "swap_delta_bytes": 0,
          "swap_used_bytes": 0
        },
        {
          "errors": [],
          "finished_monotonic_ns": 3059666279474,
          "finished_unix_ns": 1789463116940967880,
          "pid": 1953,
          "rss_bytes": 871444480,
          "rss_limit_bytes": 20195630284,
          "started_monotonic_ns": 3059662225081,
          "started_unix_ns": 1789463116936913436,
          "swap_delta_bytes": 0,
          "swap_used_bytes": 0
        },
        {
          "errors": [],
          "finished_monotonic_ns": 3061715839483,
          "finished_unix_ns": 1789463118990527886,
          "pid": 1953,
          "rss_bytes": 1465200640,
          "rss_limit_bytes": 20195630284,
          "started_monotonic_ns": 3061710818851,
          "started_unix_ns": 1789463118985507141,
          "swap_delta_bytes": 0,
          "swap_used_bytes": 0
        },
        {
          "errors": [],
          "finished_monotonic_ns": 3062090155012,
          "finished_unix_ns": 1789463119364843345,
          "pid": 1953,
          "rss_bytes": 1465200640,
          "rss_limit_bytes": 20195630284,
          "started_monotonic_ns": 3062085378296,
          "started_unix_ns": 1789463119360066602,
          "swap_delta_bytes": 0,
          "swap_used_bytes": 0
        },
        {
          "errors": [],
          "finished_monotonic_ns": 3063230288464,
          "finished_unix_ns": 1789463120504976786,
          "pid": 1953,
          "rss_bytes": 1465200640,
          "rss_limit_bytes": 20195630284,
          "started_monotonic_ns": 3063225350367,
          "started_unix_ns": 1789463120500038644,
          "swap_delta_bytes": 0,
          "swap_used_bytes": 0
        },
        {
          "errors": [],
          "finished_monotonic_ns": 3064367695768,
          "finished_unix_ns": 1789463121642384101,
          "pid": 1953,
          "rss_bytes": 1465200640,
          "rss_limit_bytes": 20195630284,
          "started_monotonic_ns": 3064362842952,
          "started_unix_ns": 1789463121637531402,
          "swap_delta_bytes": 0,
          "swap_used_bytes": 0
        },
        {
          "errors": [],
          "finished_monotonic_ns": 3065505300293,
          "finished_unix_ns": 1789463122779988553,
          "pid": 1953,
          "rss_bytes": 1465200640,
          "rss_limit_bytes": 20195630284,
          "started_monotonic_ns": 3065500234953,
          "started_unix_ns": 1789463122774923277,
          "swap_delta_bytes": 0,
          "swap_used_bytes": 0
        },
        {
          "errors": [],
          "finished_monotonic_ns": 3066090591265,
          "finished_unix_ns": 1789463123365279655,
          "pid": 1953,
          "rss_bytes": 1465200640,
          "rss_limit_bytes": 20195630284,
          "started_monotonic_ns": 3066085473678,
          "started_unix_ns": 1789463123360161879,
          "swap_delta_bytes": 0,
          "swap_used_bytes": 0
        },
        {
          "errors": [],
          "finished_monotonic_ns": 3066243242659,
          "finished_unix_ns": 1789463123517931077,
          "pid": 1953,
          "rss_bytes": 1465200640,
          "rss_limit_bytes": 20195630284,
          "started_monotonic_ns": 3066238160854,
          "started_unix_ns": 1789463123512849218,
          "swap_delta_bytes": 0,
          "swap_used_bytes": 0
        },
        {
          "errors": [],
          "finished_monotonic_ns": 3067848229970,
          "finished_unix_ns": 1789463125122918338,
          "pid": 1953,
          "rss_bytes": 1530765312,
          "rss_limit_bytes": 20195630284,
          "started_monotonic_ns": 3067843307178,
          "started_unix_ns": 1789463125117995467,
          "swap_delta_bytes": 0,
          "swap_used_bytes": 0
        },
        {
          "errors": [],
          "finished_monotonic_ns": 3068224958043,
          "finished_unix_ns": 1789463125499646322,
          "pid": 1953,
          "rss_bytes": 1530765312,
          "rss_limit_bytes": 20195630284,
          "started_monotonic_ns": 3068220150660,
          "started_unix_ns": 1789463125494839001,
          "swap_delta_bytes": 0,
          "swap_used_bytes": 0
        },
        {
          "errors": [],
          "finished_monotonic_ns": 3069361798038,
          "finished_unix_ns": 1789463126636486377,
          "pid": 1953,
          "rss_bytes": 1530765312,
          "rss_limit_bytes": 20195630284,
          "started_monotonic_ns": 3069356709631,
          "started_unix_ns": 1789463126631397969,
          "swap_delta_bytes": 0,
          "swap_used_bytes": 0
        },
        {
          "errors": [],
          "finished_monotonic_ns": 3070502087138,
          "finished_unix_ns": 1789463127776775472,
          "pid": 1953,
          "rss_bytes": 1530765312,
          "rss_limit_bytes": 20195630284,
          "started_monotonic_ns": 3070497027923,
          "started_unix_ns": 1789463127771716355,
          "swap_delta_bytes": 0,
          "swap_used_bytes": 0
        },
        {
          "errors": [],
          "finished_monotonic_ns": 3071649232679,
          "finished_unix_ns": 1789463128923921084,
          "pid": 1953,
          "rss_bytes": 1530765312,
          "rss_limit_bytes": 20195630284,
          "started_monotonic_ns": 3071644087530,
          "started_unix_ns": 1789463128918775924,
          "swap_delta_bytes": 0,
          "swap_used_bytes": 0
        },
        {
          "errors": [],
          "finished_monotonic_ns": 3072225197057,
          "finished_unix_ns": 1789463129499885457,
          "pid": 1953,
          "rss_bytes": 1530765312,
          "rss_limit_bytes": 20195630284,
          "started_monotonic_ns": 3072220344696,
          "started_unix_ns": 1789463129495033064,
          "swap_delta_bytes": 0,
          "swap_used_bytes": 0
        },
        {
          "errors": [],
          "finished_monotonic_ns": 3072364475298,
          "finished_unix_ns": 1789463129639163662,
          "pid": 1953,
          "rss_bytes": 1530765312,
          "rss_limit_bytes": 20195630284,
          "started_monotonic_ns": 3072359719376,
          "started_unix_ns": 1789463129634407811,
          "swap_delta_bytes": 0,
          "swap_used_bytes": 0
        },
        {
          "errors": [],
          "finished_monotonic_ns": 3073869619110,
          "finished_unix_ns": 1789463131144307392,
          "pid": 1953,
          "rss_bytes": 1530851328,
          "rss_limit_bytes": 20195630284,
          "started_monotonic_ns": 3073864679331,
          "started_unix_ns": 1789463131139367685,
          "swap_delta_bytes": 0,
          "swap_used_bytes": 0
        },
        {
          "errors": [],
          "finished_monotonic_ns": 3074247286794,
          "finished_unix_ns": 1789463131521975175,
          "pid": 1953,
          "rss_bytes": 1530851328,
          "rss_limit_bytes": 20195630284,
          "started_monotonic_ns": 3074242386622,
          "started_unix_ns": 1789463131517074897,
          "swap_delta_bytes": 0,
          "swap_used_bytes": 0
        },
        {
          "errors": [],
          "finished_monotonic_ns": 3075389829464,
          "finished_unix_ns": 1789463132664517782,
          "pid": 1953,
          "rss_bytes": 1530851328,
          "rss_limit_bytes": 20195630284,
          "started_monotonic_ns": 3075384908286,
          "started_unix_ns": 1789463132659596507,
          "swap_delta_bytes": 0,
          "swap_used_bytes": 0
        },
        {
          "errors": [],
          "finished_monotonic_ns": 3076533056038,
          "finished_unix_ns": 1789463133807744317,
          "pid": 1953,
          "rss_bytes": 1530851328,
          "rss_limit_bytes": 20195630284,
          "started_monotonic_ns": 3076527714509,
          "started_unix_ns": 1789463133802402915,
          "swap_delta_bytes": 0,
          "swap_used_bytes": 0
        },
        {
          "errors": [],
          "finished_monotonic_ns": 3077676323162,
          "finished_unix_ns": 1789463134951011416,
          "pid": 1953,
          "rss_bytes": 1530851328,
          "rss_limit_bytes": 20195630284,
          "started_monotonic_ns": 3077671161097,
          "started_unix_ns": 1789463134945849379,
          "swap_delta_bytes": 0,
          "swap_used_bytes": 0
        },
        {
          "errors": [],
          "finished_monotonic_ns": 3078247418231,
          "finished_unix_ns": 1789463135522106504,
          "pid": 1953,
          "rss_bytes": 1530851328,
          "rss_limit_bytes": 20195630284,
          "started_monotonic_ns": 3078242551177,
          "started_unix_ns": 1789463135517239512,
          "swap_delta_bytes": 0,
          "swap_used_bytes": 0
        },
        {
          "errors": [],
          "finished_monotonic_ns": 3078386708961,
          "finished_unix_ns": 1789463135661397316,
          "pid": 1953,
          "rss_bytes": 1530851328,
          "rss_limit_bytes": 20195630284,
          "started_monotonic_ns": 3078382118593,
          "started_unix_ns": 1789463135656806888,
          "swap_delta_bytes": 0,
          "swap_used_bytes": 0
        },
        {
          "errors": [],
          "finished_monotonic_ns": 3079921653198,
          "finished_unix_ns": 1789463137196341467,
          "pid": 1953,
          "rss_bytes": 1531899904,
          "rss_limit_bytes": 20195630284,
          "started_monotonic_ns": 3079916893800,
          "started_unix_ns": 1789463137191582159,
          "swap_delta_bytes": 0,
          "swap_used_bytes": 0
        },
        {
          "errors": [],
          "finished_monotonic_ns": 3080298233588,
          "finished_unix_ns": 1789463137572921989,
          "pid": 1953,
          "rss_bytes": 1531899904,
          "rss_limit_bytes": 20195630284,
          "started_monotonic_ns": 3080293342721,
          "started_unix_ns": 1789463137568031003,
          "swap_delta_bytes": 0,
          "swap_used_bytes": 0
        },
        {
          "errors": [],
          "finished_monotonic_ns": 3081435697978,
          "finished_unix_ns": 1789463138710385947,
          "pid": 1953,
          "rss_bytes": 1531899904,
          "rss_limit_bytes": 20195630284,
          "started_monotonic_ns": 3081430577683,
          "started_unix_ns": 1789463138705266003,
          "swap_delta_bytes": 0,
          "swap_used_bytes": 0
        },
        {
          "errors": [],
          "finished_monotonic_ns": 3082580290312,
          "finished_unix_ns": 1789463139854978681,
          "pid": 1953,
          "rss_bytes": 1531899904,
          "rss_limit_bytes": 20195630284,
          "started_monotonic_ns": 3082575207512,
          "started_unix_ns": 1789463139849895883,
          "swap_delta_bytes": 0,
          "swap_used_bytes": 0
        },
        {
          "errors": [],
          "finished_monotonic_ns": 3083730464624,
          "finished_unix_ns": 1789463141005152928,
          "pid": 1953,
          "rss_bytes": 1531899904,
          "rss_limit_bytes": 20195630284,
          "started_monotonic_ns": 3083725376938,
          "started_unix_ns": 1789463141000065313,
          "swap_delta_bytes": 0,
          "swap_used_bytes": 0
        },
        {
          "errors": [],
          "finished_monotonic_ns": 3084298608253,
          "finished_unix_ns": 1789463141573296514,
          "pid": 1953,
          "rss_bytes": 1531899904,
          "rss_limit_bytes": 20195630284,
          "started_monotonic_ns": 3084293661689,
          "started_unix_ns": 1789463141568350001,
          "swap_delta_bytes": 0,
          "swap_used_bytes": 0
        },
        {
          "errors": [],
          "finished_monotonic_ns": 3084443542372,
          "finished_unix_ns": 1789463141718230742,
          "pid": 1953,
          "rss_bytes": 1531899904,
          "rss_limit_bytes": 20195630284,
          "started_monotonic_ns": 3084438656753,
          "started_unix_ns": 1789463141713345095,
          "swap_delta_bytes": 0,
          "swap_used_bytes": 0
        },
        {
          "errors": [],
          "finished_monotonic_ns": 3085982114323,
          "finished_unix_ns": 1789463143256802682,
          "pid": 1953,
          "rss_bytes": 1533169664,
          "rss_limit_bytes": 20195630284,
          "started_monotonic_ns": 3085977022257,
          "started_unix_ns": 1789463143251710545,
          "swap_delta_bytes": 0,
          "swap_used_bytes": 0
        },
        {
          "errors": [],
          "finished_monotonic_ns": 3086368013266,
          "finished_unix_ns": 1789463143642701491,
          "pid": 1953,
          "rss_bytes": 1533169664,
          "rss_limit_bytes": 20195630284,
          "started_monotonic_ns": 3086363250035,
          "started_unix_ns": 1789463143637938349,
          "swap_delta_bytes": 0,
          "swap_used_bytes": 0
        },
        {
          "errors": [],
          "finished_monotonic_ns": 3087508522209,
          "finished_unix_ns": 1789463144783210562,
          "pid": 1953,
          "rss_bytes": 1533169664,
          "rss_limit_bytes": 20195630284,
          "started_monotonic_ns": 3087503689861,
          "started_unix_ns": 1789463144778378151,
          "swap_delta_bytes": 0,
          "swap_used_bytes": 0
        },
        {
          "errors": [],
          "finished_monotonic_ns": 3088653118874,
          "finished_unix_ns": 1789463145927806878,
          "pid": 1953,
          "rss_bytes": 1533169664,
          "rss_limit_bytes": 20195630284,
          "started_monotonic_ns": 3088648142189,
          "started_unix_ns": 1789463145922830486,
          "swap_delta_bytes": 0,
          "swap_used_bytes": 0
        },
        {
          "errors": [],
          "finished_monotonic_ns": 3089797815338,
          "finished_unix_ns": 1789463147072503660,
          "pid": 1953,
          "rss_bytes": 1533169664,
          "rss_limit_bytes": 20195630284,
          "started_monotonic_ns": 3089792890180,
          "started_unix_ns": 1789463147067578374,
          "swap_delta_bytes": 0,
          "swap_used_bytes": 0
        },
        {
          "errors": [],
          "finished_monotonic_ns": 3090368203612,
          "finished_unix_ns": 1789463147642891911,
          "pid": 1953,
          "rss_bytes": 1533169664,
          "rss_limit_bytes": 20195630284,
          "started_monotonic_ns": 3090363423512,
          "started_unix_ns": 1789463147638111809,
          "swap_delta_bytes": 0,
          "swap_used_bytes": 0
        },
        {
          "errors": [],
          "finished_monotonic_ns": 3090507939777,
          "finished_unix_ns": 1789463147782628168,
          "pid": 1953,
          "rss_bytes": 1533169664,
          "rss_limit_bytes": 20195630284,
          "started_monotonic_ns": 3090502623737,
          "started_unix_ns": 1789463147777312088,
          "swap_delta_bytes": 0,
          "swap_used_bytes": 0
        },
        {
          "errors": [],
          "finished_monotonic_ns": 3092036664967,
          "finished_unix_ns": 1789463149311353382,
          "pid": 1953,
          "rss_bytes": 1534218240,
          "rss_limit_bytes": 20195630284,
          "started_monotonic_ns": 3092031710965,
          "started_unix_ns": 1789463149306399286,
          "swap_delta_bytes": 0,
          "swap_used_bytes": 0
        },
        {
          "errors": [],
          "finished_monotonic_ns": 3092422172956,
          "finished_unix_ns": 1789463149696861374,
          "pid": 1953,
          "rss_bytes": 1534218240,
          "rss_limit_bytes": 20195630284,
          "started_monotonic_ns": 3092417406177,
          "started_unix_ns": 1789463149692094448,
          "swap_delta_bytes": 0,
          "swap_used_bytes": 0
        },
        {
          "errors": [],
          "finished_monotonic_ns": 3093564571573,
          "finished_unix_ns": 1789463150839259917,
          "pid": 1953,
          "rss_bytes": 1534218240,
          "rss_limit_bytes": 20195630284,
          "started_monotonic_ns": 3093559473834,
          "started_unix_ns": 1789463150834162094,
          "swap_delta_bytes": 0,
          "swap_used_bytes": 0
        },
        {
          "errors": [],
          "finished_monotonic_ns": 3094708702078,
          "finished_unix_ns": 1789463151983390500,
          "pid": 1953,
          "rss_bytes": 1534218240,
          "rss_limit_bytes": 20195630284,
          "started_monotonic_ns": 3094703683363,
          "started_unix_ns": 1789463151978371665,
          "swap_delta_bytes": 0,
          "swap_used_bytes": 0
        },
        {
          "errors": [],
          "finished_monotonic_ns": 3095857827154,
          "finished_unix_ns": 1789463153132515406,
          "pid": 1953,
          "rss_bytes": 1534218240,
          "rss_limit_bytes": 20195630284,
          "started_monotonic_ns": 3095852523210,
          "started_unix_ns": 1789463153127211519,
          "swap_delta_bytes": 0,
          "swap_used_bytes": 0
        },
        {
          "errors": [],
          "finished_monotonic_ns": 3096422593631,
          "finished_unix_ns": 1789463153697281895,
          "pid": 1953,
          "rss_bytes": 1534218240,
          "rss_limit_bytes": 20195630284,
          "started_monotonic_ns": 3096417611678,
          "started_unix_ns": 1789463153692300036,
          "swap_delta_bytes": 0,
          "swap_used_bytes": 0
        },
        {
          "errors": [],
          "finished_monotonic_ns": 3096567547974,
          "finished_unix_ns": 1789463153842236244,
          "pid": 1953,
          "rss_bytes": 1534218240,
          "rss_limit_bytes": 20195630284,
          "started_monotonic_ns": 3096562699523,
          "started_unix_ns": 1789463153837387782,
          "swap_delta_bytes": 0,
          "swap_used_bytes": 0
        },
        {
          "errors": [],
          "finished_monotonic_ns": 3098123858406,
          "finished_unix_ns": 1789463155398546760,
          "pid": 1953,
          "rss_bytes": 1534218240,
          "rss_limit_bytes": 20195630284,
          "started_monotonic_ns": 3098119105766,
          "started_unix_ns": 1789463155393794140,
          "swap_delta_bytes": 0,
          "swap_used_bytes": 0
        },
        {
          "errors": [],
          "finished_monotonic_ns": 3098517006720,
          "finished_unix_ns": 1789463155791695113,
          "pid": 1953,
          "rss_bytes": 1534218240,
          "rss_limit_bytes": 20195630284,
          "started_monotonic_ns": 3098511973105,
          "started_unix_ns": 1789463155786661428,
          "swap_delta_bytes": 0,
          "swap_used_bytes": 0
        },
        {
          "errors": [],
          "finished_monotonic_ns": 3099665917883,
          "finished_unix_ns": 1789463156940606261,
          "pid": 1953,
          "rss_bytes": 1534218240,
          "rss_limit_bytes": 20195630284,
          "started_monotonic_ns": 3099661074484,
          "started_unix_ns": 1789463156935762857,
          "swap_delta_bytes": 0,
          "swap_used_bytes": 0
        },
        {
          "errors": [],
          "finished_monotonic_ns": 3100812702281,
          "finished_unix_ns": 1789463158087390626,
          "pid": 1953,
          "rss_bytes": 1534218240,
          "rss_limit_bytes": 20195630284,
          "started_monotonic_ns": 3100807746263,
          "started_unix_ns": 1789463158082434619,
          "swap_delta_bytes": 0,
          "swap_used_bytes": 0
        },
        {
          "errors": [],
          "finished_monotonic_ns": 3101959680084,
          "finished_unix_ns": 1789463159234368398,
          "pid": 1953,
          "rss_bytes": 1534218240,
          "rss_limit_bytes": 20195630284,
          "started_monotonic_ns": 3101954674266,
          "started_unix_ns": 1789463159229362511,
          "swap_delta_bytes": 0,
          "swap_used_bytes": 0
        },
        {
          "errors": [],
          "finished_monotonic_ns": 3102517176850,
          "finished_unix_ns": 1789463159791865173,
          "pid": 1953,
          "rss_bytes": 1534218240,
          "rss_limit_bytes": 20195630284,
          "started_monotonic_ns": 3102512202852,
          "started_unix_ns": 1789463159786891252,
          "swap_delta_bytes": 0,
          "swap_used_bytes": 0
        },
        {
          "errors": [],
          "finished_monotonic_ns": 3103664891162,
          "finished_unix_ns": 1789463160939579512,
          "pid": 1953,
          "rss_bytes": 1534218240,
          "rss_limit_bytes": 20195630284,
          "started_monotonic_ns": 3103659928370,
          "started_unix_ns": 1789463160934616656,
          "swap_delta_bytes": 0,
          "swap_used_bytes": 0
        },
        {
          "errors": [],
          "finished_monotonic_ns": 3104814201387,
          "finished_unix_ns": 1789463162088889588,
          "pid": 1953,
          "rss_bytes": 1534218240,
          "rss_limit_bytes": 20195630284,
          "started_monotonic_ns": 3104809123979,
          "started_unix_ns": 1789463162083812312,
          "swap_delta_bytes": 0,
          "swap_used_bytes": 0
        },
        {
          "errors": [],
          "finished_monotonic_ns": 3105961619446,
          "finished_unix_ns": 1789463163236307808,
          "pid": 1953,
          "rss_bytes": 1534218240,
          "rss_limit_bytes": 20195630284,
          "started_monotonic_ns": 3105956352602,
          "started_unix_ns": 1789463163231040924,
          "swap_delta_bytes": 0,
          "swap_used_bytes": 0
        },
        {
          "errors": [],
          "finished_monotonic_ns": 3106664970838,
          "finished_unix_ns": 1789463163939659131,
          "pid": 1953,
          "rss_bytes": 1534218240,
          "rss_limit_bytes": 20195630284,
          "started_monotonic_ns": 3106659942463,
          "started_unix_ns": 1789463163934630822,
          "swap_delta_bytes": 0,
          "swap_used_bytes": 0
        },
        {
          "errors": [],
          "finished_monotonic_ns": 3107811941640,
          "finished_unix_ns": 1789463165086630018,
          "pid": 1953,
          "rss_bytes": 1534218240,
          "rss_limit_bytes": 20195630284,
          "started_monotonic_ns": 3107807027979,
          "started_unix_ns": 1789463165081716378,
          "swap_delta_bytes": 0,
          "swap_used_bytes": 0
        },
        {
          "errors": [],
          "finished_monotonic_ns": 3108960060158,
          "finished_unix_ns": 1789463166234748406,
          "pid": 1953,
          "rss_bytes": 1534218240,
          "rss_limit_bytes": 20195630284,
          "started_monotonic_ns": 3108954894817,
          "started_unix_ns": 1789463166229583024,
          "swap_delta_bytes": 0,
          "swap_used_bytes": 0
        },
        {
          "errors": [],
          "finished_monotonic_ns": 3110105182701,
          "finished_unix_ns": 1789463167379870968,
          "pid": 1953,
          "rss_bytes": 1534218240,
          "rss_limit_bytes": 20195630284,
          "started_monotonic_ns": 3110100254564,
          "started_unix_ns": 1789463167374942854,
          "swap_delta_bytes": 0,
          "swap_used_bytes": 0
        },
        {
          "errors": [],
          "finished_monotonic_ns": 3110811655204,
          "finished_unix_ns": 1789463168086343406,
          "pid": 1953,
          "rss_bytes": 1534218240,
          "rss_limit_bytes": 20195630284,
          "started_monotonic_ns": 3110806688885,
          "started_unix_ns": 1789463168081377262,
          "swap_delta_bytes": 0,
          "swap_used_bytes": 0
        },
        {
          "errors": [],
          "finished_monotonic_ns": 3111963426940,
          "finished_unix_ns": 1789463169238115239,
          "pid": 1953,
          "rss_bytes": 1534218240,
          "rss_limit_bytes": 20195630284,
          "started_monotonic_ns": 3111958261442,
          "started_unix_ns": 1789463169232949697,
          "swap_delta_bytes": 0,
          "swap_used_bytes": 0
        },
        {
          "errors": [],
          "finished_monotonic_ns": 3113111428078,
          "finished_unix_ns": 1789463170386116397,
          "pid": 1953,
          "rss_bytes": 1534218240,
          "rss_limit_bytes": 20195630284,
          "started_monotonic_ns": 3113106337773,
          "started_unix_ns": 1789463170381026146,
          "swap_delta_bytes": 0,
          "swap_used_bytes": 0
        },
        {
          "errors": [],
          "finished_monotonic_ns": 3114260720546,
          "finished_unix_ns": 1789463171535408821,
          "pid": 1953,
          "rss_bytes": 1534218240,
          "rss_limit_bytes": 20195630284,
          "started_monotonic_ns": 3114255749407,
          "started_unix_ns": 1789463171530437752,
          "swap_delta_bytes": 0,
          "swap_used_bytes": 0
        },
        {
          "errors": [],
          "finished_monotonic_ns": 3114962837177,
          "finished_unix_ns": 1789463172237525515,
          "pid": 1953,
          "rss_bytes": 1534218240,
          "rss_limit_bytes": 20195630284,
          "started_monotonic_ns": 3114957729816,
          "started_unix_ns": 1789463172232417924,
          "swap_delta_bytes": 0,
          "swap_used_bytes": 0
        },
        {
          "errors": [],
          "finished_monotonic_ns": 3116116980402,
          "finished_unix_ns": 1789463173391668746,
          "pid": 1953,
          "rss_bytes": 1534218240,
          "rss_limit_bytes": 20195630284,
          "started_monotonic_ns": 3116111834540,
          "started_unix_ns": 1789463173386522854,
          "swap_delta_bytes": 0,
          "swap_used_bytes": 0
        },
        {
          "errors": [],
          "finished_monotonic_ns": 3117275548779,
          "finished_unix_ns": 1789463174550237081,
          "pid": 1953,
          "rss_bytes": 1534218240,
          "rss_limit_bytes": 20195630284,
          "started_monotonic_ns": 3117270723261,
          "started_unix_ns": 1789463174545411545,
          "swap_delta_bytes": 0,
          "swap_used_bytes": 0
        },
        {
          "errors": [],
          "finished_monotonic_ns": 3118426272341,
          "finished_unix_ns": 1789463175700960524,
          "pid": 1953,
          "rss_bytes": 1534218240,
          "rss_limit_bytes": 20195630284,
          "started_monotonic_ns": 3118421358462,
          "started_unix_ns": 1789463175696046868,
          "swap_delta_bytes": 0,
          "swap_used_bytes": 0
        },
        {
          "errors": [],
          "finished_monotonic_ns": 3119116596060,
          "finished_unix_ns": 1789463176391284365,
          "pid": 1953,
          "rss_bytes": 1534218240,
          "rss_limit_bytes": 20195630284,
          "started_monotonic_ns": 3119111625661,
          "started_unix_ns": 1789463176386314004,
          "swap_delta_bytes": 0,
          "swap_used_bytes": 0
        },
        {
          "errors": [],
          "finished_monotonic_ns": 3120266095036,
          "finished_unix_ns": 1789463177540783333,
          "pid": 1953,
          "rss_bytes": 1534218240,
          "rss_limit_bytes": 20195630284,
          "started_monotonic_ns": 3120261151532,
          "started_unix_ns": 1789463177535839902,
          "swap_delta_bytes": 0,
          "swap_used_bytes": 0
        },
        {
          "errors": [],
          "finished_monotonic_ns": 3121413713273,
          "finished_unix_ns": 1789463178688401666,
          "pid": 1953,
          "rss_bytes": 1534218240,
          "rss_limit_bytes": 20195630284,
          "started_monotonic_ns": 3121408854383,
          "started_unix_ns": 1789463178683542604,
          "swap_delta_bytes": 0,
          "swap_used_bytes": 0
        },
        {
          "errors": [],
          "finished_monotonic_ns": 3122561646551,
          "finished_unix_ns": 1789463179836334743,
          "pid": 1953,
          "rss_bytes": 1534218240,
          "rss_limit_bytes": 20195630284,
          "started_monotonic_ns": 3122556023583,
          "started_unix_ns": 1789463179830711897,
          "swap_delta_bytes": 0,
          "swap_used_bytes": 0
        },
        {
          "errors": [],
          "finished_monotonic_ns": 3123265765355,
          "finished_unix_ns": 1789463180540453708,
          "pid": 1953,
          "rss_bytes": 1534218240,
          "rss_limit_bytes": 20195630284,
          "started_monotonic_ns": 3123260881110,
          "started_unix_ns": 1789463180535569379,
          "swap_delta_bytes": 0,
          "swap_used_bytes": 0
        },
        {
          "errors": [],
          "finished_monotonic_ns": 3123416209138,
          "finished_unix_ns": 1789463180690897490,
          "pid": 1953,
          "rss_bytes": 1534218240,
          "rss_limit_bytes": 20195630284,
          "started_monotonic_ns": 3123411173722,
          "started_unix_ns": 1789463180685862051,
          "swap_delta_bytes": 0,
          "swap_used_bytes": 0
        },
        {
          "errors": [],
          "finished_monotonic_ns": 3124946834431,
          "finished_unix_ns": 1789463182221522646,
          "pid": 1953,
          "rss_bytes": 1535270912,
          "rss_limit_bytes": 20195630284,
          "started_monotonic_ns": 3124941816209,
          "started_unix_ns": 1789463182216504540,
          "swap_delta_bytes": 0,
          "swap_used_bytes": 0
        },
        {
          "errors": [],
          "finished_monotonic_ns": 3125341127538,
          "finished_unix_ns": 1789463182615815888,
          "pid": 1953,
          "rss_bytes": 1535270912,
          "rss_limit_bytes": 20195630284,
          "started_monotonic_ns": 3125336341438,
          "started_unix_ns": 1789463182611029838,
          "swap_delta_bytes": 0,
          "swap_used_bytes": 0
        },
        {
          "errors": [],
          "finished_monotonic_ns": 3126489008956,
          "finished_unix_ns": 1789463183763697263,
          "pid": 1953,
          "rss_bytes": 1535270912,
          "rss_limit_bytes": 20195630284,
          "started_monotonic_ns": 3126483810592,
          "started_unix_ns": 1789463183758498807,
          "swap_delta_bytes": 0,
          "swap_used_bytes": 0
        },
        {
          "errors": [],
          "finished_monotonic_ns": 3127642511272,
          "finished_unix_ns": 1789463184917199712,
          "pid": 1953,
          "rss_bytes": 1535270912,
          "rss_limit_bytes": 20195630284,
          "started_monotonic_ns": 3127637485733,
          "started_unix_ns": 1789463184912174079,
          "swap_delta_bytes": 0,
          "swap_used_bytes": 0
        },
        {
          "errors": [],
          "finished_monotonic_ns": 3128794553415,
          "finished_unix_ns": 1789463186069241648,
          "pid": 1953,
          "rss_bytes": 1535270912,
          "rss_limit_bytes": 20195630284,
          "started_monotonic_ns": 3128789300514,
          "started_unix_ns": 1789463186063988819,
          "swap_delta_bytes": 0,
          "swap_used_bytes": 0
        },
        {
          "errors": [],
          "finished_monotonic_ns": 3129341452642,
          "finished_unix_ns": 1789463186616140950,
          "pid": 1953,
          "rss_bytes": 1535270912,
          "rss_limit_bytes": 20195630284,
          "started_monotonic_ns": 3129336568471,
          "started_unix_ns": 1789463186611256719,
          "swap_delta_bytes": 0,
          "swap_used_bytes": 0
        },
        {
          "errors": [],
          "finished_monotonic_ns": 3129490968317,
          "finished_unix_ns": 1789463186765656687,
          "pid": 1953,
          "rss_bytes": 1535270912,
          "rss_limit_bytes": 20195630284,
          "started_monotonic_ns": 3129486099021,
          "started_unix_ns": 1789463186760787321,
          "swap_delta_bytes": 0,
          "swap_used_bytes": 0
        },
        {
          "errors": [],
          "finished_monotonic_ns": 3130978155820,
          "finished_unix_ns": 1789463188252844130,
          "pid": 1953,
          "rss_bytes": 1535270912,
          "rss_limit_bytes": 20195630284,
          "started_monotonic_ns": 3130973260236,
          "started_unix_ns": 1789463188247948665,
          "swap_delta_bytes": 0,
          "swap_used_bytes": 0
        },
        {
          "errors": [],
          "finished_monotonic_ns": 3131381129023,
          "finished_unix_ns": 1789463188655817321,
          "pid": 1953,
          "rss_bytes": 1535270912,
          "rss_limit_bytes": 20195630284,
          "started_monotonic_ns": 3131376339892,
          "started_unix_ns": 1789463188651028186,
          "swap_delta_bytes": 0,
          "swap_used_bytes": 0
        },
        {
          "errors": [],
          "finished_monotonic_ns": 3132534845917,
          "finished_unix_ns": 1789463189809534191,
          "pid": 1953,
          "rss_bytes": 1535270912,
          "rss_limit_bytes": 20195630284,
          "started_monotonic_ns": 3132529881023,
          "started_unix_ns": 1789463189804569419,
          "swap_delta_bytes": 0,
          "swap_used_bytes": 0
        },
        {
          "errors": [],
          "finished_monotonic_ns": 3133690750180,
          "finished_unix_ns": 1789463190965438547,
          "pid": 1953,
          "rss_bytes": 1535270912,
          "rss_limit_bytes": 20195630284,
          "started_monotonic_ns": 3133685671262,
          "started_unix_ns": 1789463190960359606,
          "swap_delta_bytes": 0,
          "swap_used_bytes": 0
        },
        {
          "errors": [],
          "finished_monotonic_ns": 3134841282236,
          "finished_unix_ns": 1789463192115970534,
          "pid": 1953,
          "rss_bytes": 1535270912,
          "rss_limit_bytes": 20195630284,
          "started_monotonic_ns": 3134836433099,
          "started_unix_ns": 1789463192111121257,
          "swap_delta_bytes": 0,
          "swap_used_bytes": 0
        },
        {
          "errors": [],
          "finished_monotonic_ns": 3135381656609,
          "finished_unix_ns": 1789463192656344931,
          "pid": 1953,
          "rss_bytes": 1535270912,
          "rss_limit_bytes": 20195630284,
          "started_monotonic_ns": 3135376683477,
          "started_unix_ns": 1789463192651371812,
          "swap_delta_bytes": 0,
          "swap_used_bytes": 0
        },
        {
          "errors": [],
          "finished_monotonic_ns": 3135535166221,
          "finished_unix_ns": 1789463192809854621,
          "pid": 1953,
          "rss_bytes": 1535270912,
          "rss_limit_bytes": 20195630284,
          "started_monotonic_ns": 3135530157307,
          "started_unix_ns": 1789463192804845606,
          "swap_delta_bytes": 0,
          "swap_used_bytes": 0
        },
        {
          "errors": [],
          "finished_monotonic_ns": 3137062665480,
          "finished_unix_ns": 1789463194337353732,
          "pid": 1953,
          "rss_bytes": 1535275008,
          "rss_limit_bytes": 20195630284,
          "started_monotonic_ns": 3137057619991,
          "started_unix_ns": 1789463194332308331,
          "swap_delta_bytes": 0,
          "swap_used_bytes": 0
        },
        {
          "errors": [],
          "finished_monotonic_ns": 3137478915479,
          "finished_unix_ns": 1789463194753603838,
          "pid": 1953,
          "rss_bytes": 1535275008,
          "rss_limit_bytes": 20195630284,
          "started_monotonic_ns": 3137474075522,
          "started_unix_ns": 1789463194748763554,
          "swap_delta_bytes": 0,
          "swap_used_bytes": 0
        },
        {
          "errors": [],
          "finished_monotonic_ns": 3138630889893,
          "finished_unix_ns": 1789463195905578175,
          "pid": 1953,
          "rss_bytes": 1535275008,
          "rss_limit_bytes": 20195630284,
          "started_monotonic_ns": 3138625754649,
          "started_unix_ns": 1789463195900443000,
          "swap_delta_bytes": 0,
          "swap_used_bytes": 0
        },
        {
          "errors": [],
          "finished_monotonic_ns": 3139783626264,
          "finished_unix_ns": 1789463197058314564,
          "pid": 1953,
          "rss_bytes": 1535275008,
          "rss_limit_bytes": 20195630284,
          "started_monotonic_ns": 3139778531644,
          "started_unix_ns": 1789463197053219998,
          "swap_delta_bytes": 0,
          "swap_used_bytes": 0
        },
        {
          "errors": [],
          "finished_monotonic_ns": 3140941932518,
          "finished_unix_ns": 1789463198216620664,
          "pid": 1953,
          "rss_bytes": 1535275008,
          "rss_limit_bytes": 20195630284,
          "started_monotonic_ns": 3140936849460,
          "started_unix_ns": 1789463198211537784,
          "swap_delta_bytes": 0,
          "swap_used_bytes": 0
        },
        {
          "errors": [],
          "finished_monotonic_ns": 3141479610327,
          "finished_unix_ns": 1789463198754298437,
          "pid": 1953,
          "rss_bytes": 1535275008,
          "rss_limit_bytes": 20195630284,
          "started_monotonic_ns": 3141474314296,
          "started_unix_ns": 1789463198749002677,
          "swap_delta_bytes": 0,
          "swap_used_bytes": 0
        },
        {
          "errors": [],
          "finished_monotonic_ns": 3141902341318,
          "finished_unix_ns": 1789463199177029675,
          "pid": 1953,
          "rss_bytes": 1535275008,
          "rss_limit_bytes": 20195630284,
          "started_monotonic_ns": 3141897442585,
          "started_unix_ns": 1789463199172130800,
          "swap_delta_bytes": 0,
          "swap_used_bytes": 0
        },
        {
          "errors": [],
          "finished_monotonic_ns": 3142321177633,
          "finished_unix_ns": 1789463199595865959,
          "pid": 1953,
          "rss_bytes": 1535275008,
          "rss_limit_bytes": 20195630284,
          "started_monotonic_ns": 3142316178458,
          "started_unix_ns": 1789463199590866771,
          "swap_delta_bytes": 0,
          "swap_used_bytes": 0
        },
        {
          "errors": [],
          "finished_monotonic_ns": 3143480419735,
          "finished_unix_ns": 1789463200755107929,
          "pid": 1953,
          "rss_bytes": 1535275008,
          "rss_limit_bytes": 20195630284,
          "started_monotonic_ns": 3143474933374,
          "started_unix_ns": 1789463200749621623,
          "swap_delta_bytes": 0,
          "swap_used_bytes": 0
        },
        {
          "errors": [],
          "finished_monotonic_ns": 3144636013974,
          "finished_unix_ns": 1789463201910702211,
          "pid": 1953,
          "rss_bytes": 1535275008,
          "rss_limit_bytes": 20195630284,
          "started_monotonic_ns": 3144630909296,
          "started_unix_ns": 1789463201905597632,
          "swap_delta_bytes": 0,
          "swap_used_bytes": 0
        },
        {
          "errors": [],
          "finished_monotonic_ns": 3145791078409,
          "finished_unix_ns": 1789463203065766674,
          "pid": 1953,
          "rss_bytes": 1535275008,
          "rss_limit_bytes": 20195630284,
          "started_monotonic_ns": 3145786051275,
          "started_unix_ns": 1789463203060739610,
          "swap_delta_bytes": 0,
          "swap_used_bytes": 0
        },
        {
          "errors": [],
          "finished_monotonic_ns": 3146946544911,
          "finished_unix_ns": 1789463204221233215,
          "pid": 1953,
          "rss_bytes": 1535275008,
          "rss_limit_bytes": 20195630284,
          "started_monotonic_ns": 3146941502694,
          "started_unix_ns": 1789463204216191076,
          "swap_delta_bytes": 0,
          "swap_used_bytes": 0
        },
        {
          "errors": [],
          "finished_monotonic_ns": 3147321251426,
          "finished_unix_ns": 1789463204595939694,
          "pid": 1953,
          "rss_bytes": 1535275008,
          "rss_limit_bytes": 20195630284,
          "started_monotonic_ns": 3147316378891,
          "started_unix_ns": 1789463204591067130,
          "swap_delta_bytes": 0,
          "swap_used_bytes": 0
        },
        {
          "errors": [],
          "finished_monotonic_ns": 3147735858098,
          "finished_unix_ns": 1789463205010546385,
          "pid": 1953,
          "rss_bytes": 1535275008,
          "rss_limit_bytes": 20195630284,
          "started_monotonic_ns": 3147730832469,
          "started_unix_ns": 1789463205005520780,
          "swap_delta_bytes": 0,
          "swap_used_bytes": 0
        },
        {
          "errors": [],
          "finished_monotonic_ns": 3148892256804,
          "finished_unix_ns": 1789463206166945107,
          "pid": 1953,
          "rss_bytes": 1535275008,
          "rss_limit_bytes": 20195630284,
          "started_monotonic_ns": 3148887208269,
          "started_unix_ns": 1789463206161896577,
          "swap_delta_bytes": 0,
          "swap_used_bytes": 0
        },
        {
          "errors": [],
          "finished_monotonic_ns": 3150047303939,
          "finished_unix_ns": 1789463207321992262,
          "pid": 1953,
          "rss_bytes": 1535275008,
          "rss_limit_bytes": 20195630284,
          "started_monotonic_ns": 3150042164014,
          "started_unix_ns": 1789463207316852414,
          "swap_delta_bytes": 0,
          "swap_used_bytes": 0
        },
        {
          "errors": [],
          "finished_monotonic_ns": 3151200391116,
          "finished_unix_ns": 1789463208475079452,
          "pid": 1953,
          "rss_bytes": 1535275008,
          "rss_limit_bytes": 20195630284,
          "started_monotonic_ns": 3151195379203,
          "started_unix_ns": 1789463208470067638,
          "swap_delta_bytes": 0,
          "swap_used_bytes": 0
        },
        {
          "errors": [],
          "finished_monotonic_ns": 3152355118108,
          "finished_unix_ns": 1789463209629806479,
          "pid": 1953,
          "rss_bytes": 1535275008,
          "rss_limit_bytes": 20195630284,
          "started_monotonic_ns": 3152349931119,
          "started_unix_ns": 1789463209624619540,
          "swap_delta_bytes": 0,
          "swap_used_bytes": 0
        },
        {
          "errors": [],
          "finished_monotonic_ns": 3152735818845,
          "finished_unix_ns": 1789463210010507218,
          "pid": 1953,
          "rss_bytes": 1535275008,
          "rss_limit_bytes": 20195630284,
          "started_monotonic_ns": 3152730940432,
          "started_unix_ns": 1789463210005628569,
          "swap_delta_bytes": 0,
          "swap_used_bytes": 0
        },
        {
          "errors": [],
          "finished_monotonic_ns": 3153155733770,
          "finished_unix_ns": 1789463210430422202,
          "pid": 1953,
          "rss_bytes": 1535275008,
          "rss_limit_bytes": 20195630284,
          "started_monotonic_ns": 3153150886476,
          "started_unix_ns": 1789463210425574874,
          "swap_delta_bytes": 0,
          "swap_used_bytes": 0
        },
        {
          "errors": [],
          "finished_monotonic_ns": 3153577855176,
          "finished_unix_ns": 1789463210852543531,
          "pid": 1953,
          "rss_bytes": 1535275008,
          "rss_limit_bytes": 20195630284,
          "started_monotonic_ns": 3153573098410,
          "started_unix_ns": 1789463210847786793,
          "swap_delta_bytes": 0,
          "swap_used_bytes": 0
        },
        {
          "errors": [],
          "finished_monotonic_ns": 3153730432463,
          "finished_unix_ns": 1789463211005120819,
          "pid": 1953,
          "rss_bytes": 1535275008,
          "rss_limit_bytes": 20195630284,
          "started_monotonic_ns": 3153725612941,
          "started_unix_ns": 1789463211000301272,
          "swap_delta_bytes": 0,
          "swap_used_bytes": 0
        },
        {
          "errors": [],
          "finished_monotonic_ns": 3154835179996,
          "finished_unix_ns": 1789463212109868336,
          "pid": 1953,
          "rss_bytes": 1536319488,
          "rss_limit_bytes": 20195630284,
          "started_monotonic_ns": 3154830184518,
          "started_unix_ns": 1789463212104872861,
          "swap_delta_bytes": 0,
          "swap_used_bytes": 0
        },
        {
          "errors": [],
          "finished_monotonic_ns": 3155260753632,
          "finished_unix_ns": 1789463212535442020,
          "pid": 1953,
          "rss_bytes": 1536319488,
          "rss_limit_bytes": 20195630284,
          "started_monotonic_ns": 3155255584147,
          "started_unix_ns": 1789463212530272435,
          "swap_delta_bytes": 0,
          "swap_used_bytes": 0
        },
        {
          "errors": [],
          "finished_monotonic_ns": 3156417321088,
          "finished_unix_ns": 1789463213692009396,
          "pid": 1953,
          "rss_bytes": 1536319488,
          "rss_limit_bytes": 20195630284,
          "started_monotonic_ns": 3156412122871,
          "started_unix_ns": 1789463213686811172,
          "swap_delta_bytes": 0,
          "swap_used_bytes": 0
        },
        {
          "errors": [],
          "finished_monotonic_ns": 3157573765404,
          "finished_unix_ns": 1789463214848453759,
          "pid": 1953,
          "rss_bytes": 1536319488,
          "rss_limit_bytes": 20195630284,
          "started_monotonic_ns": 3157568686472,
          "started_unix_ns": 1789463214843374788,
          "swap_delta_bytes": 0,
          "swap_used_bytes": 0
        },
        {
          "errors": [],
          "finished_monotonic_ns": 3158736760989,
          "finished_unix_ns": 1789463216011449365,
          "pid": 1953,
          "rss_bytes": 1536319488,
          "rss_limit_bytes": 20195630284,
          "started_monotonic_ns": 3158731597729,
          "started_unix_ns": 1789463216006286028,
          "swap_delta_bytes": 0,
          "swap_used_bytes": 0
        },
        {
          "errors": [],
          "finished_monotonic_ns": 3159260928038,
          "finished_unix_ns": 1789463216535615944,
          "pid": 1953,
          "rss_bytes": 1536319488,
          "rss_limit_bytes": 20195630284,
          "started_monotonic_ns": 3159255800125,
          "started_unix_ns": 1789463216530488291,
          "swap_delta_bytes": 0,
          "swap_used_bytes": 0
        },
        {
          "errors": [],
          "finished_monotonic_ns": 3159412048903,
          "finished_unix_ns": 1789463216686737244,
          "pid": 1953,
          "rss_bytes": 1536319488,
          "rss_limit_bytes": 20195630284,
          "started_monotonic_ns": 3159407465811,
          "started_unix_ns": 1789463216682154218,
          "swap_delta_bytes": 0,
          "swap_used_bytes": 0
        },
        {
          "errors": [],
          "finished_monotonic_ns": 3160525957191,
          "finished_unix_ns": 1789463217800645622,
          "pid": 1953,
          "rss_bytes": 1536323584,
          "rss_limit_bytes": 20195630284,
          "started_monotonic_ns": 3160520941158,
          "started_unix_ns": 1789463217795629505,
          "swap_delta_bytes": 0,
          "swap_used_bytes": 0
        },
        {
          "errors": [],
          "finished_monotonic_ns": 3160964721577,
          "finished_unix_ns": 1789463218239409922,
          "pid": 1953,
          "rss_bytes": 1536323584,
          "rss_limit_bytes": 20195630284,
          "started_monotonic_ns": 3160959934323,
          "started_unix_ns": 1789463218234622604,
          "swap_delta_bytes": 0,
          "swap_used_bytes": 0
        },
        {
          "errors": [],
          "finished_monotonic_ns": 3162122423290,
          "finished_unix_ns": 1789463219397111550,
          "pid": 1953,
          "rss_bytes": 1536323584,
          "rss_limit_bytes": 20195630284,
          "started_monotonic_ns": 3162117224765,
          "started_unix_ns": 1789463219391912852,
          "swap_delta_bytes": 0,
          "swap_used_bytes": 0
        },
        {
          "errors": [],
          "finished_monotonic_ns": 3163283392321,
          "finished_unix_ns": 1789463220558080696,
          "pid": 1953,
          "rss_bytes": 1536323584,
          "rss_limit_bytes": 20195630284,
          "started_monotonic_ns": 3163278517695,
          "started_unix_ns": 1789463220553206072,
          "swap_delta_bytes": 0,
          "swap_used_bytes": 0
        },
        {
          "errors": [],
          "finished_monotonic_ns": 3164443434989,
          "finished_unix_ns": 1789463221718123313,
          "pid": 1953,
          "rss_bytes": 1536323584,
          "rss_limit_bytes": 20195630284,
          "started_monotonic_ns": 3164438411478,
          "started_unix_ns": 1789463221713099792,
          "swap_delta_bytes": 0,
          "swap_used_bytes": 0
        },
        {
          "errors": [],
          "finished_monotonic_ns": 3164965134112,
          "finished_unix_ns": 1789463222239822447,
          "pid": 1953,
          "rss_bytes": 1536323584,
          "rss_limit_bytes": 20195630284,
          "started_monotonic_ns": 3164960198894,
          "started_unix_ns": 1789463222234887197,
          "swap_delta_bytes": 0,
          "swap_used_bytes": 0
        },
        {
          "errors": [],
          "finished_monotonic_ns": 3165124033424,
          "finished_unix_ns": 1789463222398721731,
          "pid": 1953,
          "rss_bytes": 1536323584,
          "rss_limit_bytes": 20195630284,
          "started_monotonic_ns": 3165119224356,
          "started_unix_ns": 1789463222393912427,
          "swap_delta_bytes": 0,
          "swap_used_bytes": 0
        },
        {
          "errors": [],
          "finished_monotonic_ns": 3166243037948,
          "finished_unix_ns": 1789463223517726296,
          "pid": 1953,
          "rss_bytes": 1536323584,
          "rss_limit_bytes": 20195630284,
          "started_monotonic_ns": 3166238112874,
          "started_unix_ns": 1789463223512801213,
          "swap_delta_bytes": 0,
          "swap_used_bytes": 0
        },
        {
          "errors": [],
          "finished_monotonic_ns": 3166668278645,
          "finished_unix_ns": 1789463223942966885,
          "pid": 1953,
          "rss_bytes": 1536323584,
          "rss_limit_bytes": 20195630284,
          "started_monotonic_ns": 3166663383377,
          "started_unix_ns": 1789463223938071760,
          "swap_delta_bytes": 0,
          "swap_used_bytes": 0
        },
        {
          "errors": [],
          "finished_monotonic_ns": 3167831273050,
          "finished_unix_ns": 1789463225105961396,
          "pid": 1953,
          "rss_bytes": 1536323584,
          "rss_limit_bytes": 20195630284,
          "started_monotonic_ns": 3167826380905,
          "started_unix_ns": 1789463225101069155,
          "swap_delta_bytes": 0,
          "swap_used_bytes": 0
        },
        {
          "errors": [],
          "finished_monotonic_ns": 3168988118957,
          "finished_unix_ns": 1789463226262807204,
          "pid": 1953,
          "rss_bytes": 1536323584,
          "rss_limit_bytes": 20195630284,
          "started_monotonic_ns": 3168983196124,
          "started_unix_ns": 1789463226257884281,
          "swap_delta_bytes": 0,
          "swap_used_bytes": 0
        },
        {
          "errors": [],
          "finished_monotonic_ns": 3170152417892,
          "finished_unix_ns": 1789463227427106264,
          "pid": 1953,
          "rss_bytes": 1536323584,
          "rss_limit_bytes": 20195630284,
          "started_monotonic_ns": 3170147391867,
          "started_unix_ns": 1789463227422080196,
          "swap_delta_bytes": 0,
          "swap_used_bytes": 0
        },
        {
          "errors": [],
          "finished_monotonic_ns": 3170668369241,
          "finished_unix_ns": 1789463227943057559,
          "pid": 1953,
          "rss_bytes": 1536323584,
          "rss_limit_bytes": 20195630284,
          "started_monotonic_ns": 3170663426228,
          "started_unix_ns": 1789463227938114562,
          "swap_delta_bytes": 0,
          "swap_used_bytes": 0
        },
        {
          "errors": [],
          "finished_monotonic_ns": 3170830757525,
          "finished_unix_ns": 1789463228105445832,
          "pid": 1953,
          "rss_bytes": 1536323584,
          "rss_limit_bytes": 20195630284,
          "started_monotonic_ns": 3170825736823,
          "started_unix_ns": 1789463228100425121,
          "swap_delta_bytes": 0,
          "swap_used_bytes": 0
        },
        {
          "errors": [],
          "finished_monotonic_ns": 3171941674366,
          "finished_unix_ns": 1789463229216362806,
          "pid": 1953,
          "rss_bytes": 1536323584,
          "rss_limit_bytes": 20195630284,
          "started_monotonic_ns": 3171936822229,
          "started_unix_ns": 1789463229211510600,
          "swap_delta_bytes": 0,
          "swap_used_bytes": 0
        },
        {
          "errors": [],
          "finished_monotonic_ns": 3172382046338,
          "finished_unix_ns": 1789463229656734699,
          "pid": 1953,
          "rss_bytes": 1536323584,
          "rss_limit_bytes": 20195630284,
          "started_monotonic_ns": 3172377026898,
          "started_unix_ns": 1789463229651715218,
          "swap_delta_bytes": 0,
          "swap_used_bytes": 0
        },
        {
          "errors": [],
          "finished_monotonic_ns": 3173543304536,
          "finished_unix_ns": 1789463230817992921,
          "pid": 1953,
          "rss_bytes": 1536323584,
          "rss_limit_bytes": 20195630284,
          "started_monotonic_ns": 3173538011303,
          "started_unix_ns": 1789463230812699589,
          "swap_delta_bytes": 0,
          "swap_used_bytes": 0
        },
        {
          "errors": [],
          "finished_monotonic_ns": 3174706749940,
          "finished_unix_ns": 1789463231981438211,
          "pid": 1953,
          "rss_bytes": 1536323584,
          "rss_limit_bytes": 20195630284,
          "started_monotonic_ns": 3174701728032,
          "started_unix_ns": 1789463231976416406,
          "swap_delta_bytes": 0,
          "swap_used_bytes": 0
        },
        {
          "errors": [],
          "finished_monotonic_ns": 3175869564518,
          "finished_unix_ns": 1789463233144252848,
          "pid": 1953,
          "rss_bytes": 1536323584,
          "rss_limit_bytes": 20195630284,
          "started_monotonic_ns": 3175864636782,
          "started_unix_ns": 1789463233139325152,
          "swap_delta_bytes": 0,
          "swap_used_bytes": 0
        },
        {
          "errors": [],
          "finished_monotonic_ns": 3176382212914,
          "finished_unix_ns": 1789463233656901268,
          "pid": 1953,
          "rss_bytes": 1536323584,
          "rss_limit_bytes": 20195630284,
          "started_monotonic_ns": 3176377123160,
          "started_unix_ns": 1789463233651811585,
          "swap_delta_bytes": 0,
          "swap_used_bytes": 0
        },
        {
          "errors": [],
          "finished_monotonic_ns": 3176542245399,
          "finished_unix_ns": 1789463233816933790,
          "pid": 1953,
          "rss_bytes": 1536323584,
          "rss_limit_bytes": 20195630284,
          "started_monotonic_ns": 3176537045606,
          "started_unix_ns": 1789463233811733929,
          "swap_delta_bytes": 0,
          "swap_used_bytes": 0
        },
        {
          "errors": [],
          "finished_monotonic_ns": 3177696551801,
          "finished_unix_ns": 1789463234971240180,
          "pid": 1953,
          "rss_bytes": 1536323584,
          "rss_limit_bytes": 20195630284,
          "started_monotonic_ns": 3177691718320,
          "started_unix_ns": 1789463234966406631,
          "swap_delta_bytes": 0,
          "swap_used_bytes": 0
        },
        {
          "errors": [],
          "finished_monotonic_ns": 3178139496869,
          "finished_unix_ns": 1789463235414185207,
          "pid": 1953,
          "rss_bytes": 1536323584,
          "rss_limit_bytes": 20195630284,
          "started_monotonic_ns": 3178134572811,
          "started_unix_ns": 1789463235409261073,
          "swap_delta_bytes": 0,
          "swap_used_bytes": 0
        },
        {
          "errors": [],
          "finished_monotonic_ns": 3179303541172,
          "finished_unix_ns": 1789463236578229520,
          "pid": 1953,
          "rss_bytes": 1536323584,
          "rss_limit_bytes": 20195630284,
          "started_monotonic_ns": 3179298121862,
          "started_unix_ns": 1789463236572810156,
          "swap_delta_bytes": 0,
          "swap_used_bytes": 0
        },
        {
          "errors": [],
          "finished_monotonic_ns": 3180476604657,
          "finished_unix_ns": 1789463237751293048,
          "pid": 1953,
          "rss_bytes": 1536323584,
          "rss_limit_bytes": 20195630284,
          "started_monotonic_ns": 3180471487997,
          "started_unix_ns": 1789463237746176330,
          "swap_delta_bytes": 0,
          "swap_used_bytes": 0
        },
        {
          "errors": [],
          "finished_monotonic_ns": 3181642048385,
          "finished_unix_ns": 1789463238916736706,
          "pid": 1953,
          "rss_bytes": 1536323584,
          "rss_limit_bytes": 20195630284,
          "started_monotonic_ns": 3181636803849,
          "started_unix_ns": 1789463238911491836,
          "swap_delta_bytes": 0,
          "swap_used_bytes": 0
        },
        {
          "errors": [],
          "finished_monotonic_ns": 3182139859112,
          "finished_unix_ns": 1789463239414547509,
          "pid": 1953,
          "rss_bytes": 1536323584,
          "rss_limit_bytes": 20195630284,
          "started_monotonic_ns": 3182134799541,
          "started_unix_ns": 1789463239409487611,
          "swap_delta_bytes": 0,
          "swap_used_bytes": 0
        },
        {
          "errors": [],
          "finished_monotonic_ns": 3182302200807,
          "finished_unix_ns": 1789463239576888916,
          "pid": 1953,
          "rss_bytes": 1536323584,
          "rss_limit_bytes": 20195630284,
          "started_monotonic_ns": 3182296957968,
          "started_unix_ns": 1789463239571646303,
          "swap_delta_bytes": 0,
          "swap_used_bytes": 0
        },
        {
          "errors": [],
          "finished_monotonic_ns": 3183467574410,
          "finished_unix_ns": 1789463240742262776,
          "pid": 1953,
          "rss_bytes": 1536323584,
          "rss_limit_bytes": 20195630284,
          "started_monotonic_ns": 3183462643252,
          "started_unix_ns": 1789463240737331634,
          "swap_delta_bytes": 0,
          "swap_used_bytes": 0
        },
        {
          "errors": [],
          "finished_monotonic_ns": 3183908129360,
          "finished_unix_ns": 1789463241182817720,
          "pid": 1953,
          "rss_bytes": 1536323584,
          "rss_limit_bytes": 20195630284,
          "started_monotonic_ns": 3183903100022,
          "started_unix_ns": 1789463241177788346,
          "swap_delta_bytes": 0,
          "swap_used_bytes": 0
        },
        {
          "errors": [],
          "finished_monotonic_ns": 3185069312471,
          "finished_unix_ns": 1789463242344000812,
          "pid": 1953,
          "rss_bytes": 1536323584,
          "rss_limit_bytes": 20195630284,
          "started_monotonic_ns": 3185064179632,
          "started_unix_ns": 1789463242338868034,
          "swap_delta_bytes": 0,
          "swap_used_bytes": 0
        },
        {
          "errors": [],
          "finished_monotonic_ns": 3186233135962,
          "finished_unix_ns": 1789463243507824297,
          "pid": 1953,
          "rss_bytes": 1536323584,
          "rss_limit_bytes": 20195630284,
          "started_monotonic_ns": 3186227806300,
          "started_unix_ns": 1789463243502494544,
          "swap_delta_bytes": 0,
          "swap_used_bytes": 0
        },
        {
          "errors": [],
          "finished_monotonic_ns": 3187399145109,
          "finished_unix_ns": 1789463244673833388,
          "pid": 1953,
          "rss_bytes": 1536323584,
          "rss_limit_bytes": 20195630284,
          "started_monotonic_ns": 3187394172512,
          "started_unix_ns": 1789463244668860852,
          "swap_delta_bytes": 0,
          "swap_used_bytes": 0
        },
        {
          "errors": [],
          "finished_monotonic_ns": 3187908196268,
          "finished_unix_ns": 1789463245182884520,
          "pid": 1953,
          "rss_bytes": 1536323584,
          "rss_limit_bytes": 20195630284,
          "started_monotonic_ns": 3187903211490,
          "started_unix_ns": 1789463245177899837,
          "swap_delta_bytes": 0,
          "swap_used_bytes": 0
        },
        {
          "errors": [],
          "finished_monotonic_ns": 3188040830416,
          "finished_unix_ns": 1789463245315518915,
          "pid": 1953,
          "rss_bytes": 1536323584,
          "rss_limit_bytes": 20195630284,
          "started_monotonic_ns": 3188036593207,
          "started_unix_ns": 1789463245311281569,
          "swap_delta_bytes": 0,
          "swap_used_bytes": 0
        },
        {
          "errors": [],
          "finished_monotonic_ns": 3189119290124,
          "finished_unix_ns": 1789463246393978391,
          "pid": 1953,
          "rss_bytes": 1536323584,
          "rss_limit_bytes": 20195630284,
          "started_monotonic_ns": 3189114260795,
          "started_unix_ns": 1789463246388949162,
          "swap_delta_bytes": 0,
          "swap_used_bytes": 0
        },
        {
          "errors": [],
          "finished_monotonic_ns": 3189563312064,
          "finished_unix_ns": 1789463246838000469,
          "pid": 1953,
          "rss_bytes": 1536323584,
          "rss_limit_bytes": 20195630284,
          "started_monotonic_ns": 3189558448445,
          "started_unix_ns": 1789463246833136733,
          "swap_delta_bytes": 0,
          "swap_used_bytes": 0
        },
        {
          "errors": [],
          "finished_monotonic_ns": 3190728718708,
          "finished_unix_ns": 1789463248003406940,
          "pid": 1953,
          "rss_bytes": 1536323584,
          "rss_limit_bytes": 20195630284,
          "started_monotonic_ns": 3190723635547,
          "started_unix_ns": 1789463247998323682,
          "swap_delta_bytes": 0,
          "swap_used_bytes": 0
        },
        {
          "errors": [],
          "finished_monotonic_ns": 3191894353859,
          "finished_unix_ns": 1789463249169042136,
          "pid": 1953,
          "rss_bytes": 1536323584,
          "rss_limit_bytes": 20195630284,
          "started_monotonic_ns": 3191889187628,
          "started_unix_ns": 1789463249163876008,
          "swap_delta_bytes": 0,
          "swap_used_bytes": 0
        },
        {
          "errors": [],
          "finished_monotonic_ns": 3193064890173,
          "finished_unix_ns": 1789463250339578463,
          "pid": 1953,
          "rss_bytes": 1536323584,
          "rss_limit_bytes": 20195630284,
          "started_monotonic_ns": 3193059822134,
          "started_unix_ns": 1789463250334510408,
          "swap_delta_bytes": 0,
          "swap_used_bytes": 0
        },
        {
          "errors": [],
          "finished_monotonic_ns": 3193563965608,
          "finished_unix_ns": 1789463250838653990,
          "pid": 1953,
          "rss_bytes": 1536323584,
          "rss_limit_bytes": 20195630284,
          "started_monotonic_ns": 3193558775545,
          "started_unix_ns": 1789463250833463859,
          "swap_delta_bytes": 0,
          "swap_used_bytes": 0
        },
        {
          "errors": [],
          "finished_monotonic_ns": 3193727844559,
          "finished_unix_ns": 1789463251002532975,
          "pid": 1953,
          "rss_bytes": 1536323584,
          "rss_limit_bytes": 20195630284,
          "started_monotonic_ns": 3193722978423,
          "started_unix_ns": 1789463250997666904,
          "swap_delta_bytes": 0,
          "swap_used_bytes": 0
        },
        {
          "errors": [],
          "finished_monotonic_ns": 3194841860632,
          "finished_unix_ns": 1789463252116549065,
          "pid": 1953,
          "rss_bytes": 1536323584,
          "rss_limit_bytes": 20195630284,
          "started_monotonic_ns": 3194836860669,
          "started_unix_ns": 1789463252111549027,
          "swap_delta_bytes": 0,
          "swap_used_bytes": 0
        },
        {
          "errors": [],
          "finished_monotonic_ns": 3195284996987,
          "finished_unix_ns": 1789463252559685252,
          "pid": 1953,
          "rss_bytes": 1536323584,
          "rss_limit_bytes": 20195630284,
          "started_monotonic_ns": 3195280141121,
          "started_unix_ns": 1789463252554829422,
          "swap_delta_bytes": 0,
          "swap_used_bytes": 0
        },
        {
          "errors": [],
          "finished_monotonic_ns": 3196446447820,
          "finished_unix_ns": 1789463253721136139,
          "pid": 1953,
          "rss_bytes": 1536323584,
          "rss_limit_bytes": 20195630284,
          "started_monotonic_ns": 3196441490282,
          "started_unix_ns": 1789463253716178629,
          "swap_delta_bytes": 0,
          "swap_used_bytes": 0
        },
        {
          "errors": [],
          "finished_monotonic_ns": 3197611145491,
          "finished_unix_ns": 1789463254885833755,
          "pid": 1953,
          "rss_bytes": 1536323584,
          "rss_limit_bytes": 20195630284,
          "started_monotonic_ns": 3197606100886,
          "started_unix_ns": 1789463254880788928,
          "swap_delta_bytes": 0,
          "swap_used_bytes": 0
        },
        {
          "errors": [],
          "finished_monotonic_ns": 3198779475492,
          "finished_unix_ns": 1789463256054163868,
          "pid": 1953,
          "rss_bytes": 1536323584,
          "rss_limit_bytes": 20195630284,
          "started_monotonic_ns": 3198774491703,
          "started_unix_ns": 1789463256049180089,
          "swap_delta_bytes": 0,
          "swap_used_bytes": 0
        },
        {
          "errors": [],
          "finished_monotonic_ns": 3199287747893,
          "finished_unix_ns": 1789463256562436160,
          "pid": 1953,
          "rss_bytes": 1536323584,
          "rss_limit_bytes": 20195630284,
          "started_monotonic_ns": 3199280224199,
          "started_unix_ns": 1789463256554912244,
          "swap_delta_bytes": 0,
          "swap_used_bytes": 0
        },
        {
          "errors": [],
          "finished_monotonic_ns": 3199449636780,
          "finished_unix_ns": 1789463256724325180,
          "pid": 1953,
          "rss_bytes": 1536323584,
          "rss_limit_bytes": 20195630284,
          "started_monotonic_ns": 3199444874701,
          "started_unix_ns": 1789463256719563178,
          "swap_delta_bytes": 0,
          "swap_used_bytes": 0
        },
        {
          "errors": [],
          "finished_monotonic_ns": 3200576628648,
          "finished_unix_ns": 1789463257851316779,
          "pid": 1953,
          "rss_bytes": 1537368064,
          "rss_limit_bytes": 20195630284,
          "started_monotonic_ns": 3200571707357,
          "started_unix_ns": 1789463257846395736,
          "swap_delta_bytes": 0,
          "swap_used_bytes": 0
        },
        {
          "errors": [],
          "finished_monotonic_ns": 3201021255355,
          "finished_unix_ns": 1789463258295943701,
          "pid": 1953,
          "rss_bytes": 1537368064,
          "rss_limit_bytes": 20195630284,
          "started_monotonic_ns": 3201016598604,
          "started_unix_ns": 1789463258291286928,
          "swap_delta_bytes": 0,
          "swap_used_bytes": 0
        },
        {
          "errors": [],
          "finished_monotonic_ns": 3202187722111,
          "finished_unix_ns": 1789463259462410276,
          "pid": 1953,
          "rss_bytes": 1537368064,
          "rss_limit_bytes": 20195630284,
          "started_monotonic_ns": 3202182525205,
          "started_unix_ns": 1789463259457213614,
          "swap_delta_bytes": 0,
          "swap_used_bytes": 0
        },
        {
          "errors": [],
          "finished_monotonic_ns": 3203354654281,
          "finished_unix_ns": 1789463260629342599,
          "pid": 1953,
          "rss_bytes": 1537368064,
          "rss_limit_bytes": 20195630284,
          "started_monotonic_ns": 3203349412009,
          "started_unix_ns": 1789463260624100308,
          "swap_delta_bytes": 0,
          "swap_used_bytes": 0
        },
        {
          "errors": [],
          "finished_monotonic_ns": 3204525859248,
          "finished_unix_ns": 1789463261800547239,
          "pid": 1953,
          "rss_bytes": 1537368064,
          "rss_limit_bytes": 20195630284,
          "started_monotonic_ns": 3204520868904,
          "started_unix_ns": 1789463261795557182,
          "swap_delta_bytes": 0,
          "swap_used_bytes": 0
        },
        {
          "errors": [],
          "finished_monotonic_ns": 3205021932695,
          "finished_unix_ns": 1789463262296621086,
          "pid": 1953,
          "rss_bytes": 1537368064,
          "rss_limit_bytes": 20195630284,
          "started_monotonic_ns": 3205016878057,
          "started_unix_ns": 1789463262291566390,
          "swap_delta_bytes": 0,
          "swap_used_bytes": 0
        },
        {
          "errors": [],
          "finished_monotonic_ns": 3205189898415,
          "finished_unix_ns": 1789463262464586787,
          "pid": 1953,
          "rss_bytes": 1537368064,
          "rss_limit_bytes": 20195630284,
          "started_monotonic_ns": 3205184935561,
          "started_unix_ns": 1789463262459623850,
          "swap_delta_bytes": 0,
          "swap_used_bytes": 0
        },
        {
          "errors": [],
          "finished_monotonic_ns": 3206327672380,
          "finished_unix_ns": 1789463263602360682,
          "pid": 1953,
          "rss_bytes": 1537372160,
          "rss_limit_bytes": 20195630284,
          "started_monotonic_ns": 3206322748322,
          "started_unix_ns": 1789463263597436677,
          "swap_delta_bytes": 0,
          "swap_used_bytes": 0
        },
        {
          "errors": [],
          "finished_monotonic_ns": 3206779736130,
          "finished_unix_ns": 1789463264054424477,
          "pid": 1953,
          "rss_bytes": 1537372160,
          "rss_limit_bytes": 20195630284,
          "started_monotonic_ns": 3206774924041,
          "started_unix_ns": 1789463264049612362,
          "swap_delta_bytes": 0,
          "swap_used_bytes": 0
        },
        {
          "errors": [],
          "finished_monotonic_ns": 3207951140430,
          "finished_unix_ns": 1789463265225828674,
          "pid": 1953,
          "rss_bytes": 1537372160,
          "rss_limit_bytes": 20195630284,
          "started_monotonic_ns": 3207945772619,
          "started_unix_ns": 1789463265220460915,
          "swap_delta_bytes": 0,
          "swap_used_bytes": 0
        },
        {
          "errors": [],
          "finished_monotonic_ns": 3209120166353,
          "finished_unix_ns": 1789463266394854704,
          "pid": 1953,
          "rss_bytes": 1537372160,
          "rss_limit_bytes": 20195630284,
          "started_monotonic_ns": 3209114909486,
          "started_unix_ns": 1789463266389597460,
          "swap_delta_bytes": 0,
          "swap_used_bytes": 0
        },
        {
          "errors": [],
          "finished_monotonic_ns": 3210292811723,
          "finished_unix_ns": 1789463267567499942,
          "pid": 1953,
          "rss_bytes": 1537372160,
          "rss_limit_bytes": 20195630284,
          "started_monotonic_ns": 3210287688419,
          "started_unix_ns": 1789463267562376744,
          "swap_delta_bytes": 0,
          "swap_used_bytes": 0
        },
        {
          "errors": [],
          "finished_monotonic_ns": 3210779871627,
          "finished_unix_ns": 1789463268054559936,
          "pid": 1953,
          "rss_bytes": 1537372160,
          "rss_limit_bytes": 20195630284,
          "started_monotonic_ns": 3210775046586,
          "started_unix_ns": 1789463268049734986,
          "swap_delta_bytes": 0,
          "swap_used_bytes": 0
        },
        {
          "errors": [],
          "finished_monotonic_ns": 3211236043339,
          "finished_unix_ns": 1789463268510731664,
          "pid": 1953,
          "rss_bytes": 1537372160,
          "rss_limit_bytes": 20195630284,
          "started_monotonic_ns": 3211231220743,
          "started_unix_ns": 1789463268505909145,
          "swap_delta_bytes": 0,
          "swap_used_bytes": 0
        },
        {
          "errors": [],
          "finished_monotonic_ns": 3211676163100,
          "finished_unix_ns": 1789463268950851503,
          "pid": 1953,
          "rss_bytes": 1537372160,
          "rss_limit_bytes": 20195630284,
          "started_monotonic_ns": 3211671452572,
          "started_unix_ns": 1789463268946140955,
          "swap_delta_bytes": 0,
          "swap_used_bytes": 0
        },
        {
          "errors": [],
          "finished_monotonic_ns": 3212848381480,
          "finished_unix_ns": 1789463270123069782,
          "pid": 1953,
          "rss_bytes": 1537372160,
          "rss_limit_bytes": 20195630284,
          "started_monotonic_ns": 3212843265686,
          "started_unix_ns": 1789463270117954050,
          "swap_delta_bytes": 0,
          "swap_used_bytes": 0
        },
        {
          "errors": [],
          "finished_monotonic_ns": 3214019854530,
          "finished_unix_ns": 1789463271294542564,
          "pid": 1953,
          "rss_bytes": 1537372160,
          "rss_limit_bytes": 20195630284,
          "started_monotonic_ns": 3214014875626,
          "started_unix_ns": 1789463271289563957,
          "swap_delta_bytes": 0,
          "swap_used_bytes": 0
        },
        {
          "errors": [],
          "finished_monotonic_ns": 3215197725879,
          "finished_unix_ns": 1789463272472414183,
          "pid": 1953,
          "rss_bytes": 1537372160,
          "rss_limit_bytes": 20195630284,
          "started_monotonic_ns": 3215192684461,
          "started_unix_ns": 1789463272467372784,
          "swap_delta_bytes": 0,
          "swap_used_bytes": 0
        },
        {
          "errors": [],
          "finished_monotonic_ns": 3216373755920,
          "finished_unix_ns": 1789463273648444105,
          "pid": 1953,
          "rss_bytes": 1537372160,
          "rss_limit_bytes": 20195630284,
          "started_monotonic_ns": 3216368528551,
          "started_unix_ns": 1789463273643216960,
          "swap_delta_bytes": 0,
          "swap_used_bytes": 0
        },
        {
          "errors": [],
          "finished_monotonic_ns": 3216676572730,
          "finished_unix_ns": 1789463273951261023,
          "pid": 1953,
          "rss_bytes": 1537372160,
          "rss_limit_bytes": 20195630284,
          "started_monotonic_ns": 3216671688695,
          "started_unix_ns": 1789463273946376590,
          "swap_delta_bytes": 0,
          "swap_used_bytes": 0
        },
        {
          "errors": [],
          "finished_monotonic_ns": 3217134042329,
          "finished_unix_ns": 1789463274408730665,
          "pid": 1953,
          "rss_bytes": 1537372160,
          "rss_limit_bytes": 20195630284,
          "started_monotonic_ns": 3217129287097,
          "started_unix_ns": 1789463274403975231,
          "swap_delta_bytes": 0,
          "swap_used_bytes": 0
        },
        {
          "errors": [],
          "finished_monotonic_ns": 3218323473853,
          "finished_unix_ns": 1789463275598162202,
          "pid": 1953,
          "rss_bytes": 1537372160,
          "rss_limit_bytes": 20195630284,
          "started_monotonic_ns": 3218318402568,
          "started_unix_ns": 1789463275593090975,
          "swap_delta_bytes": 0,
          "swap_used_bytes": 0
        },
        {
          "errors": [],
          "finished_monotonic_ns": 3219497459503,
          "finished_unix_ns": 1789463276772147846,
          "pid": 1953,
          "rss_bytes": 1537372160,
          "rss_limit_bytes": 20195630284,
          "started_monotonic_ns": 3219492560601,
          "started_unix_ns": 1789463276767248984,
          "swap_delta_bytes": 0,
          "swap_used_bytes": 0
        },
        {
          "errors": [],
          "finished_monotonic_ns": 3220671643549,
          "finished_unix_ns": 1789463277946331883,
          "pid": 1953,
          "rss_bytes": 1537372160,
          "rss_limit_bytes": 20195630284,
          "started_monotonic_ns": 3220666706249,
          "started_unix_ns": 1789463277941394577,
          "swap_delta_bytes": 0,
          "swap_used_bytes": 0
        },
        {
          "errors": [],
          "finished_monotonic_ns": 3221839905998,
          "finished_unix_ns": 1789463279114594218,
          "pid": 1953,
          "rss_bytes": 1537372160,
          "rss_limit_bytes": 20195630284,
          "started_monotonic_ns": 3221834809629,
          "started_unix_ns": 1789463279109497612,
          "swap_delta_bytes": 0,
          "swap_used_bytes": 0
        },
        {
          "errors": [],
          "finished_monotonic_ns": 3222134208852,
          "finished_unix_ns": 1789463279408897267,
          "pid": 1953,
          "rss_bytes": 1537372160,
          "rss_limit_bytes": 20195630284,
          "started_monotonic_ns": 3222129469410,
          "started_unix_ns": 1789463279404157794,
          "swap_delta_bytes": 0,
          "swap_used_bytes": 0
        },
        {
          "errors": [],
          "finished_monotonic_ns": 3222581015806,
          "finished_unix_ns": 1789463279855704139,
          "pid": 1953,
          "rss_bytes": 1537372160,
          "rss_limit_bytes": 20195630284,
          "started_monotonic_ns": 3222576321567,
          "started_unix_ns": 1789463279851009937,
          "swap_delta_bytes": 0,
          "swap_used_bytes": 0
        },
        {
          "errors": [],
          "finished_monotonic_ns": 3223021491483,
          "finished_unix_ns": 1789463280296179906,
          "pid": 1953,
          "rss_bytes": 1537372160,
          "rss_limit_bytes": 20195630284,
          "started_monotonic_ns": 3223016806055,
          "started_unix_ns": 1789463280291494466,
          "swap_delta_bytes": 0,
          "swap_used_bytes": 0
        },
        {
          "errors": [],
          "finished_monotonic_ns": 3223190849296,
          "finished_unix_ns": 1789463280465537663,
          "pid": 1953,
          "rss_bytes": 1537372160,
          "rss_limit_bytes": 20195630284,
          "started_monotonic_ns": 3223186295800,
          "started_unix_ns": 1789463280460984213,
          "swap_delta_bytes": 0,
          "swap_used_bytes": 0
        },
        {
          "errors": [],
          "finished_monotonic_ns": 3224444224363,
          "finished_unix_ns": 1789463281718912652,
          "pid": 1953,
          "rss_bytes": 1537372160,
          "rss_limit_bytes": 20195630284,
          "started_monotonic_ns": 3224439327403,
          "started_unix_ns": 1789463281714015865,
          "swap_delta_bytes": 0,
          "swap_used_bytes": 0
        },
        {
          "errors": [],
          "finished_monotonic_ns": 3224886101646,
          "finished_unix_ns": 1789463282160789886,
          "pid": 1953,
          "rss_bytes": 1537372160,
          "rss_limit_bytes": 20195630284,
          "started_monotonic_ns": 3224881309843,
          "started_unix_ns": 1789463282155998208,
          "swap_delta_bytes": 0,
          "swap_used_bytes": 0
        },
        {
          "errors": [],
          "finished_monotonic_ns": 3226053829355,
          "finished_unix_ns": 1789463283328517734,
          "pid": 1953,
          "rss_bytes": 1537372160,
          "rss_limit_bytes": 20195630284,
          "started_monotonic_ns": 3226048831095,
          "started_unix_ns": 1789463283323519420,
          "swap_delta_bytes": 0,
          "swap_used_bytes": 0
        },
        {
          "errors": [],
          "finished_monotonic_ns": 3227224862330,
          "finished_unix_ns": 1789463284499550641,
          "pid": 1953,
          "rss_bytes": 1537372160,
          "rss_limit_bytes": 20195630284,
          "started_monotonic_ns": 3227217930350,
          "started_unix_ns": 1789463284492618660,
          "swap_delta_bytes": 0,
          "swap_used_bytes": 0
        },
        {
          "errors": [],
          "finished_monotonic_ns": 3228403148961,
          "finished_unix_ns": 1789463285677837287,
          "pid": 1953,
          "rss_bytes": 1537372160,
          "rss_limit_bytes": 20195630284,
          "started_monotonic_ns": 3228398338052,
          "started_unix_ns": 1789463285673026446,
          "swap_delta_bytes": 0,
          "swap_used_bytes": 0
        },
        {
          "errors": [],
          "finished_monotonic_ns": 3228886568865,
          "finished_unix_ns": 1789463286161257290,
          "pid": 1953,
          "rss_bytes": 1537372160,
          "rss_limit_bytes": 20195630284,
          "started_monotonic_ns": 3228881521180,
          "started_unix_ns": 1789463286156209521,
          "swap_delta_bytes": 0,
          "swap_used_bytes": 0
        },
        {
          "errors": [],
          "finished_monotonic_ns": 3229060198335,
          "finished_unix_ns": 1789463286334886742,
          "pid": 1953,
          "rss_bytes": 1537372160,
          "rss_limit_bytes": 20195630284,
          "started_monotonic_ns": 3229055480271,
          "started_unix_ns": 1789463286330168747,
          "swap_delta_bytes": 0,
          "swap_used_bytes": 0
        },
        {
          "errors": [],
          "finished_monotonic_ns": 3230332536828,
          "finished_unix_ns": 1789463287607225159,
          "pid": 1953,
          "rss_bytes": 1538416640,
          "rss_limit_bytes": 20195630284,
          "started_monotonic_ns": 3230327341682,
          "started_unix_ns": 1789463287602029690,
          "swap_delta_bytes": 0,
          "swap_used_bytes": 0
        },
        {
          "errors": [],
          "finished_monotonic_ns": 3230780261657,
          "finished_unix_ns": 1789463288054949971,
          "pid": 1953,
          "rss_bytes": 1538416640,
          "rss_limit_bytes": 20195630284,
          "started_monotonic_ns": 3230775508789,
          "started_unix_ns": 1789463288050197093,
          "swap_delta_bytes": 0,
          "swap_used_bytes": 0
        },
        {
          "errors": [],
          "finished_monotonic_ns": 3231955379527,
          "finished_unix_ns": 1789463289230067688,
          "pid": 1953,
          "rss_bytes": 1538416640,
          "rss_limit_bytes": 20195630284,
          "started_monotonic_ns": 3231950276156,
          "started_unix_ns": 1789463289224964605,
          "swap_delta_bytes": 0,
          "swap_used_bytes": 0
        },
        {
          "errors": [],
          "finished_monotonic_ns": 3233126749858,
          "finished_unix_ns": 1789463290401438220,
          "pid": 1953,
          "rss_bytes": 1538416640,
          "rss_limit_bytes": 20195630284,
          "started_monotonic_ns": 3233121794987,
          "started_unix_ns": 1789463290396483308,
          "swap_delta_bytes": 0,
          "swap_used_bytes": 0
        },
        {
          "errors": [],
          "finished_monotonic_ns": 3234303179210,
          "finished_unix_ns": 1789463291577867540,
          "pid": 1953,
          "rss_bytes": 1538416640,
          "rss_limit_bytes": 20195630284,
          "started_monotonic_ns": 3234297869936,
          "started_unix_ns": 1789463291572558257,
          "swap_delta_bytes": 0,
          "swap_used_bytes": 0
        },
        {
          "errors": [],
          "finished_monotonic_ns": 3234780561539,
          "finished_unix_ns": 1789463292055249808,
          "pid": 1953,
          "rss_bytes": 1538416640,
          "rss_limit_bytes": 20195630284,
          "started_monotonic_ns": 3234775651402,
          "started_unix_ns": 1789463292050339722,
          "swap_delta_bytes": 0,
          "swap_used_bytes": 0
        },
        {
          "errors": [],
          "finished_monotonic_ns": 3234952512052,
          "finished_unix_ns": 1789463292227200304,
          "pid": 1953,
          "rss_bytes": 1538416640,
          "rss_limit_bytes": 20195630284,
          "started_monotonic_ns": 3234947768076,
          "started_unix_ns": 1789463292222456397,
          "swap_delta_bytes": 0,
          "swap_used_bytes": 0
        },
        {
          "errors": [],
          "finished_monotonic_ns": 3236233222078,
          "finished_unix_ns": 1789463293507910421,
          "pid": 1953,
          "rss_bytes": 1539465216,
          "rss_limit_bytes": 20195630284,
          "started_monotonic_ns": 3236228335640,
          "started_unix_ns": 1789463293503024032,
          "swap_delta_bytes": 0,
          "swap_used_bytes": 0
        },
        {
          "errors": [],
          "finished_monotonic_ns": 3236699042190,
          "finished_unix_ns": 1789463293973730598,
          "pid": 1953,
          "rss_bytes": 1539465216,
          "rss_limit_bytes": 20195630284,
          "started_monotonic_ns": 3236694182121,
          "started_unix_ns": 1789463293968870445,
          "swap_delta_bytes": 0,
          "swap_used_bytes": 0
        },
        {
          "errors": [],
          "finished_monotonic_ns": 3237876206510,
          "finished_unix_ns": 1789463295150894454,
          "pid": 1953,
          "rss_bytes": 1539465216,
          "rss_limit_bytes": 20195630284,
          "started_monotonic_ns": 3237871166764,
          "started_unix_ns": 1789463295145855084,
          "swap_delta_bytes": 0,
          "swap_used_bytes": 0
        },
        {
          "errors": [],
          "finished_monotonic_ns": 3239060030022,
          "finished_unix_ns": 1789463296334718277,
          "pid": 1953,
          "rss_bytes": 1539465216,
          "rss_limit_bytes": 20195630284,
          "started_monotonic_ns": 3239054952241,
          "started_unix_ns": 1789463296329640579,
          "swap_delta_bytes": 0,
          "swap_used_bytes": 0
        },
        {
          "errors": [],
          "finished_monotonic_ns": 3240242474179,
          "finished_unix_ns": 1789463297517162424,
          "pid": 1953,
          "rss_bytes": 1539465216,
          "rss_limit_bytes": 20195630284,
          "started_monotonic_ns": 3240237580179,
          "started_unix_ns": 1789463297512268611,
          "swap_delta_bytes": 0,
          "swap_used_bytes": 0
        },
        {
          "errors": [],
          "finished_monotonic_ns": 3240699085824,
          "finished_unix_ns": 1789463297973774082,
          "pid": 1953,
          "rss_bytes": 1539465216,
          "rss_limit_bytes": 20195630284,
          "started_monotonic_ns": 3240694321837,
          "started_unix_ns": 1789463297969010154,
          "swap_delta_bytes": 0,
          "swap_used_bytes": 0
        },
        {
          "errors": [],
          "finished_monotonic_ns": 3240880035398,
          "finished_unix_ns": 1789463298154723691,
          "pid": 1953,
          "rss_bytes": 1539465216,
          "rss_limit_bytes": 20195630284,
          "started_monotonic_ns": 3240875366501,
          "started_unix_ns": 1789463298150054861,
          "swap_delta_bytes": 0,
          "swap_used_bytes": 0
        },
        {
          "errors": [],
          "finished_monotonic_ns": 3242163479703,
          "finished_unix_ns": 1789463299438168074,
          "pid": 1953,
          "rss_bytes": 1540513792,
          "rss_limit_bytes": 20195630284,
          "started_monotonic_ns": 3242158522292,
          "started_unix_ns": 1789463299433210648,
          "swap_delta_bytes": 0,
          "swap_used_bytes": 0
        },
        {
          "errors": [],
          "finished_monotonic_ns": 3242633687872,
          "finished_unix_ns": 1789463299908376251,
          "pid": 1953,
          "rss_bytes": 1540513792,
          "rss_limit_bytes": 20195630284,
          "started_monotonic_ns": 3242628749521,
          "started_unix_ns": 1789463299903437837,
          "swap_delta_bytes": 0,
          "swap_used_bytes": 0
        },
        {
          "errors": [],
          "finished_monotonic_ns": 3243812812740,
          "finished_unix_ns": 1789463301087501120,
          "pid": 1953,
          "rss_bytes": 1540513792,
          "rss_limit_bytes": 20195630284,
          "started_monotonic_ns": 3243807738969,
          "started_unix_ns": 1789463301082427295,
          "swap_delta_bytes": 0,
          "swap_used_bytes": 0
        },
        {
          "errors": [],
          "finished_monotonic_ns": 3244997738968,
          "finished_unix_ns": 1789463302272427312,
          "pid": 1953,
          "rss_bytes": 1540513792,
          "rss_limit_bytes": 20195630284,
          "started_monotonic_ns": 3244992686846,
          "started_unix_ns": 1789463302267375156,
          "swap_delta_bytes": 0,
          "swap_used_bytes": 0
        },
        {
          "errors": [],
          "finished_monotonic_ns": 3246185877072,
          "finished_unix_ns": 1789463303460565338,
          "pid": 1953,
          "rss_bytes": 1540513792,
          "rss_limit_bytes": 20195630284,
          "started_monotonic_ns": 3246180204615,
          "started_unix_ns": 1789463303454892968,
          "swap_delta_bytes": 0,
          "swap_used_bytes": 0
        },
        {
          "errors": [],
          "finished_monotonic_ns": 3246634196557,
          "finished_unix_ns": 1789463303908884663,
          "pid": 1953,
          "rss_bytes": 1540513792,
          "rss_limit_bytes": 20195630284,
          "started_monotonic_ns": 3246628992741,
          "started_unix_ns": 1789463303903681038,
          "swap_delta_bytes": 0,
          "swap_used_bytes": 0
        },
        {
          "errors": [],
          "finished_monotonic_ns": 3246816027582,
          "finished_unix_ns": 1789463304090715901,
          "pid": 1953,
          "rss_bytes": 1540513792,
          "rss_limit_bytes": 20195630284,
          "started_monotonic_ns": 3246810921684,
          "started_unix_ns": 1789463304085610027,
          "swap_delta_bytes": 0,
          "swap_used_bytes": 0
        },
        {
          "errors": [],
          "finished_monotonic_ns": 3247981538863,
          "finished_unix_ns": 1789463305256227210,
          "pid": 1953,
          "rss_bytes": 1540517888,
          "rss_limit_bytes": 20195630284,
          "started_monotonic_ns": 3247975762115,
          "started_unix_ns": 1789463305250450439,
          "swap_delta_bytes": 0,
          "swap_used_bytes": 0
        },
        {
          "errors": [],
          "finished_monotonic_ns": 3248477477943,
          "finished_unix_ns": 1789463305752166294,
          "pid": 1953,
          "rss_bytes": 1540517888,
          "rss_limit_bytes": 20195630284,
          "started_monotonic_ns": 3248472551327,
          "started_unix_ns": 1789463305747239582,
          "swap_delta_bytes": 0,
          "swap_used_bytes": 0
        },
        {
          "errors": [],
          "finished_monotonic_ns": 3249659793723,
          "finished_unix_ns": 1789463306934481947,
          "pid": 1953,
          "rss_bytes": 1540517888,
          "rss_limit_bytes": 20195630284,
          "started_monotonic_ns": 3249654682473,
          "started_unix_ns": 1789463306929370891,
          "swap_delta_bytes": 0,
          "swap_used_bytes": 0
        },
        {
          "errors": [],
          "finished_monotonic_ns": 3250842399907,
          "finished_unix_ns": 1789463308117088331,
          "pid": 1953,
          "rss_bytes": 1540517888,
          "rss_limit_bytes": 20195630284,
          "started_monotonic_ns": 3250837305597,
          "started_unix_ns": 1789463308111993898,
          "swap_delta_bytes": 0,
          "swap_used_bytes": 0
        },
        {
          "errors": [],
          "finished_monotonic_ns": 3252020139585,
          "finished_unix_ns": 1789463309294827770,
          "pid": 1953,
          "rss_bytes": 1540517888,
          "rss_limit_bytes": 20195630284,
          "started_monotonic_ns": 3252015082639,
          "started_unix_ns": 1789463309289770613,
          "swap_delta_bytes": 0,
          "swap_used_bytes": 0
        },
        {
          "errors": [],
          "finished_monotonic_ns": 3252477616793,
          "finished_unix_ns": 1789463309752305203,
          "pid": 1953,
          "rss_bytes": 1540517888,
          "rss_limit_bytes": 20195630284,
          "started_monotonic_ns": 3252472623993,
          "started_unix_ns": 1789463309747312410,
          "swap_delta_bytes": 0,
          "swap_used_bytes": 0
        },
        {
          "errors": [],
          "finished_monotonic_ns": 3252653694092,
          "finished_unix_ns": 1789463309928382431,
          "pid": 1953,
          "rss_bytes": 1540517888,
          "rss_limit_bytes": 20195630284,
          "started_monotonic_ns": 3252648689120,
          "started_unix_ns": 1789463309923377471,
          "swap_delta_bytes": 0,
          "swap_used_bytes": 0
        },
        {
          "errors": [],
          "finished_monotonic_ns": 3253904853668,
          "finished_unix_ns": 1789463311179542077,
          "pid": 1953,
          "rss_bytes": 1540517888,
          "rss_limit_bytes": 20195630284,
          "started_monotonic_ns": 3253899881855,
          "started_unix_ns": 1789463311174570290,
          "swap_delta_bytes": 0,
          "swap_used_bytes": 0
        },
        {
          "errors": [],
          "finished_monotonic_ns": 3254372930580,
          "finished_unix_ns": 1789463311647618919,
          "pid": 1953,
          "rss_bytes": 1540517888,
          "rss_limit_bytes": 20195630284,
          "started_monotonic_ns": 3254368126621,
          "started_unix_ns": 1789463311642814917,
          "swap_delta_bytes": 0,
          "swap_used_bytes": 0
        },
        {
          "errors": [],
          "finished_monotonic_ns": 3255551225826,
          "finished_unix_ns": 1789463312825914219,
          "pid": 1953,
          "rss_bytes": 1540517888,
          "rss_limit_bytes": 20195630284,
          "started_monotonic_ns": 3255546271615,
          "started_unix_ns": 1789463312820960081,
          "swap_delta_bytes": 0,
          "swap_used_bytes": 0
        },
        {
          "errors": [],
          "finished_monotonic_ns": 3256730036967,
          "finished_unix_ns": 1789463314004725211,
          "pid": 1953,
          "rss_bytes": 1540517888,
          "rss_limit_bytes": 20195630284,
          "started_monotonic_ns": 3256724923968,
          "started_unix_ns": 1789463313999612269,
          "swap_delta_bytes": 0,
          "swap_used_bytes": 0
        },
        {
          "errors": [],
          "finished_monotonic_ns": 3257913643342,
          "finished_unix_ns": 1789463315188331590,
          "pid": 1953,
          "rss_bytes": 1540517888,
          "rss_limit_bytes": 20195630284,
          "started_monotonic_ns": 3257908720078,
          "started_unix_ns": 1789463315183408324,
          "swap_delta_bytes": 0,
          "swap_used_bytes": 0
        },
        {
          "errors": [],
          "finished_monotonic_ns": 3258373515651,
          "finished_unix_ns": 1789463315648203712,
          "pid": 1953,
          "rss_bytes": 1540517888,
          "rss_limit_bytes": 20195630284,
          "started_monotonic_ns": 3258368360695,
          "started_unix_ns": 1789463315643048910,
          "swap_delta_bytes": 0,
          "swap_used_bytes": 0
        },
        {
          "errors": [],
          "finished_monotonic_ns": 3258554825953,
          "finished_unix_ns": 1789463315829514260,
          "pid": 1953,
          "rss_bytes": 1540517888,
          "rss_limit_bytes": 20195630284,
          "started_monotonic_ns": 3258549889906,
          "started_unix_ns": 1789463315824578338,
          "swap_delta_bytes": 0,
          "swap_used_bytes": 0
        },
        {
          "errors": [],
          "finished_monotonic_ns": 3259831448571,
          "finished_unix_ns": 1789463317106136847,
          "pid": 1953,
          "rss_bytes": 1540517888,
          "rss_limit_bytes": 20195630284,
          "started_monotonic_ns": 3259826574485,
          "started_unix_ns": 1789463317101262852,
          "swap_delta_bytes": 0,
          "swap_used_bytes": 0
        },
        {
          "errors": [],
          "finished_monotonic_ns": 3260310422880,
          "finished_unix_ns": 1789463317585111126,
          "pid": 1953,
          "rss_bytes": 1540517888,
          "rss_limit_bytes": 20195630284,
          "started_monotonic_ns": 3260305602344,
          "started_unix_ns": 1789463317580290651,
          "swap_delta_bytes": 0,
          "swap_used_bytes": 0
        },
        {
          "errors": [],
          "finished_monotonic_ns": 3261497517828,
          "finished_unix_ns": 1789463318772206203,
          "pid": 1953,
          "rss_bytes": 1540517888,
          "rss_limit_bytes": 20195630284,
          "started_monotonic_ns": 3261492486396,
          "started_unix_ns": 1789463318767174752,
          "swap_delta_bytes": 0,
          "swap_used_bytes": 0
        },
        {
          "errors": [],
          "finished_monotonic_ns": 3262687933963,
          "finished_unix_ns": 1789463319962622323,
          "pid": 1953,
          "rss_bytes": 1540517888,
          "rss_limit_bytes": 20195630284,
          "started_monotonic_ns": 3262682876552,
          "started_unix_ns": 1789463319957564941,
          "swap_delta_bytes": 0,
          "swap_used_bytes": 0
        },
        {
          "errors": [],
          "finished_monotonic_ns": 3263875866070,
          "finished_unix_ns": 1789463321150554428,
          "pid": 1953,
          "rss_bytes": 1540517888,
          "rss_limit_bytes": 20195630284,
          "started_monotonic_ns": 3263870668363,
          "started_unix_ns": 1789463321145356783,
          "swap_delta_bytes": 0,
          "swap_used_bytes": 0
        },
        {
          "errors": [],
          "finished_monotonic_ns": 3264310775540,
          "finished_unix_ns": 1789463321585463860,
          "pid": 1953,
          "rss_bytes": 1540517888,
          "rss_limit_bytes": 20195630284,
          "started_monotonic_ns": 3264305745840,
          "started_unix_ns": 1789463321580434190,
          "swap_delta_bytes": 0,
          "swap_used_bytes": 0
        },
        {
          "errors": [],
          "finished_monotonic_ns": 3264495212721,
          "finished_unix_ns": 1789463321769901072,
          "pid": 1953,
          "rss_bytes": 1540517888,
          "rss_limit_bytes": 20195630284,
          "started_monotonic_ns": 3264490316183,
          "started_unix_ns": 1789463321765004516,
          "swap_delta_bytes": 0,
          "swap_used_bytes": 0
        },
        {
          "errors": [],
          "finished_monotonic_ns": 3265780902917,
          "finished_unix_ns": 1789463323055591293,
          "pid": 1953,
          "rss_bytes": 1540517888,
          "rss_limit_bytes": 20195630284,
          "started_monotonic_ns": 3265775792746,
          "started_unix_ns": 1789463323050481111,
          "swap_delta_bytes": 0,
          "swap_used_bytes": 0
        },
        {
          "errors": [],
          "finished_monotonic_ns": 3266259249021,
          "finished_unix_ns": 1789463323533937324,
          "pid": 1953,
          "rss_bytes": 1540517888,
          "rss_limit_bytes": 20195630284,
          "started_monotonic_ns": 3266254532312,
          "started_unix_ns": 1789463323529220670,
          "swap_delta_bytes": 0,
          "swap_used_bytes": 0
        },
        {
          "errors": [],
          "finished_monotonic_ns": 3267439484386,
          "finished_unix_ns": 1789463324714172770,
          "pid": 1953,
          "rss_bytes": 1540517888,
          "rss_limit_bytes": 20195630284,
          "started_monotonic_ns": 3267434616000,
          "started_unix_ns": 1789463324709304434,
          "swap_delta_bytes": 0,
          "swap_used_bytes": 0
        },
        {
          "errors": [],
          "finished_monotonic_ns": 3268621770234,
          "finished_unix_ns": 1789463325896458499,
          "pid": 1953,
          "rss_bytes": 1540517888,
          "rss_limit_bytes": 20195630284,
          "started_monotonic_ns": 3268616717039,
          "started_unix_ns": 1789463325891405252,
          "swap_delta_bytes": 0,
          "swap_used_bytes": 0
        },
        {
          "errors": [],
          "finished_monotonic_ns": 3269807207397,
          "finished_unix_ns": 1789463327081895756,
          "pid": 1953,
          "rss_bytes": 1540517888,
          "rss_limit_bytes": 20195630284,
          "started_monotonic_ns": 3269802150776,
          "started_unix_ns": 1789463327076839136,
          "swap_delta_bytes": 0,
          "swap_used_bytes": 0
        },
        {
          "errors": [],
          "finished_monotonic_ns": 3270259657334,
          "finished_unix_ns": 1789463327534345405,
          "pid": 1953,
          "rss_bytes": 1540517888,
          "rss_limit_bytes": 20195630284,
          "started_monotonic_ns": 3270254683912,
          "started_unix_ns": 1789463327529372170,
          "swap_delta_bytes": 0,
          "swap_used_bytes": 0
        },
        {
          "errors": [],
          "finished_monotonic_ns": 3270443256415,
          "finished_unix_ns": 1789463327717944837,
          "pid": 1953,
          "rss_bytes": 1540517888,
          "rss_limit_bytes": 20195630284,
          "started_monotonic_ns": 3270438318682,
          "started_unix_ns": 1789463327713007014,
          "swap_delta_bytes": 0,
          "swap_used_bytes": 0
        },
        {
          "errors": [],
          "finished_monotonic_ns": 3271714301296,
          "finished_unix_ns": 1789463328988989589,
          "pid": 1953,
          "rss_bytes": 1540517888,
          "rss_limit_bytes": 20195630284,
          "started_monotonic_ns": 3271709401402,
          "started_unix_ns": 1789463328984089754,
          "swap_delta_bytes": 0,
          "swap_used_bytes": 0
        },
        {
          "errors": [],
          "finished_monotonic_ns": 3272189037343,
          "finished_unix_ns": 1789463329463725757,
          "pid": 1953,
          "rss_bytes": 1540517888,
          "rss_limit_bytes": 20195630284,
          "started_monotonic_ns": 3272183818688,
          "started_unix_ns": 1789463329458507062,
          "swap_delta_bytes": 0,
          "swap_used_bytes": 0
        },
        {
          "errors": [],
          "finished_monotonic_ns": 3273368254958,
          "finished_unix_ns": 1789463330642943287,
          "pid": 1953,
          "rss_bytes": 1540517888,
          "rss_limit_bytes": 20195630284,
          "started_monotonic_ns": 3273363068980,
          "started_unix_ns": 1789463330637757312,
          "swap_delta_bytes": 0,
          "swap_used_bytes": 0
        },
        {
          "errors": [],
          "finished_monotonic_ns": 3274552281029,
          "finished_unix_ns": 1789463331826969384,
          "pid": 1953,
          "rss_bytes": 1540517888,
          "rss_limit_bytes": 20195630284,
          "started_monotonic_ns": 3274547377669,
          "started_unix_ns": 1789463331822066070,
          "swap_delta_bytes": 0,
          "swap_used_bytes": 0
        },
        {
          "errors": [],
          "finished_monotonic_ns": 3275737030453,
          "finished_unix_ns": 1789463333011718722,
          "pid": 1953,
          "rss_bytes": 1540517888,
          "rss_limit_bytes": 20195630284,
          "started_monotonic_ns": 3275731610775,
          "started_unix_ns": 1789463333006299064,
          "swap_delta_bytes": 0,
          "swap_used_bytes": 0
        },
        {
          "errors": [],
          "finished_monotonic_ns": 3276189073781,
          "finished_unix_ns": 1789463333463762056,
          "pid": 1953,
          "rss_bytes": 1540517888,
          "rss_limit_bytes": 20195630284,
          "started_monotonic_ns": 3276183950116,
          "started_unix_ns": 1789463333458638430,
          "swap_delta_bytes": 0,
          "swap_used_bytes": 0
        },
        {
          "errors": [],
          "finished_monotonic_ns": 3277373971838,
          "finished_unix_ns": 1789463334648660188,
          "pid": 1953,
          "rss_bytes": 1540517888,
          "rss_limit_bytes": 20195630284,
          "started_monotonic_ns": 3277369159740,
          "started_unix_ns": 1789463334643848022,
          "swap_delta_bytes": 0,
          "swap_used_bytes": 0
        },
        {
          "errors": [],
          "finished_monotonic_ns": 3278558962783,
          "finished_unix_ns": 1789463335833651173,
          "pid": 1953,
          "rss_bytes": 1540517888,
          "rss_limit_bytes": 20195630284,
          "started_monotonic_ns": 3278553861367,
          "started_unix_ns": 1789463335828549744,
          "swap_delta_bytes": 0,
          "swap_used_bytes": 0
        },
        {
          "errors": [],
          "finished_monotonic_ns": 3279746653852,
          "finished_unix_ns": 1789463337021342171,
          "pid": 1953,
          "rss_bytes": 1540517888,
          "rss_limit_bytes": 20195630284,
          "started_monotonic_ns": 3279741518237,
          "started_unix_ns": 1789463337016206605,
          "swap_delta_bytes": 0,
          "swap_used_bytes": 0
        },
        {
          "errors": [],
          "finished_monotonic_ns": 3280373894536,
          "finished_unix_ns": 1789463337648582932,
          "pid": 1953,
          "rss_bytes": 1540517888,
          "rss_limit_bytes": 20195630284,
          "started_monotonic_ns": 3280368878307,
          "started_unix_ns": 1789463337643566628,
          "swap_delta_bytes": 0,
          "swap_used_bytes": 0
        },
        {
          "errors": [],
          "finished_monotonic_ns": 3281560581054,
          "finished_unix_ns": 1789463338835269423,
          "pid": 1953,
          "rss_bytes": 1540517888,
          "rss_limit_bytes": 20195630284,
          "started_monotonic_ns": 3281555454173,
          "started_unix_ns": 1789463338830142498,
          "swap_delta_bytes": 0,
          "swap_used_bytes": 0
        },
        {
          "errors": [],
          "finished_monotonic_ns": 3282743703818,
          "finished_unix_ns": 1789463340018392032,
          "pid": 1953,
          "rss_bytes": 1540517888,
          "rss_limit_bytes": 20195630284,
          "started_monotonic_ns": 3282738674161,
          "started_unix_ns": 1789463340013362545,
          "swap_delta_bytes": 0,
          "swap_used_bytes": 0
        },
        {
          "errors": [],
          "finished_monotonic_ns": 3283929260281,
          "finished_unix_ns": 1789463341203948633,
          "pid": 1953,
          "rss_bytes": 1540517888,
          "rss_limit_bytes": 20195630284,
          "started_monotonic_ns": 3283923960184,
          "started_unix_ns": 1789463341198648522,
          "swap_delta_bytes": 0,
          "swap_used_bytes": 0
        },
        {
          "errors": [],
          "finished_monotonic_ns": 3284560286638,
          "finished_unix_ns": 1789463341834974996,
          "pid": 1953,
          "rss_bytes": 1540517888,
          "rss_limit_bytes": 20195630284,
          "started_monotonic_ns": 3284555194429,
          "started_unix_ns": 1789463341829882836,
          "swap_delta_bytes": 0,
          "swap_used_bytes": 0
        },
        {
          "errors": [],
          "finished_monotonic_ns": 3284745454823,
          "finished_unix_ns": 1789463342020143153,
          "pid": 1953,
          "rss_bytes": 1540517888,
          "rss_limit_bytes": 20195630284,
          "started_monotonic_ns": 3284740670193,
          "started_unix_ns": 1789463342015358520,
          "swap_delta_bytes": 0,
          "swap_used_bytes": 0
        },
        {
          "errors": [],
          "finished_monotonic_ns": 3286027621197,
          "finished_unix_ns": 1789463343302309473,
          "pid": 1953,
          "rss_bytes": 1540517888,
          "rss_limit_bytes": 20195630284,
          "started_monotonic_ns": 3286022573518,
          "started_unix_ns": 1789463343297261825,
          "swap_delta_bytes": 0,
          "swap_used_bytes": 0
        },
        {
          "errors": [],
          "finished_monotonic_ns": 3286508031975,
          "finished_unix_ns": 1789463343782720210,
          "pid": 1953,
          "rss_bytes": 1540517888,
          "rss_limit_bytes": 20195630284,
          "started_monotonic_ns": 3286503139271,
          "started_unix_ns": 1789463343777827609,
          "swap_delta_bytes": 0,
          "swap_used_bytes": 0
        },
        {
          "errors": [],
          "finished_monotonic_ns": 3287692373585,
          "finished_unix_ns": 1789463344967061754,
          "pid": 1953,
          "rss_bytes": 1540517888,
          "rss_limit_bytes": 20195630284,
          "started_monotonic_ns": 3287687492237,
          "started_unix_ns": 1789463344962180530,
          "swap_delta_bytes": 0,
          "swap_used_bytes": 0
        },
        {
          "errors": [],
          "finished_monotonic_ns": 3288881348453,
          "finished_unix_ns": 1789463346156036723,
          "pid": 1953,
          "rss_bytes": 1540517888,
          "rss_limit_bytes": 20195630284,
          "started_monotonic_ns": 3288876432690,
          "started_unix_ns": 1789463346151120885,
          "swap_delta_bytes": 0,
          "swap_used_bytes": 0
        },
        {
          "errors": [],
          "finished_monotonic_ns": 3290067735539,
          "finished_unix_ns": 1789463347342423530,
          "pid": 1953,
          "rss_bytes": 1540517888,
          "rss_limit_bytes": 20195630284,
          "started_monotonic_ns": 3290062503780,
          "started_unix_ns": 1789463347337192032,
          "swap_delta_bytes": 0,
          "swap_used_bytes": 0
        },
        {
          "errors": [],
          "finished_monotonic_ns": 3290508290636,
          "finished_unix_ns": 1789463347782978932,
          "pid": 1953,
          "rss_bytes": 1540517888,
          "rss_limit_bytes": 20195630284,
          "started_monotonic_ns": 3290503369659,
          "started_unix_ns": 1789463347778058043,
          "swap_delta_bytes": 0,
          "swap_used_bytes": 0
        }
      ],
      "worker_index": 2
    }
  ],
  "worker_timings": [
    {
      "closed_monotonic": 2647.745504866,
      "load_started_monotonic": 2414.240445267,
      "ready_monotonic": 2420.030582793,
      "worker_index": 0
    },
    {
      "closed_monotonic": 2967.032710412,
      "load_started_monotonic": 2718.798435767,
      "ready_monotonic": 2724.955915205,
      "worker_index": 1
    },
    {
      "closed_monotonic": 3292.502944674,
      "load_started_monotonic": 3038.308591424,
      "ready_monotonic": 3044.372154387,
      "worker_index": 2
    }
  ],
  "workers": [
    {
      "closed": true,
      "pid": 1066,
      "started": true,
      "worker_index": 0
    },
    {
      "closed": true,
      "pid": 1490,
      "started": true,
      "worker_index": 1
    },
    {
      "closed": true,
      "pid": 1953,
      "started": true,
      "worker_index": 2
    }
  ]
}
